#ifndef OUTPUT_H
#define OUTPUT_H

#include <stdint.h>

static const uint16_t wallpaper_width = 320;
static const uint16_t wallpaper_height = 240;
static const uint16_t wallpaper_pixels[76800] = {
    0x8357, 0x8357, 0x8377, 0x8377, 0x8377, 0x8377, 0x8377, 0x8377, 0x8377, 0x8377, 0x8377, 0x8377,
    0x8377, 0x8377, 0x8377, 0x8377, 0x8377, 0x8377, 0x8377, 0x8B77, 0x8B77, 0x8377, 0x8377, 0x8377,
    0x8377, 0x8377, 0x8377, 0x8377, 0x8377, 0x8377, 0x8377, 0x8377, 0x8B77, 0x8B77, 0x8B77, 0x8B77,
    0x8B77, 0x8B77, 0x8B77, 0x8B77, 0x8B77, 0x8B77, 0x8B77, 0x8B77, 0x8B77, 0x8B77, 0x8B77, 0x8B77,
    0x8B77, 0x8B77, 0x8B77, 0x8B76, 0x8B76, 0x8B96, 0x8B96, 0x8B96, 0x8B96, 0x8B76, 0x8B76, 0x8B96,
    0x8B96, 0xA3D7, 0x9BD7, 0x9BD6, 0x8B76, 0x9B96, 0xABD6, 0xABB6, 0xABB7, 0xABD7, 0xABD7, 0xABB7,
    0xABD7, 0xB3D6, 0xABD6, 0xABD6, 0xABB6, 0xB3B7, 0xBBD5, 0xC3F5, 0xE454, 0xEC74, 0xF474, 0xF493,
    0xF514, 0xFE35, 0xF554, 0xF4D4, 0xFD93, 0xFD94, 0xFD54, 0xFD54, 0xFD33, 0xF4D3, 0xFCD4, 0xF4F3,
    0xFD54, 0xFD73, 0xFD73, 0xFD73, 0xFD93, 0xFE33, 0xFE72, 0xFE13, 0xDC73, 0xE454, 0xEC54, 0xEC54,
    0xE434, 0xE434, 0xE434, 0xE434, 0xE434, 0xE434, 0xE454, 0xE454, 0xE454, 0xEC54, 0xEC54, 0xEC74,
    0xEC74, 0xEC74, 0xEC74, 0xEC74, 0xEC74, 0xEC74, 0xEC74, 0xEC74, 0xEC74, 0xEC54, 0xEC54, 0xEC74,
    0xEC74, 0xEC74, 0xEC74, 0xEC54, 0xEC74, 0xEC74, 0xEC74, 0xEC74, 0xEC74, 0xEC73, 0xEC74, 0xEC74,
    0xEC73, 0xECB3, 0xF4F3, 0xF4F2, 0xFCF2, 0xF4F2, 0xF4D2, 0xF4B2, 0xF4B2, 0xF493, 0xEC73, 0xF4B3,
    0xF4D2, 0xF4F2, 0xF4F1, 0xF4F1, 0xF4F2, 0xF4F2, 0xF4D3, 0xF4D2, 0xF4D2, 0xF4F3, 0xF4D2, 0xF4F2,
    0xF4F2, 0xF4F2, 0xF4F3, 0xF4F3, 0xF4F3, 0xF4F3, 0xF4D2, 0xF4D2, 0xF4F2, 0xF4F2, 0xF4F2, 0xF4F2,
    0xF4F2, 0xF4F2, 0xF4F2, 0xF4F2, 0xF4F2, 0xF4F1, 0xFD11, 0xFD31, 0xFD50, 0xFD50, 0xFD50, 0xFD50,
    0xFD50, 0xFD50, 0xFD50, 0xFD70, 0xFD70, 0xFD70, 0xFD70, 0xFD70, 0xFD70, 0xFD70, 0xFD70, 0xFD70,
    0xFD70, 0xFD70, 0xFD70, 0xFD50, 0xFD50, 0xFD71, 0xFD70, 0xFD71, 0xFD71, 0xFD70, 0xFD70, 0xFD70,
    0xFD70, 0xFD70, 0xFD70, 0xFD70, 0xFD70, 0xFD70, 0xFD70, 0xFD70, 0xFD70, 0xFD70, 0xFD70, 0xFD70,
    0xFD70, 0xFD50, 0xFD50, 0xFD50, 0xFD70, 0xFD70, 0xFD70, 0xFD70, 0xFD70, 0xFD70, 0xFD70, 0xFD70,
    0xFD70, 0xFD70, 0xFD70, 0xFD70, 0xFD70, 0xFD70, 0xFD70, 0xFD70, 0xFD70, 0xFD70, 0xFD70, 0xFD70,
    0xFD70, 0xFD70, 0xFD70, 0xFD70, 0xFD70, 0xFD70, 0xFD70, 0xFD70, 0xFD70, 0xFD70, 0xFD70, 0xFD70,
    0xFD70, 0xFD70, 0xFD70, 0xFD70, 0xFD70, 0xFD70, 0xFD70, 0xFD70, 0xFD70, 0xFD70, 0xFD70, 0xFD70,
    0xFD70, 0xFD70, 0xFD70, 0xFD70, 0xFD70, 0xFD70, 0xFD70, 0xFD70, 0xFD70, 0xFD70, 0xFD70, 0xFD50,
    0xFD50, 0xFD70, 0xFD70, 0xFD70, 0xFD70, 0xFD70, 0xFD50, 0xFD50, 0xFD50, 0xFD50, 0xFD50, 0xFD50,
    0xFD50, 0xFD50, 0xFD70, 0xFD70, 0xFD70, 0xFD70, 0xFD70, 0xFD70, 0xFD70, 0xFD70, 0xFD70, 0xFD70,
    0xFD70, 0xFD70, 0xFD70, 0xFD70, 0xFD70, 0xFD70, 0xFD70, 0xFD70, 0x8357, 0x8357, 0x8377, 0x8377,
    0x8377, 0x8377, 0x8377, 0x8377, 0x8377, 0x8377, 0x8377, 0x8377, 0x8377, 0x8377, 0x8377, 0x8377,
    0x8377, 0x8377, 0x8377, 0x8B77, 0x8B77, 0x8377, 0x8377, 0x8377, 0x8377, 0x8377, 0x8377, 0x8377,
    0x8377, 0x8377, 0x8377, 0x8377, 0x8B77, 0x8B77, 0x8B77, 0x8B77, 0x8B77, 0x8B77, 0x8B77, 0x8B77,
    0x8B77, 0x8B77, 0x8B77, 0x8B77, 0x8B77, 0x8B77, 0x8B77, 0x8B77, 0x8B77, 0x8B77, 0x8B77, 0x8B76,
    0x8B76, 0x8B76, 0x8B76, 0x8376, 0x8376, 0x8B76, 0x8B76, 0x8B76, 0x8B96, 0x8B77, 0x8B76, 0x8B96,
    0x8B76, 0x9B97, 0xABD7, 0xABB7, 0xABB7, 0xABD7, 0xABD7, 0xABB7, 0xABD7, 0xB3D6, 0xABD6, 0xABB7,
    0xB3B6, 0xB3B5, 0xCC35, 0xDC95, 0xE433, 0xEC54, 0xEC74, 0xF474, 0xF4B4, 0xF533, 0xF4F4, 0xF4F4,
    0xFD75, 0xFD54, 0xF4D3, 0xFD14, 0xFD14, 0xF4D3, 0xFCD4, 0xF4F3, 0xF513, 0xF553, 0xFD73, 0xFD73,
    0xF593, 0xFE33, 0xFE53, 0xFE33, 0xDC92, 0xE474, 0xEC54, 0xE454, 0xE434, 0xE434, 0xE434, 0xE434,
    0xE434, 0xE434, 0xE434, 0xE434, 0xE434, 0xEC54, 0xEC54, 0xEC74, 0xEC74, 0xEC74, 0xEC74, 0xEC74,
    0xEC74, 0xEC74, 0xEC74, 0xEC74, 0xEC74, 0xEC54, 0xEC54, 0xEC74, 0xEC74, 0xEC74, 0xEC74, 0xEC74,
    0xEC74, 0xEC74, 0xEC74, 0xEC74, 0xEC74, 0xEC74, 0xEC73, 0xEC73, 0xF4B3, 0xF4F3, 0xF4F2, 0xF4F2,
    0xF4D2, 0xF4B2, 0xF493, 0xF493, 0xF493, 0xF473, 0xF493, 0xF4D2, 0xF4F1, 0xF4F2, 0xF4F1, 0xF4F1,
    0xF4F2, 0xF4F2, 0xF4D3, 0xF4D2, 0xF4D2, 0xF4F2, 0xF4D2, 0xF4F2, 0xF4F2, 0xF4F2, 0xF4F3, 0xF4F3,
    0xF4F3, 0xF4F3, 0xF4F3, 0xF4F2, 0xF4F2, 0xF4F2, 0xF4F2, 0xF4F2, 0xF4F2, 0xF4F2, 0xF4F2, 0xF4F2,
    0xF4F1, 0xFD11, 0xFD31, 0xFD30, 0xFD50, 0xFD50, 0xFD50, 0xFD50, 0xFD50, 0xFD50, 0xFD50, 0xFD70,
    0xFD70, 0xFD70, 0xFD70, 0xFD70, 0xFD70, 0xFD70, 0xFD70, 0xFD70, 0xFD70, 0xFD70, 0xFD70, 0xFD70,
    0xFD70, 0xFD50, 0xFD70, 0xFD70, 0xFD70, 0xFD70, 0xFD71, 0xFD70, 0xFD70, 0xFD70, 0xFD70, 0xFD70,
    0xFD70, 0xFD70, 0xFD70, 0xFD70, 0xFD70, 0xFD70, 0xFD70, 0xFD70, 0xFD70, 0xFD50, 0xFD50, 0xFD50,
    0xFD70, 0xFD70, 0xFD70, 0xFD70, 0xFD70, 0xFD70, 0xFD70, 0xFD70, 0xFD70, 0xFD70, 0xFD70, 0xFD70,
    0xFD70, 0xFD70, 0xFD70, 0xFD70, 0xFD70, 0xFD70, 0xFD70, 0xFD70, 0xFD70, 0xFD70, 0xFD70, 0xFD70,
    0xFD70, 0xFD70, 0xFD70, 0xFD70, 0xFD70, 0xFD70, 0xFD70, 0xFD70, 0xFD70, 0xFD70, 0xFD70, 0xFD70,
    0xFD70, 0xFD70, 0xFD70, 0xFD70, 0xFD70, 0xFD70, 0xFD70, 0xFD70, 0xFD70, 0xFD70, 0xFD70, 0xFD70,
    0xFD70, 0xFD70, 0xFD70, 0xFD70, 0xFD70, 0xFD70, 0xFD70, 0xFD50, 0xFD50, 0xFD70, 0xFD70, 0xFD70,
    0xFD70, 0xFD70, 0xFD50, 0xFD50, 0xFD50, 0xFD50, 0xFD50, 0xFD50, 0xFD50, 0xFD50, 0xFD70, 0xFD70,
    0xFD70, 0xFD70, 0xFD70, 0xFD70, 0xFD70, 0xFD70, 0xFD70, 0xFD70, 0xFD70, 0xFD70, 0xFD70, 0xFD70,
    0xFD70, 0xFD70, 0xFD70, 0xFD70, 0x8357, 0x8357, 0x8377, 0x8377, 0x8377, 0x8377, 0x8377, 0x8377,
    0x8377, 0x8377, 0x8377, 0x8377, 0x8377, 0x8377, 0x8377, 0x8377, 0x8377, 0x8377, 0x8377, 0x8B77,
    0x8B77, 0x8377, 0x8377, 0x8377, 0x8377, 0x8377, 0x8377, 0x8377, 0x8377, 0x8377, 0x8377, 0x8377,
    0x8B77, 0x8B77, 0x8B77, 0x8B77, 0x8B77, 0x8B77, 0x8B76, 0x8B77, 0x8B77, 0x8B76, 0x8B76, 0x8B76,
    0x8B76, 0x8B77, 0x8B77, 0x8B77, 0x8B77, 0x8B76, 0x8B76, 0x8B76, 0x8376, 0x8B76, 0x8B76, 0x8B76,
    0x9B96, 0xA3B7, 0xA3B7, 0x9BB6, 0x93B6, 0x8B76, 0x8B76, 0x8376, 0x8B96, 0x9397, 0x9B97, 0xA397,
    0xABB7, 0xABD7, 0xABD7, 0xABB7, 0xABB6, 0xABB6, 0xABD6, 0xABB7, 0xBBD6, 0xDC54, 0xEC94, 0xF4D3,
    0xF4B3, 0xEC94, 0xEC53, 0xF473, 0xFC94, 0xF4B3, 0xFD34, 0xFD75, 0xF4D4, 0xF4B4, 0xF493, 0xF4B4,
    0xF4B4, 0xF493, 0xFCD4, 0xFD14, 0xFD33, 0xF553, 0xFD73, 0xFD73, 0xFD93, 0xFE34, 0xFE53, 0xF634,
    0xF574, 0xECD4, 0xE454, 0xEC54, 0xE434, 0xE434, 0xE434, 0xE434, 0xE434, 0xE434, 0xE434, 0xE434,
    0xE434, 0xEC54, 0xEC54, 0xEC74, 0xEC74, 0xEC74, 0xEC74, 0xEC74, 0xEC74, 0xEC74, 0xEC74, 0xEC74,
    0xEC74, 0xEC54, 0xEC54, 0xEC74, 0xEC74, 0xEC74, 0xEC74, 0xF474, 0xEC54, 0xEC74, 0xEC74, 0xEC74,
    0xEC74, 0xEC74, 0xEC93, 0xF4B3, 0xF4F2, 0xF4F2, 0xF4F2, 0xF4F2, 0xF4D2, 0xEC92, 0xF493, 0xF493,
    0xF493, 0xF492, 0xF4D2, 0xF4F2, 0xF4F1, 0xF4F1, 0xF4F2, 0xF4F1, 0xF4F2, 0xF4F2, 0xF4D2, 0xF4F2,
    0xF4F2, 0xF4F2, 0xF4F2, 0xF4F2, 0xF4F2, 0xF4F2, 0xF4F3, 0xF4F3, 0xF4F2, 0xF4F2, 0xF4F3, 0xF4F2,
    0xF4F2, 0xF4F2, 0xF4F2, 0xF4F2, 0xF4F2, 0xF4F2, 0xF4F2, 0xF4F2, 0xF4F1, 0xFD11, 0xFD31, 0xFD50,
    0xFD50, 0xFD70, 0xFD70, 0xFD50, 0xFD50, 0xFD50, 0xFD50, 0xFD70, 0xFD70, 0xFD70, 0xFD70, 0xFD70,
    0xFD70, 0xFD70, 0xFD70, 0xFD70, 0xFD70, 0xFD70, 0xFD70, 0xFD70, 0xFD70, 0xFD91, 0xFDF2, 0xFDF1,
    0xFDB1, 0xFD70, 0xFD71, 0xFD70, 0xFD70, 0xFD70, 0xFD70, 0xFD70, 0xFD70, 0xFD70, 0xFD70, 0xFD70,
    0xFD70, 0xFD70, 0xFD70, 0xFD70, 0xFD70, 0xFD50, 0xFD50, 0xFD50, 0xFD70, 0xFD70, 0xFD70, 0xFD70,
    0xFD70, 0xFD70, 0xFD70, 0xFD70, 0xFD70, 0xFD70, 0xFD70, 0xFD70, 0xFD70, 0xFD70, 0xFD70, 0xFD70,
    0xFD70, 0xFD70, 0xFD70, 0xFD70, 0xFD70, 0xFD70, 0xFD70, 0xFD70, 0xFD70, 0xFD70, 0xFD70, 0xFD70,
    0xFD70, 0xFD70, 0xFD70, 0xFD70, 0xFD70, 0xFD70, 0xFD70, 0xFD70, 0xFD70, 0xFD70, 0xFD70, 0xFD70,
    0xFD70, 0xFD70, 0xFD70, 0xFD70, 0xFD70, 0xFD70, 0xFD70, 0xFD70, 0xFD70, 0xFD70, 0xFD70, 0xFD70,
    0xFD70, 0xFD70, 0xFD70, 0xFD50, 0xFD50, 0xFD70, 0xFD70, 0xFD70, 0xFD70, 0xFD70, 0xFD50, 0xFD50,
    0xFD50, 0xFD50, 0xFD50, 0xFD50, 0xFD50, 0xFD50, 0xFD70, 0xFD70, 0xFD70, 0xFD70, 0xFD70, 0xFD70,
    0xFD70, 0xFD70, 0xFD70, 0xFD70, 0xFD70, 0xFD70, 0xFD70, 0xFD70, 0xFD70, 0xFD70, 0xFD70, 0xFD70,
    0x8356, 0x8356, 0x8356, 0x8356, 0x8B76, 0x8B77, 0x8B77, 0x8B77, 0x8B76, 0x8356, 0x8B76, 0x8B77,
    0x8B77, 0x8356, 0x8356, 0x8356, 0x8356, 0x8356, 0x8356, 0x8356, 0x8356, 0x8B76, 0x8B77, 0x8B77,
    0x8B77, 0x8B76, 0x8356, 0x8356, 0x8356, 0x8356, 0x8356, 0x8356, 0x8356, 0x8356, 0x8356, 0x8356,
    0x8356, 0x8356, 0x8376, 0x8376, 0x8B56, 0x8B76, 0x9396, 0x9396, 0x8B97, 0x8376, 0x8B77, 0x8B77,
    0x8B76, 0x8B56, 0x8B56, 0x8B56, 0x8B76, 0x8356, 0x9376, 0x9B96, 0xA3B6, 0xABD7, 0xABD7, 0xABD7,
    0xA3B7, 0x9BB6, 0x9396, 0x8B76, 0x8B76, 0x8B76, 0x8B96, 0x9BB7, 0xABB7, 0xABD7, 0xABD7, 0xABD7,
    0xABD6, 0xABB7, 0xABB6, 0xABB6, 0xC3F5, 0xEC94, 0xF493, 0xF4D3, 0xF4B4, 0xF493, 0xEC53, 0xF474,
    0xF473, 0xF4B3, 0xFD34, 0xFD54, 0xF474, 0xF474, 0xF494, 0xF474, 0xF493, 0xF493, 0xFCD4, 0xFD13,
    0xFD53, 0xFD53, 0xFD53, 0xFD53, 0xFD73, 0xFDF4, 0xFE33, 0xFE33, 0xFE34, 0xED34, 0xE454, 0xE454,
    0xE454, 0xE434, 0xE434, 0xE434, 0xE434, 0xE434, 0xE434, 0xE434, 0xE434, 0xEC54, 0xEC74, 0xEC74,
    0xEC74, 0xEC74, 0xEC74, 0xEC74, 0xEC74, 0xEC74, 0xEC74, 0xEC74, 0xEC74, 0xEC54, 0xEC54, 0xEC54,
    0xEC54, 0xEC54, 0xEC54, 0xEC54, 0xEC54, 0xEC74, 0xEC74, 0xEC74, 0xEC73, 0xEC73, 0xECB3, 0xF4F2,
    0xF4F2, 0xF4F2, 0xF4F2, 0xF4D2, 0xF4B2, 0xEC93, 0xF493, 0xF493, 0xF493, 0xF4B2, 0xF4F2, 0xF4F1,
    0xF4F2, 0xF512, 0xF4F2, 0xF4F2, 0xF4F2, 0xF4F2, 0xF4F2, 0xF4F2, 0xF4F2, 0xF4F2, 0xF4F2, 0xF4F2,
    0xF4F2, 0xF4F2, 0xF4F3, 0xF4F2, 0xF4F2, 0xF4F2, 0xF4F2, 0xF4F2, 0xF4F2, 0xF4F2, 0xF4F2, 0xF4F2,
    0xF4D2, 0xF4F1, 0xF511, 0xFD31, 0xFD31, 0xFD51, 0xFD51, 0xFD50, 0xFD50, 0xFD50, 0xFD50, 0xFD50,
    0xFD50, 0xFD50, 0xFD50, 0xFD70, 0xFD70, 0xFD70, 0xFD70, 0xFD70, 0xFD70, 0xFD70, 0xFD70, 0xFD70,
    0xFD70, 0xFD70, 0xFD70, 0xFD90, 0xFDD1, 0xFE12, 0xFE93, 0xFE73, 0xFE32, 0xFD70, 0xF570, 0xFD70,
    0xFD71, 0xFD71, 0xFD71, 0xFD70, 0xFD70, 0xFD71, 0xFD71, 0xFD70, 0xFD70, 0xFD71, 0xFD71, 0xFD70,
    0xFD70, 0xFD50, 0xFD50, 0xFD50, 0xFD70, 0xFD70, 0xFD70, 0xFD70, 0xFD71, 0xFD91, 0xFD91, 0xFD70,
    0xFD70, 0xFD70, 0xFD71, 0xFD71, 0xFD71, 0xFD71, 0xFD71, 0xFD71, 0xFD71, 0xFD71, 0xFD71, 0xFD71,
    0xFD71, 0xFD71, 0xFD71, 0xFD71, 0xFD71, 0xFD70, 0xFD70, 0xFD70, 0xFD70, 0xFD70, 0xFD71, 0xFD71,
    0xFD70, 0xFD70, 0xFD70, 0xFD70, 0xFD70, 0xFD70, 0xFD70, 0xFD70, 0xFD70, 0xFD71, 0xFD70, 0xFD70,
    0xFD70, 0xFD70, 0xFD70, 0xFD70, 0xFD70, 0xFD70, 0xFD70, 0xFD70, 0xFD70, 0xFD70, 0xFD70, 0xFD51,
    0xFD51, 0xFD50, 0xFD70, 0xFD70, 0xFD70, 0xFD70, 0xFD70, 0xFD70, 0xFD50, 0xFD50, 0xFD50, 0xFD50,
    0xFD50, 0xFD50, 0xFD70, 0xFD70, 0xFD70, 0xFD70, 0xFD70, 0xFD70, 0xFD70, 0xFD70, 0xFD70, 0xFD70,
    0xFD70, 0xFD70, 0xFD70, 0xFD70, 0xFD70, 0xFD70, 0xFD70, 0xFD71, 0x8356, 0x8356, 0x8356, 0x8356,
    0x8B76, 0x8B77, 0x8B77, 0x8B77, 0x8B76, 0x8356, 0x8B76, 0x8B77, 0x8B77, 0x8356, 0x8356, 0x8356,
    0x8356, 0x8356, 0x8356, 0x8356, 0x8356, 0x8B76, 0x8B77, 0x8B77, 0x8B77, 0x8B76, 0x8356, 0x8356,
    0x8356, 0x8356, 0x8356, 0x8356, 0x8356, 0x8356, 0x8356, 0x8356, 0x8356, 0x8356, 0x8376, 0x8376,
    0x9375, 0x9B96, 0xA3B7, 0xA3B6, 0x9BB7, 0x9376, 0x8B76, 0x8B77, 0x8B76, 0x8356, 0x8B56, 0x8356,
    0x8B76, 0x9376, 0x9B96, 0xABB7, 0xABB7, 0xABB7, 0xABB6, 0xABB6, 0xABB6, 0xABB7, 0xA397, 0x9376,
    0x9376, 0x9376, 0x9376, 0xA3B7, 0xABD7, 0xABD7, 0xABD7, 0xABD7, 0xABD6, 0xABB7, 0xABB6, 0xB3B6,
    0xCBF5, 0xEC53, 0xEC73, 0xEC94, 0xEC73, 0xEC74, 0xEC94, 0xF493, 0xF493, 0xF494, 0xF4B4, 0xF4B4,
    0xF474, 0xF474, 0xF474, 0xF494, 0xF493, 0xF4B4, 0xF4D4, 0xF4F3, 0xFD53, 0xFD53, 0xFD53, 0xFD53,
    0xFD74, 0xFD93, 0xFE13, 0xFE53, 0xFE54, 0xED54, 0xE453, 0xEC54, 0xEC54, 0xE434, 0xE434, 0xE434,
    0xE434, 0xE434, 0xE434, 0xE434, 0xE434, 0xEC54, 0xEC74, 0xEC74, 0xEC74, 0xEC74, 0xEC74, 0xEC74,
    0xEC74, 0xEC74, 0xEC74, 0xEC74, 0xEC74, 0xEC54, 0xEC54, 0xEC54, 0xEC54, 0xEC54, 0xEC54, 0xEC54,
    0xEC54, 0xEC74, 0xEC74, 0xEC74, 0xEC73, 0xEC93, 0xF4B3, 0xF4F2, 0xF4F2, 0xF4F2, 0xF4F2, 0xF4D2,
    0xF4B3, 0xEC92, 0xF492, 0xF4B3, 0xF4B3, 0xF4D2, 0xF4F2, 0xF4F2, 0xF4F2, 0xF4F2, 0xF4F2, 0xF4F2,
    0xF4F2, 0xF4F2, 0xF4F2, 0xF4F2, 0xF4F2, 0xF4F2, 0xF4F2, 0xF4F2, 0xF4F2, 0xF4F2, 0xF4F3, 0xF4F2,
    0xF4F2, 0xF4F2, 0xF4F2, 0xF4F2, 0xF4F2, 0xF4F2, 0xF4F2, 0xF4F2, 0xF4F2, 0xFD11, 0xFD51, 0xFD71,
    0xFD71, 0xFD70, 0xFD71, 0xFD50, 0xFD50, 0xFD50, 0xFD50, 0xFD50, 0xFD50, 0xFD50, 0xFD50, 0xFD70,
    0xFD70, 0xFD70, 0xFD70, 0xFD70, 0xFD70, 0xFD70, 0xFD70, 0xFD70, 0xFD70, 0xFD71, 0xFD70, 0xFD91,
    0xFE93, 0xFE93, 0xFED4, 0xFED4, 0xFE93, 0xF5F2, 0xFDB1, 0xFD50, 0xFD50, 0xFD50, 0xFD50, 0xFD70,
    0xFD70, 0xFD70, 0xFD70, 0xFD70, 0xFD70, 0xFD70, 0xFD70, 0xFD70, 0xFD70, 0xFD50, 0xFD50, 0xFD50,
    0xFD70, 0xFD70, 0xFD70, 0xFD50, 0xFD70, 0xFD91, 0xFD91, 0xF570, 0xFD70, 0xFD70, 0xFD70, 0xFD70,
    0xFD70, 0xFD70, 0xFD70, 0xFD70, 0xFD70, 0xFD50, 0xFD70, 0xFD70, 0xFD70, 0xFD70, 0xFD70, 0xFD70,
    0xFD70, 0xFD70, 0xFD70, 0xFD70, 0xFD70, 0xFD70, 0xFD50, 0xFD50, 0xFD70, 0xFD70, 0xFD70, 0xFD70,
    0xFD70, 0xFD70, 0xFD70, 0xFD70, 0xFD50, 0xFD70, 0xFD70, 0xFD70, 0xFD70, 0xFD70, 0xFD70, 0xFD70,
    0xFD70, 0xFD70, 0xFD70, 0xFD70, 0xFD70, 0xFD70, 0xFD70, 0xFD51, 0xFD51, 0xFD50, 0xFD70, 0xFD70,
    0xFD70, 0xFD70, 0xFD70, 0xFD70, 0xFD50, 0xFD50, 0xFD50, 0xFD50, 0xFD50, 0xFD50, 0xFD70, 0xFD70,
    0xFD70, 0xFD70, 0xFD70, 0xFD70, 0xFD70, 0xFD70, 0xFD70, 0xFD70, 0xFD70, 0xFD70, 0xFD70, 0xFD70,
    0xFD70, 0xFD70, 0xFD70, 0xFD71, 0x8B76, 0x8B76, 0x8B76, 0x8B76, 0x8B76, 0x8B77, 0x8B77, 0x8B77,
    0x8B76, 0x8356, 0x8B76, 0x8B76, 0x8B76, 0x8356, 0x8356, 0x8356, 0x8356, 0x8356, 0x8356, 0x8356,
    0x8356, 0x8B76, 0x8B76, 0x8B76, 0x8B77, 0x8B76, 0x8356, 0x8356, 0x8356, 0x8356, 0x8356, 0x8356,
    0x8B56, 0x8B56, 0x8B56, 0x8B56, 0x8B56, 0x8B76, 0x8B76, 0x9376, 0xABB6, 0xABB6, 0xABD6, 0xABB6,
    0xABB7, 0xA3D7, 0x9B97, 0x8B76, 0x8B56, 0x8B56, 0x8B76, 0x8B76, 0x9396, 0xA3D7, 0xABD7, 0xABB6,
    0xABB7, 0xABB7, 0xABB6, 0xABB6, 0xABB6, 0xABB6, 0xABB7, 0xA3B7, 0x9B96, 0x9B96, 0x9B96, 0xABD6,
    0xABD6, 0xABD7, 0xABD7, 0xABD7, 0xABD6, 0xABB6, 0xABB6, 0xABD6, 0xC3F5, 0xDC35, 0xE454, 0xEC74,
    0xEC54, 0xF494, 0xF4D4, 0xF4D3, 0xF4B4, 0xEC54, 0xEC54, 0xEC73, 0xF4B3, 0xF4B3, 0xF4B3, 0xF493,
    0xF493, 0xF4B4, 0xF4B4, 0xF4D3, 0xFD33, 0xFD53, 0xFD73, 0xFD53, 0xFD53, 0xFD73, 0xFDF3, 0xFE33,
    0xFE14, 0xED34, 0xE434, 0xEC54, 0xEC54, 0xE434, 0xE434, 0xE434, 0xE434, 0xE434, 0xE434, 0xE434,
    0xE434, 0xEC54, 0xEC54, 0xEC54, 0xEC74, 0xEC74, 0xEC74, 0xEC74, 0xEC74, 0xEC74, 0xEC74, 0xEC74,
    0xEC74, 0xEC54, 0xEC54, 0xEC54, 0xEC54, 0xEC54, 0xEC54, 0xEC54, 0xEC54, 0xEC74, 0xEC74, 0xEC74,
    0xEC73, 0xF4B4, 0xF4D3, 0xF4F2, 0xF4F2, 0xF4F2, 0xF4F2, 0xF4D2, 0xF4D3, 0xF4B2, 0xF4B2, 0xF4B2,
    0xF4D3, 0xF4F2, 0xF4F2, 0xF4F2, 0xF4F2, 0xF4F2, 0xF4F2, 0xF4F2, 0xF4F2, 0xF4F2, 0xF4F2, 0xF4D2,
    0xF4D2, 0xF4F2, 0xF4F2, 0xF4D2, 0xF4D2, 0xF4F2, 0xF4F2, 0xF4D2, 0xF4F2, 0xF4F2, 0xF4D2, 0xF4D2,
    0xF4F2, 0xF4F2, 0xF4D2, 0xF512, 0xFD12, 0xFD51, 0xFD70, 0xFD70, 0xFD70, 0xFD70, 0xFD70, 0xFD70,
    0xFD70, 0xFD50, 0xFD50, 0xFD50, 0xFD50, 0xFD50, 0xFD50, 0xFD50, 0xFD50, 0xFD70, 0xFD50, 0xFD50,
    0xFD50, 0xFD70, 0xFD70, 0xFD70, 0xFD71, 0xFD71, 0xFD71, 0xFDB1, 0xFE93, 0xFE93, 0xFE73, 0xFEB3,
    0xFEB3, 0xFEB4, 0xFE12, 0xFD50, 0xFD70, 0xFD70, 0xFD70, 0xFD70, 0xFD70, 0xFD50, 0xFD50, 0xFD70,
    0xFD70, 0xFD50, 0xFD50, 0xFD70, 0xFD70, 0xFD50, 0xFD50, 0xFD50, 0xFD70, 0xFD70, 0xFD70, 0xFD70,
    0xFD70, 0xFD70, 0xFD50, 0xFD50, 0xFD70, 0xFD70, 0xFD50, 0xFD50, 0xFD50, 0xFD50, 0xFD50, 0xFD50,
    0xFD50, 0xFD50, 0xFD50, 0xFD70, 0xFD70, 0xFD70, 0xFD70, 0xFD70, 0xFD70, 0xFD70, 0xFD70, 0xFD70,
    0xFD70, 0xFD70, 0xFD50, 0xFD50, 0xFD70, 0xFD70, 0xFD70, 0xFD70, 0xFD70, 0xFD70, 0xFD70, 0xFD70,
    0xFD70, 0xFD50, 0xFD50, 0xFD71, 0xFD51, 0xFD71, 0xFD70, 0xFD70, 0xFD70, 0xFD70, 0xFD70, 0xFD70,
    0xFD70, 0xFD50, 0xFD50, 0xFD50, 0xFD50, 0xFD50, 0xFD70, 0xFD70, 0xFD70, 0xFD70, 0xFD70, 0xFD70,
    0xFD50, 0xFD50, 0xFD50, 0xFD50, 0xFD50, 0xFD50, 0xFD70, 0xFD70, 0xFD70, 0xFD70, 0xFD70, 0xFD70,
    0xFD70, 0xFD70, 0xFD70, 0xFD70, 0xFD70, 0xFD70, 0xFD70, 0xFD70, 0xFD70, 0xFD70, 0xFD70, 0xFD71,
    0x8B77, 0x8B77, 0x8B77, 0x8B77, 0x8B77, 0x8B77, 0x8B77, 0x8B77, 0x8B76, 0x8356, 0x8356, 0x8356,
    0x8356, 0x8356, 0x8356, 0x8B76, 0x8B76, 0x8356, 0x8356, 0x8356, 0x8356, 0x8356, 0x8356, 0x8356,
    0x8B76, 0x8B76, 0x8356, 0x8356, 0x8356, 0x8356, 0x8356, 0x8356, 0x8B56, 0x8B56, 0x8B56, 0x8B56,
    0x9376, 0x9BB7, 0x9BB7, 0xA3D7, 0xABB7, 0xABB7, 0xABB7, 0xABB7, 0xABB7, 0xA3D7, 0xA3B6, 0x9BB7,
    0x8B56, 0x9376, 0x9B97, 0x9BB7, 0xA3B7, 0xABB6, 0xABD6, 0xABD6, 0xABD6, 0xABD6, 0xABD6, 0xABD6,
    0xABD6, 0xABD6, 0xABD6, 0xABD6, 0xABB7, 0xABB7, 0xABB7, 0xABD6, 0xABD7, 0xABD7, 0xABD7, 0xABD7,
    0xABD6, 0xABB6, 0xABB6, 0xABD7, 0xB3D7, 0xBBB5, 0xD415, 0xF454, 0xEC54, 0xF494, 0xF4B4, 0xF4B3,
    0xF494, 0xEC53, 0xF474, 0xF494, 0xF4F4, 0xFD14, 0xFD14, 0xF4D4, 0xF4B3, 0xF493, 0xF494, 0xFCB4,
    0xFCF3, 0xFD33, 0xFD73, 0xFD73, 0xFD73, 0xFD73, 0xFDF3, 0xFE33, 0xF5D3, 0xED13, 0xEC34, 0xEC74,
    0xE454, 0xE434, 0xE434, 0xE434, 0xE434, 0xE434, 0xE434, 0xE434, 0xE434, 0xE434, 0xEC54, 0xEC54,
    0xEC74, 0xEC74, 0xEC74, 0xEC74, 0xEC74, 0xEC74, 0xEC54, 0xEC54, 0xEC54, 0xEC54, 0xEC54, 0xEC54,
    0xEC54, 0xEC74, 0xEC74, 0xEC74, 0xEC74, 0xEC74, 0xEC74, 0xEC54, 0xEC74, 0xF4B3, 0xF4D3, 0xF4F2,
    0xF4F2, 0xF4F2, 0xF4F2, 0xF4F2, 0xF4D2, 0xF4D3, 0xF4D3, 0xF4D2, 0xF4F2, 0xF4F2, 0xF4F2, 0xF4F2,
    0xF4F2, 0xF4F2, 0xF4F2, 0xF4F2, 0xF4F2, 0xF4F2, 0xF4F2, 0xF4D2, 0xF4D2, 0xF4F2, 0xF4F2, 0xF4D2,
    0xF4D2, 0xF4D2, 0xF4D3, 0xF4D3, 0xF4D3, 0xF4D2, 0xF4D3, 0xF4F2, 0xF4F2, 0xF4F2, 0xF4D2, 0xFD31,
    0xFD51, 0xFD70, 0xFD71, 0xFD71, 0xFD71, 0xFD70, 0xFD70, 0xFD90, 0xFD70, 0xFD50, 0xFD50, 0xFD50,
    0xFD50, 0xFD50, 0xF590, 0xF570, 0xF571, 0xF591, 0xF591, 0xF571, 0xF571, 0xF590, 0xF590, 0xF590,
    0xF5B1, 0xF5D1, 0xFDF2, 0xFDF2, 0xFEB3, 0xF652, 0xF591, 0xFE73, 0xFEB3, 0xFEB3, 0xFE32, 0xF590,
    0xF5B1, 0xF5B1, 0xF5B1, 0xF5B1, 0xF5B1, 0xF591, 0xF591, 0xF591, 0xF591, 0xF591, 0xF591, 0xF570,
    0xFD70, 0xFD50, 0xFD50, 0xFD50, 0xFD50, 0xFD50, 0xFD50, 0xFD71, 0xFD91, 0xF591, 0xF571, 0xFD71,
    0xF591, 0xF591, 0xF591, 0xF5B1, 0xF5B1, 0xF5B1, 0xF5B1, 0xF5B1, 0xF5B1, 0xF5B1, 0xF5B1, 0xF5B1,
    0xF5B1, 0xF5B1, 0xF5B1, 0xF5B1, 0xF5B1, 0xF5B1, 0xF5B1, 0xF5B1, 0xF5B1, 0xF5B1, 0xF5B1, 0xF5B1,
    0xF5B1, 0xF5B1, 0xF591, 0xF591, 0xF591, 0xF591, 0xF5B1, 0xF5B1, 0xF5B1, 0xF591, 0xFD50, 0xFD71,
    0xFD71, 0xF591, 0xFD71, 0xFD70, 0xFD70, 0xFD70, 0xFD50, 0xFD50, 0xF570, 0xF570, 0xFD70, 0xFD50,
    0xFD50, 0xFD50, 0xFD50, 0xFD50, 0xFD50, 0xFD50, 0xFD50, 0xFD50, 0xFD51, 0xFD51, 0xFD50, 0xFD50,
    0xFD50, 0xFD50, 0xFD50, 0xFD50, 0xFD50, 0xFD50, 0xFD50, 0xFD50, 0xFD50, 0xFD50, 0xFD50, 0xFD50,
    0xFD50, 0xFD50, 0xFD50, 0xFD50, 0xFD50, 0xFD70, 0xFD70, 0xFD70, 0x8B77, 0x8B77, 0x8B77, 0x8B77,
    0x8B77, 0x8B77, 0x8B77, 0x8B77, 0x8B76, 0x8356, 0x8356, 0x8356, 0x8356, 0x8356, 0x8356, 0x8356,
    0x8356, 0x8356, 0x8356, 0x8356, 0x8356, 0x8356, 0x8356, 0x8356, 0x8356, 0x8356, 0x8356, 0x8356,
    0x8356, 0x8356, 0x8356, 0x8356, 0x8B56, 0x8B56, 0x8B55, 0x9B96, 0xABB7, 0xABB7, 0xABB7, 0xABD6,
    0xABB6, 0xABB7, 0xABB7, 0xABB7, 0xABB7, 0xABD6, 0xABD6, 0xA3B7, 0xA3B7, 0xA3B7, 0xA3B7, 0xABB6,
    0xABB6, 0xABD6, 0xABD6, 0xABD6, 0xABD6, 0xABD6, 0xABD6, 0xABD6, 0xABD6, 0xABD6, 0xABD6, 0xABD6,
    0xABD7, 0xABD7, 0xABD6, 0xABD6, 0xABB6, 0xABD7, 0xABD7, 0xABD7, 0xABD7, 0xABB7, 0xB3B7, 0xB3B7,
    0xB3B7, 0xABB6, 0xCC15, 0xF454, 0xEC54, 0xEC54, 0xEC53, 0xEC73, 0xF474, 0xEC54, 0xEC74, 0xEC73,
    0xEC94, 0xF4B3, 0xFD14, 0xFD14, 0xF4D3, 0xF493, 0xF494, 0xF4B4, 0xF4D3, 0xF513, 0xFD73, 0xFD73,
    0xFD73, 0xFD73, 0xFDF3, 0xFE53, 0xF653, 0xED53, 0xE453, 0xE454, 0xE454, 0xE434, 0xE434, 0xE434,
    0xE434, 0xE434, 0xE434, 0xE434, 0xE434, 0xE454, 0xEC54, 0xEC54, 0xEC74, 0xEC74, 0xEC74, 0xEC74,
    0xEC74, 0xEC74, 0xEC54, 0xEC54, 0xEC54, 0xEC54, 0xEC54, 0xEC54, 0xEC54, 0xEC74, 0xEC74, 0xEC74,
    0xEC74, 0xEC74, 0xEC74, 0xEC74, 0xEC74, 0xF4B3, 0xF4D2, 0xF4F2, 0xF4F2, 0xF4D2, 0xF4F2, 0xF4D2,
    0xF4D2, 0xF4B2, 0xF4D2, 0xF4D2, 0xF4F2, 0xF4F2, 0xF4D2, 0xF4F2, 0xF4F2, 0xF4F2, 0xF4F2, 0xF4F2,
    0xF4F2, 0xF4F2, 0xF4F2, 0xF4D2, 0xF4D2, 0xF4F2, 0xF4F2, 0xF4F3, 0xF512, 0xECB3, 0xD414, 0xCC34,
    0xD434, 0xDC14, 0xE493, 0xFCF2, 0xF4F2, 0xF4F2, 0xF4F1, 0xFD31, 0xFD51, 0xFD50, 0xFD71, 0xFD71,
    0xFD71, 0xFD71, 0xFD71, 0xFD71, 0xFD70, 0xFD50, 0xFD50, 0xFD50, 0xFD50, 0xFD91, 0xFE32, 0xF5B1,
    0xF5D2, 0xFE94, 0xFE94, 0xFE94, 0xFE94, 0xFE94, 0xFE94, 0xFE94, 0xFE74, 0xFE94, 0xFE94, 0xFE93,
    0xFEB3, 0xFE32, 0xF551, 0xFE73, 0xFED4, 0xFEB3, 0xFE94, 0xFE74, 0xFE94, 0xFE94, 0xFE94, 0xFE94,
    0xFE94, 0xFE94, 0xFE94, 0xFE94, 0xFE94, 0xFE74, 0xFE73, 0xFDB1, 0xFD50, 0xFD50, 0xFD50, 0xFD50,
    0xFD50, 0xFD50, 0xFD50, 0xFD70, 0xF5B1, 0xFE12, 0xFDD2, 0xF5D1, 0xFE53, 0xFE74, 0xFE74, 0xFE74,
    0xFE74, 0xFE74, 0xFE74, 0xFE74, 0xFE73, 0xFE73, 0xFE73, 0xFE73, 0xFE73, 0xFE73, 0xFE73, 0xFE73,
    0xFE73, 0xFE73, 0xFE73, 0xFE73, 0xFE73, 0xFE73, 0xFE73, 0xFE73, 0xFE73, 0xFE73, 0xFE73, 0xFE73,
    0xFE73, 0xFE73, 0xFE73, 0xFE73, 0xFE73, 0xFE12, 0xF570, 0xFDD2, 0xFE33, 0xFE94, 0xFDD2, 0xFD50,
    0xFD91, 0xFD70, 0xFD50, 0xFD70, 0xFD91, 0xFE12, 0xFDB1, 0xFD50, 0xFD50, 0xFD50, 0xFD50, 0xFD50,
    0xFD50, 0xFD50, 0xFD50, 0xFD50, 0xFD51, 0xFD51, 0xFD50, 0xFD50, 0xFD50, 0xFD50, 0xFD50, 0xFD50,
    0xFD50, 0xFD50, 0xFD50, 0xFD50, 0xFD50, 0xFD50, 0xFD50, 0xFD50, 0xFD50, 0xFD50, 0xFD50, 0xFD50,
    0xFD50, 0xFD70, 0xFD70, 0xFD70, 0x8B77, 0x8B77, 0x8B77, 0x8B77, 0x8B77, 0x8B76, 0x8B76, 0x8B76,
    0x8B76, 0x8356, 0x8356, 0x8B56, 0x8B56, 0x8356, 0x8356, 0x8356, 0x8356, 0x8356, 0x8356, 0x8356,
    0x8356, 0x8356, 0x8356, 0x8356, 0x8356, 0x8356, 0x8356, 0x8356, 0x8B56, 0x8B56, 0x8356, 0x8356,
    0x8B56, 0x8B76, 0x9396, 0xA3B6, 0xABB6, 0xABB7, 0xABB7, 0xABB6, 0xABB6, 0xABB7, 0xABB7, 0xABB7,
    0xABB7, 0xABB6, 0xABB6, 0xABB6, 0xABD6, 0xABB6, 0xABB6, 0xABB6, 0xABD6, 0xABD6, 0xABD6, 0xABD6,
    0xABD6, 0xABD6, 0xABD6, 0xABD6, 0xABD6, 0xABD6, 0xABD6, 0xABD6, 0xABD6, 0xABD6, 0xABD6, 0xABD6,
    0xABB6, 0xABD7, 0xABD7, 0xABD7, 0xABD7, 0xABB7, 0xABB7, 0xB3B7, 0xABB6, 0xABB6, 0xD415, 0xF454,
    0xEC54, 0xEC54, 0xF454, 0xF453, 0xEC54, 0xEC54, 0xEC54, 0xEC53, 0xEC74, 0xF494, 0xF4D3, 0xFCF3,
    0xFCF3, 0xF473, 0xF473, 0xF493, 0xFD14, 0xF534, 0xF533, 0xFD53, 0xFD73, 0xFD53, 0xFDB3, 0xFDF3,
    0xFE73, 0xED93, 0xE493, 0xE474, 0xE454, 0xE434, 0xE434, 0xE434, 0xE434, 0xE434, 0xE434, 0xE434,
    0xE434, 0xEC54, 0xEC54, 0xEC54, 0xEC74, 0xEC74, 0xEC74, 0xEC74, 0xEC74, 0xEC74, 0xEC54, 0xEC54,
    0xEC54, 0xEC54, 0xEC54, 0xEC54, 0xEC54, 0xEC74, 0xEC74, 0xEC74, 0xEC74, 0xEC74, 0xEC74, 0xEC74,
    0xEC74, 0xEC93, 0xF4D3, 0xF4F2, 0xF4D2, 0xF4D2, 0xF4D3, 0xF4D3, 0xF4D2, 0xF4B2, 0xF4D3, 0xF4D2,
    0xF4F2, 0xF4F2, 0xF4D2, 0xF4F2, 0xF4F2, 0xF4F2, 0xF4F2, 0xF4F2, 0xF4D2, 0xF4F2, 0xF4F2, 0xF4D2,
    0xF4D2, 0xF4F2, 0xF4F2, 0xF4D3, 0xE493, 0xDC54, 0xC3F5, 0xC415, 0xCC15, 0xD415, 0xE473, 0xF4D2,
    0xF4F2, 0xF4F2, 0xFD12, 0xFD51, 0xFD51, 0xFD52, 0xECF2, 0xE4B2, 0xECB2, 0xF511, 0xFD70, 0xFD71,
    0xFD71, 0xFD70, 0xFD50, 0xFD50, 0xFD50, 0xFD91, 0xFDD1, 0xF591, 0xF591, 0xF612, 0xF612, 0xF5F2,
    0xF5F2, 0xF5F2, 0xF5F2, 0xF5F2, 0xF5F2, 0xFDF2, 0xFDF2, 0xFDF2, 0xFDF2, 0xFDB1, 0xF551, 0xFDF2,
    0xFE12, 0xFDF2, 0xFDF2, 0xFDF3, 0xFDF3, 0xFE12, 0xFE13, 0xFE13, 0xFE13, 0xF612, 0xF612, 0xF612,
    0xF612, 0xFDF2, 0xFDF2, 0xFD91, 0xFD50, 0xFD50, 0xFD50, 0xFD50, 0xFD50, 0xFD50, 0xFD70, 0xFD70,
    0xFD91, 0xFDD2, 0xFDB1, 0xF591, 0xFDF2, 0xFE12, 0xFDF2, 0xFDF2, 0xFDF2, 0xFDF2, 0xFDF2, 0xFDF2,
    0xFDF2, 0xFDF2, 0xFDF2, 0xFDF2, 0xFDF2, 0xFDF2, 0xFDF2, 0xFDF2, 0xFDF2, 0xFDF2, 0xFDF2, 0xFDF2,
    0xFDF2, 0xFDF2, 0xFDF2, 0xFDF2, 0xF5F2, 0xFDF2, 0xFDF2, 0xFDF2, 0xFDF2, 0xFDF2, 0xFDF2, 0xFDF2,
    0xFE12, 0xFDB1, 0xFD50, 0xFDB1, 0xFDD2, 0xFE12, 0xFD91, 0xFD50, 0xFD90, 0xFD70, 0xFD70, 0xFD70,
    0xFD91, 0xFDD1, 0xFD71, 0xFD50, 0xFD50, 0xFD50, 0xFD50, 0xFD50, 0xFD50, 0xFD50, 0xFD50, 0xFD50,
    0xFD51, 0xFD51, 0xFD50, 0xFD50, 0xFD50, 0xFD50, 0xFD70, 0xFD70, 0xFD50, 0xFD50, 0xFD50, 0xFD50,
    0xFD50, 0xFD50, 0xFD50, 0xFD50, 0xFD50, 0xFD50, 0xFD50, 0xFD50, 0xFD50, 0xFD70, 0xFD70, 0xFD70,
    0x8B77, 0x8B77, 0x8B77, 0x8B77, 0x8B76, 0x8356, 0x8356, 0x8356, 0x8356, 0x8356, 0x8B56, 0x8B56,
    0x8B56, 0x8376, 0x8376, 0x8356, 0x8356, 0x8356, 0x8356, 0x8356, 0x8356, 0x8356, 0x8356, 0x8356,
    0x8376, 0x8376, 0x8356, 0x8356, 0x8B56, 0x8B56, 0x8376, 0x8B76, 0x8376, 0x8B96, 0xA3D7, 0xA3D6,
    0xABB6, 0xABB7, 0xABB7, 0xABB7, 0xABB7, 0xABD6, 0xABD6, 0xABD6, 0xABD6, 0xABB7, 0xABB7, 0xABB6,
    0xABB6, 0xABB6, 0xABB6, 0xABB6, 0xABD6, 0xABD6, 0xABD6, 0xABD6, 0xABD6, 0xABD6, 0xABD6, 0xABD6,
    0xABD6, 0xABD6, 0xABD7, 0xABD7, 0xABD7, 0xABD7, 0xABD7, 0xABD7, 0xABD7, 0xABD7, 0xABD7, 0xABD7,
    0xABD7, 0xABD7, 0xABD7, 0xABB6, 0xABB6, 0xABB6, 0xCC15, 0xEC74, 0xEC53, 0xEC54, 0xF454, 0xF454,
    0xF454, 0xF454, 0xF454, 0xF454, 0xF454, 0xF454, 0xEC73, 0xFCF3, 0xF4F3, 0xF473, 0xF473, 0xF493,
    0xFD94, 0xFD54, 0xF4D3, 0xFD33, 0xFD53, 0xFD53, 0xFD73, 0xF5B3, 0xFE73, 0xF5F3, 0xF574, 0xECB4,
    0xE454, 0xE454, 0xE434, 0xE434, 0xE434, 0xE434, 0xE434, 0xE434, 0xE454, 0xEC54, 0xEC74, 0xEC74,
    0xEC74, 0xEC74, 0xEC74, 0xEC74, 0xEC74, 0xEC74, 0xEC74, 0xEC74, 0xEC54, 0xEC54, 0xEC54, 0xEC54,
    0xEC54, 0xEC54, 0xEC54, 0xEC54, 0xEC54, 0xEC54, 0xEC54, 0xEC54, 0xEC74, 0xEC74, 0xF493, 0xF4D2,
    0xF4F3, 0xF4D3, 0xF4B3, 0xF4B3, 0xF4B3, 0xEC92, 0xF4D3, 0xF4D3, 0xF4F3, 0xF4F3, 0xF4F3, 0xF4F3,
    0xF4F2, 0xF4F2, 0xF4F2, 0xF4D2, 0xF4F2, 0xF4F2, 0xF4D3, 0xF4F3, 0xF4F3, 0xF4F3, 0xFCF2, 0xF4B3,
    0xCBF5, 0xC3F6, 0xC3F5, 0xC3F6, 0xC3F6, 0xC415, 0xD434, 0xE453, 0xE493, 0xECB3, 0xECD2, 0xFD51,
    0xF531, 0xECD3, 0xDC34, 0xD3D5, 0xD3F4, 0xE473, 0xF4F2, 0xF4F2, 0xFD12, 0xFD50, 0xFD50, 0xFD50,
    0xFD70, 0xFD50, 0xFD50, 0xFD51, 0xF551, 0xF530, 0xF530, 0xF530, 0xF530, 0xF530, 0xF530, 0xF530,
    0xF530, 0xF550, 0xF550, 0xF550, 0xF550, 0xF550, 0xFD71, 0xF550, 0xF570, 0xF570, 0xF550, 0xFD50,
    0xF550, 0xF550, 0xF550, 0xF551, 0xF550, 0xF550, 0xF550, 0xF550, 0xF550, 0xF550, 0xFD50, 0xFD50,
    0xFD70, 0xFD70, 0xFD70, 0xFD70, 0xFD70, 0xFD70, 0xFD70, 0xFD70, 0xFD70, 0xFD70, 0xFD70, 0xFD70,
    0xF570, 0xF570, 0xF570, 0xF570, 0xF570, 0xF570, 0xF570, 0xF550, 0xF550, 0xF550, 0xF550, 0xFD50,
    0xFD50, 0xFD50, 0xFD50, 0xF550, 0xF550, 0xF550, 0xF550, 0xF550, 0xF550, 0xF550, 0xF550, 0xF550,
    0xFD50, 0xF550, 0xF550, 0xF550, 0xF550, 0xF550, 0xF570, 0xF570, 0xF570, 0xFD70, 0xFD70, 0xFD70,
    0xFD70, 0xFD50, 0xFD70, 0xFD70, 0xFD70, 0xFD70, 0xFD70, 0xFD70, 0xFD70, 0xFD50, 0xFD50, 0xFD70,
    0xFD70, 0xFD70, 0xFD70, 0xFD70, 0xFD70, 0xFD70, 0xFD70, 0xFD70, 0xFD70, 0xFD70, 0xFD70, 0xFD70,
    0xFD70, 0xFD70, 0xFD71, 0xFD71, 0xFD70, 0xFD70, 0xFD70, 0xFD70, 0xFD70, 0xFD70, 0xFD70, 0xFD70,
    0xFD70, 0xFD70, 0xFD70, 0xFD70, 0xFD70, 0xFD70, 0xFD70, 0xFD71, 0x8B77, 0x8B77, 0x8B77, 0x8B77,
    0x8B76, 0x8356, 0x8356, 0x8356, 0x8356, 0x8356, 0x8B56, 0x8B56, 0x8B56, 0x8376, 0x8376, 0x8356,
    0x8356, 0x8356, 0x8356, 0x8356, 0x8356, 0x8356, 0x8356, 0x8356, 0x8376, 0x8376, 0x8356, 0x8356,
    0x8B56, 0x8B56, 0x8376, 0x8376, 0x8376, 0x9376, 0xABB7, 0xABD6, 0xABD7, 0xABB7, 0xABB7, 0xABB7,
    0xABB7, 0xABD6, 0xABD6, 0xABD6, 0xABD6, 0xABB7, 0xABB7, 0xABB6, 0xABB6, 0xABB6, 0xABB7, 0xABD6,
    0xABD6, 0xABD6, 0xABD6, 0xABD6, 0xABD6, 0xABD6, 0xABD6, 0xABD6, 0xABD6, 0xABD6, 0xABD7, 0xABD7,
    0xABD7, 0xABD7, 0xABD7, 0xABD7, 0xABD7, 0xABD7, 0xABD7, 0xABD7, 0xABD7, 0xABD7, 0xABD7, 0xABB6,
    0xB3B6, 0xABB6, 0xCC15, 0xE455, 0xF454, 0xEC54, 0xF454, 0xF454, 0xF454, 0xF454, 0xF454, 0xF454,
    0xF454, 0xF454, 0xEC53, 0xF514, 0xF513, 0xEC53, 0xF473, 0xF493, 0xFD74, 0xFD53, 0xF4F3, 0xF513,
    0xF533, 0xFD73, 0xFDB3, 0xF5D3, 0xF653, 0xF614, 0xFDF5, 0xECD4, 0xE434, 0xE454, 0xE434, 0xE434,
    0xE434, 0xE434, 0xE434, 0xE434, 0xE454, 0xEC54, 0xEC74, 0xEC74, 0xEC74, 0xEC74, 0xEC74, 0xEC74,
    0xEC74, 0xEC74, 0xEC74, 0xEC74, 0xEC54, 0xEC54, 0xEC54, 0xEC54, 0xEC54, 0xEC54, 0xEC54, 0xEC54,
    0xEC54, 0xEC54, 0xEC54, 0xEC54, 0xF474, 0xEC53, 0xEC73, 0xF493, 0xF4B4, 0xECB3, 0xEC93, 0xEC93,
    0xEC93, 0xF493, 0xF4D3, 0xF4F2, 0xF4F2, 0xF4F2, 0xF4F2, 0xF4F2, 0xF4F2, 0xF4F2, 0xF4D2, 0xF4D2,
    0xECB3, 0xE4B3, 0xE4B3, 0xE4B3, 0xE4B4, 0xE4B3, 0xECB3, 0xE494, 0xBBD5, 0xBBD6, 0xB3F6, 0xB3F6,
    0xBBF6, 0xBBF6, 0xC3F5, 0xD415, 0xD3F4, 0xD414, 0xD414, 0xECF4, 0xECD4, 0xD3F4, 0xD3F5, 0xD415,
    0xD415, 0xDC14, 0xDC13, 0xDC14, 0xE453, 0xF4F2, 0xFD31, 0xFD50, 0xFD11, 0xF4F1, 0xF4F1, 0xF511,
    0xF511, 0xF512, 0xF510, 0xFD50, 0xFD51, 0xFD50, 0xFD50, 0xFD50, 0xFD50, 0xFD51, 0xFD50, 0xFD50,
    0xFD71, 0xFD71, 0xFD71, 0xFD71, 0xFD71, 0xFD71, 0xFD71, 0xFD71, 0xFD71, 0xFD71, 0xFD71, 0xFD70,
    0xFD70, 0xFD70, 0xFD70, 0xFD71, 0xFD71, 0xFD70, 0xFD70, 0xFD70, 0xFD70, 0xFD70, 0xFD70, 0xFD70,
    0xFD70, 0xFD70, 0xFD70, 0xFD70, 0xFD70, 0xFD70, 0xFD70, 0xFD70, 0xFD70, 0xFD70, 0xFD70, 0xFD70,
    0xFD70, 0xFD70, 0xFD70, 0xFD70, 0xFD70, 0xFD70, 0xFD70, 0xFD70, 0xFD70, 0xFD70, 0xFD70, 0xFD70,
    0xFD70, 0xFD70, 0xFD70, 0xFD70, 0xFD70, 0xFD70, 0xFD70, 0xFD70, 0xFD70, 0xFD70, 0xFD70, 0xFD70,
    0xFD70, 0xFD70, 0xFD70, 0xFD70, 0xFD71, 0xFD70, 0xFD70, 0xFD71, 0xFD70, 0xFD70, 0xFD70, 0xFD70,
    0xFD70, 0xFD70, 0xFD70, 0xFD70, 0xFD70, 0xFD71, 0xFD71, 0xFD70, 0xFD70, 0xFD70, 0xFD70, 0xFD70,
    0xFD70, 0xFD70, 0xFD70, 0xFD70, 0xFD70, 0xFD70, 0xFD70, 0xFD70, 0xFD70, 0xFD70, 0xFD50, 0xFD50,
    0xFD70, 0xFD70, 0xFD70, 0xFD70, 0xFD70, 0xFD70, 0xFD70, 0xFD70, 0xFD70, 0xFD70, 0xFD70, 0xFD70,
    0xFD70, 0xFD70, 0xFD70, 0xFD71, 0x8B76, 0x8B76, 0x8B76, 0x8B76, 0x8356, 0x8356, 0x8356, 0x8356,
    0x8B56, 0x8B76, 0x8376, 0x8B56, 0x8B56, 0x8376, 0x8356, 0x8B56, 0x8356, 0x8356, 0x8356, 0x8356,
    0x8356, 0x8356, 0x8356, 0x8356, 0x8376, 0x8B56, 0x8B76, 0x8B76, 0x8B56, 0x8B56, 0x8B76, 0x8376,
    0x8376, 0x9376, 0xAB96, 0xABB6, 0xABD6, 0xABD6, 0xABD7, 0xABD7, 0xABD7, 0xABD7, 0xABB6, 0xABB6,
    0xABB7, 0xABB7, 0xABB7, 0xABB6, 0xABB6, 0xABB6, 0xABD6, 0xABB6, 0xABB6, 0xABB6, 0xABD6, 0xABD6,
    0xABB7, 0xABB7, 0xABB7, 0xABB7, 0xABB7, 0xABB7, 0xABB6, 0xABB6, 0xABD7, 0xABB7, 0xABB6, 0xABB6,
    0xABB6, 0xABB6, 0xABB6, 0xABD7, 0xABD7, 0xABD7, 0xABD7, 0xABB6, 0xB3B6, 0xABD6, 0xC3F6, 0xD435,
    0xEC54, 0xF454, 0xF454, 0xEC53, 0xF453, 0xF454, 0xF453, 0xF453, 0xF454, 0xF454, 0xEC54, 0xFD55,
    0xFD34, 0xEC54, 0xF474, 0xF473, 0xF4F4, 0xF4F3, 0xF4F3, 0xFD14, 0xF533, 0xFD94, 0xFDF3, 0xFE34,
    0xFE73, 0xF5B4, 0xED14, 0xE494, 0xE454, 0xE454, 0xE454, 0xE434, 0xE434, 0xE434, 0xE434, 0xE434,
    0xE454, 0xEC74, 0xEC74, 0xEC74, 0xEC74, 0xEC74, 0xEC74, 0xEC74, 0xEC54, 0xEC54, 0xEC54, 0xE474,
    0xE455, 0xEC55, 0xEC55, 0xEC54, 0xEC54, 0xEC54, 0xEC54, 0xEC54, 0xEC54, 0xEC54, 0xEC54, 0xEC54,
    0xEC54, 0xEC54, 0xE474, 0xE474, 0xE474, 0xE474, 0xE494, 0xEC94, 0xEC94, 0xEC94, 0xECB3, 0xECD3,
    0xECD3, 0xF4D3, 0xF4D3, 0xECD3, 0xECD3, 0xECD4, 0xECB4, 0xE4B3, 0xC3D5, 0xBBD6, 0xBBB5, 0xBBB6,
    0xBBD6, 0xBBD5, 0xBBD5, 0xC3D5, 0xBBD7, 0xB3F6, 0xB3F6, 0xB3F6, 0xBBF6, 0xBBF6, 0xBBF6, 0xC3F6,
    0xCBF5, 0xCC15, 0xCBF6, 0xCC15, 0xC415, 0xBBD5, 0xBBD6, 0xBBD5, 0xC3F6, 0xD3F5, 0xDBF4, 0xDBF5,
    0xE414, 0xE413, 0xF4D2, 0xFD11, 0xEC53, 0xE413, 0xE433, 0xE433, 0xE433, 0xE432, 0xECB1, 0xFD31,
    0xFD11, 0xFD31, 0xFD31, 0xFD31, 0xFD51, 0xFD12, 0xFD12, 0xFD31, 0xFD51, 0xFD50, 0xFD50, 0xFD50,
    0xFD50, 0xFD50, 0xFD50, 0xFD50, 0xFD50, 0xFD50, 0xFD50, 0xFD50, 0xFD50, 0xFD50, 0xFD50, 0xFD50,
    0xFD70, 0xFD70, 0xFD70, 0xFD70, 0xFD70, 0xFD70, 0xFD70, 0xFD70, 0xFD70, 0xFD70, 0xFD70, 0xFD70,
    0xFD70, 0xFD70, 0xFD71, 0xFD71, 0xFD71, 0xFD71, 0xFD70, 0xFD70, 0xFD70, 0xFD70, 0xFD70, 0xFD70,
    0xFD70, 0xFD50, 0xFD50, 0xFD70, 0xFD70, 0xFD70, 0xFD70, 0xFD50, 0xFD50, 0xFD50, 0xFD50, 0xFD50,
    0xFD50, 0xFD50, 0xFD50, 0xFD50, 0xFD70, 0xFD70, 0xFD70, 0xFD70, 0xFD70, 0xFD70, 0xFD70, 0xFD70,
    0xFD50, 0xFD70, 0xFD70, 0xFD70, 0xFD70, 0xFD70, 0xFD70, 0xFD70, 0xFD70, 0xFD70, 0xF591, 0xFD71,
    0xFD71, 0xFD70, 0xFD70, 0xFD71, 0xF591, 0xFD71, 0xFD71, 0xFD71, 0xFD70, 0xFD70, 0xFD70, 0xFD70,
    0xFD70, 0xFD70, 0xFD70, 0xFD70, 0xFD70, 0xFD70, 0xFD70, 0xFD70, 0xFD70, 0xFD70, 0xFD70, 0xFD70,
    0xFD70, 0xFD70, 0xFD70, 0xFD70, 0xFD70, 0xFD70, 0xFD70, 0xFD70, 0xFD70, 0xFD70, 0xFD70, 0xFD70,
    0x8356, 0x8356, 0x8356, 0x8356, 0x8356, 0x8356, 0x8356, 0x8356, 0x8B56, 0x8B56, 0x8B56, 0x8B56,
    0x8B56, 0x8B56, 0x8B56, 0x8356, 0x8356, 0x8356, 0x8356, 0x8356, 0x8356, 0x8356, 0x8356, 0x8376,
    0x8356, 0x9376, 0x9BB7, 0xA3B7, 0xA3B6, 0xA3B6, 0x9B96, 0x9397, 0x8376, 0x9376, 0xABB6, 0xA3B6,
    0xABD6, 0xABB6, 0xABB6, 0xABB7, 0xABB7, 0xABB7, 0xABB7, 0xA3B6, 0xA3B7, 0xA3B7, 0xA3B7, 0xABB6,
    0xABB7, 0xABB6, 0xABB6, 0xABB7, 0xABB7, 0xABB6, 0xABD6, 0xABD6, 0xABB7, 0xABB7, 0xABB7, 0xABB7,
    0xABB7, 0xABB7, 0xABB7, 0xABB6, 0xA3D7, 0xABB7, 0xABB6, 0xABB6, 0xABB6, 0xABB6, 0xABB6, 0xABD7,
    0xABD7, 0xABD7, 0xABD7, 0xABB6, 0xABB6, 0xABD6, 0xB3D6, 0xBBD5, 0xDC54, 0xE455, 0xE435, 0xEC54,
    0xEC53, 0xEC54, 0xEC54, 0xEC54, 0xF454, 0xF454, 0xEC53, 0xEC93, 0xEC93, 0xF454, 0xF453, 0xEC73,
    0xF493, 0xF4B3, 0xF4D4, 0xF4F3, 0xF513, 0xF533, 0xFDB3, 0xFE13, 0xFE73, 0xED73, 0xDC73, 0xE454,
    0xE454, 0xE454, 0xE454, 0xE434, 0xE434, 0xE434, 0xE434, 0xE434, 0xEC54, 0xEC74, 0xEC74, 0xEC74,
    0xEC74, 0xEC74, 0xEC74, 0xEC74, 0xEC54, 0xEC54, 0xDC34, 0xCBF5, 0xCBF5, 0xCBF5, 0xCBF5, 0xCBF5,
    0xCBF5, 0xCBF5, 0xCBF5, 0xCBF5, 0xCBF5, 0xCBF5, 0xCBF5, 0xCBF5, 0xCBF5, 0xCBF5, 0xC3F5, 0xCBF5,
    0xCBF5, 0xCBF5, 0xCBF4, 0xCBF5, 0xCBF4, 0xCBF4, 0xCBF4, 0xCBF4, 0xCBF5, 0xCBF5, 0xCBF5, 0xC3F5,
    0xC3F4, 0xC3F4, 0xCBF5, 0xC3D4, 0xBBB5, 0xB3B5, 0xBBB5, 0xBBD6, 0xB3D6, 0xB3F6, 0xBBF6, 0xBBD6,
    0xBBD6, 0xB3F6, 0xBBD6, 0xBBD6, 0xBBF5, 0xBBF5, 0xBBF6, 0xBBF6, 0xBBF6, 0xBBF6, 0xBBD6, 0xBBD6,
    0xBBD6, 0xBBF6, 0xBBD7, 0xBBD7, 0xBBD7, 0xCBF6, 0xD3F5, 0xD3F5, 0xD3F5, 0xDC15, 0xDC33, 0xDC33,
    0xDC14, 0xDC14, 0xDC14, 0xE434, 0xE434, 0xE414, 0xE433, 0xE452, 0xE454, 0xE473, 0xE452, 0xF4D3,
    0xF4D3, 0xEC73, 0xE472, 0xEC92, 0xF4F2, 0xFD11, 0xFD50, 0xFD50, 0xFD50, 0xFD50, 0xFD50, 0xFD50,
    0xFD50, 0xFD50, 0xFD50, 0xFD50, 0xFD50, 0xFD50, 0xFD50, 0xFD70, 0xF570, 0xFD70, 0xF590, 0xF590,
    0xF570, 0xF570, 0xF570, 0xF570, 0xF570, 0xF570, 0xF570, 0xF570, 0xF570, 0xF570, 0xF570, 0xF570,
    0xF570, 0xF570, 0xF570, 0xF570, 0xF570, 0xFD70, 0xFD70, 0xFD70, 0xFD70, 0xFD70, 0xFD70, 0xFD70,
    0xFD70, 0xFD70, 0xFD70, 0xFD70, 0xFD70, 0xFD70, 0xFD70, 0xFD70, 0xFD70, 0xFD70, 0xFD50, 0xFD50,
    0xFD70, 0xFD70, 0xFD70, 0xFD70, 0xFD70, 0xFD70, 0xFD70, 0xFD70, 0xF570, 0xF570, 0xFD71, 0xFD70,
    0xF570, 0xF570, 0xFDF2, 0xFE33, 0xED90, 0xF5F1, 0xFE73, 0xF5D2, 0xF591, 0xF590, 0xF570, 0xF5B1,
    0xFE93, 0xFE12, 0xF571, 0xFD71, 0xFD70, 0xFD70, 0xFD70, 0xFD70, 0xFD70, 0xFD70, 0xFD70, 0xFD70,
    0xFD70, 0xFD70, 0xFD70, 0xFD70, 0xFD70, 0xFD70, 0xFD70, 0xFD70, 0xFD70, 0xFD70, 0xFD70, 0xFD70,
    0xFD70, 0xFD70, 0xFD70, 0xFD70, 0xFD70, 0xFD70, 0xFD70, 0xFD70, 0x8356, 0x8356, 0x8356, 0x8356,
    0x8356, 0x8356, 0x8356, 0x8356, 0x8356, 0x8B76, 0x9B97, 0x9B97, 0x9B97, 0x9BB7, 0x9396, 0x8356,
    0x8356, 0x8356, 0x8356, 0x8356, 0x8356, 0x8356, 0x8356, 0x8376, 0x8356, 0x9396, 0xA3B6, 0xA3B7,
    0xA3B6, 0xA3B6, 0x9B96, 0x9B97, 0x8B77, 0x9396, 0xA3B7, 0xA3B6, 0xABB7, 0xABB7, 0xABB7, 0xABB7,
    0xABB7, 0xABB6, 0xABB7, 0x9B96, 0x9376, 0x9396, 0x9B96, 0xABB7, 0xABB7, 0xA3B7, 0xA3B7, 0xA3B7,
    0xA3B7, 0xABD7, 0xABD6, 0xABD7, 0xABB7, 0xABB7, 0xABB7, 0xABB7, 0xABB7, 0xABB7, 0xA3B7, 0xA3B7,
    0xA3B6, 0xABB6, 0xABB7, 0xABB6, 0xABB6, 0xABB6, 0xABB6, 0xABD7, 0xABD7, 0xABD7, 0xABD7, 0xABB6,
    0xB3B6, 0xABD6, 0xB3D6, 0xB3D6, 0xC3F5, 0xC3F6, 0xCBF5, 0xDC35, 0xE455, 0xEC54, 0xEC54, 0xEC74,
    0xF454, 0xF454, 0xEC53, 0xEC54, 0xEC54, 0xEC34, 0xF4B4, 0xFD15, 0xF4B3, 0xF4B3, 0xF4D4, 0xFD14,
    0xFD34, 0xF534, 0xFD54, 0xFD93, 0xFE53, 0xF5D3, 0xED14, 0xEC94, 0xE434, 0xE454, 0xE454, 0xE434,
    0xE434, 0xE434, 0xE434, 0xE434, 0xEC54, 0xEC74, 0xEC74, 0xEC74, 0xEC74, 0xEC74, 0xEC74, 0xEC74,
    0xEC54, 0xEC54, 0xDC55, 0xD435, 0xD435, 0xD435, 0xD435, 0xD435, 0xD435, 0xD435, 0xD435, 0xD435,
    0xD435, 0xD435, 0xD435, 0xD435, 0xD435, 0xD435, 0xD435, 0xD435, 0xD435, 0xD455, 0xD455, 0xD455,
    0xD454, 0xD455, 0xD455, 0xD455, 0xD455, 0xD455, 0xD455, 0xD454, 0xD435, 0xD434, 0xD454, 0xD435,
    0xD434, 0xCC34, 0xC416, 0xBBF6, 0xBBD6, 0xB3F6, 0xB3F6, 0xBBD6, 0xBBD6, 0xB3F6, 0xBBD6, 0xBBF6,
    0xBBF6, 0xBBF6, 0xBBF6, 0xBBF6, 0xBBF7, 0xBBF7, 0xB3D6, 0xB3F6, 0xB3D6, 0xBBF7, 0xB3D6, 0xB3D6,
    0xB3F6, 0xBBF6, 0xC3D6, 0xC3D6, 0xC3F6, 0xC3D5, 0xD3F5, 0xD415, 0xD415, 0xD415, 0xD415, 0xDC15,
    0xE415, 0xE414, 0xE434, 0xDC35, 0xDC15, 0xDC15, 0xE434, 0xE434, 0xE434, 0xE414, 0xE434, 0xE453,
    0xF473, 0xF4D2, 0xFD50, 0xFD50, 0xFD50, 0xFD50, 0xFD50, 0xFD50, 0xFD50, 0xFD71, 0xFD71, 0xFD70,
    0xFD70, 0xFD71, 0xFD71, 0xFD71, 0xFD70, 0xFDD2, 0xFE33, 0xFE33, 0xFE33, 0xFE33, 0xFE33, 0xFE33,
    0xFE33, 0xFE33, 0xFE33, 0xFE33, 0xFE33, 0xFE33, 0xFE32, 0xFE32, 0xFE32, 0xFE32, 0xFE32, 0xFE32,
    0xFE12, 0xFDB1, 0xFD91, 0xFD70, 0xFD70, 0xFD70, 0xFD70, 0xFD70, 0xFD70, 0xFD70, 0xFD70, 0xFD70,
    0xFD70, 0xFD70, 0xFD70, 0xFD70, 0xFD70, 0xFD70, 0xFD50, 0xFD50, 0xFD70, 0xFD70, 0xFD70, 0xFD70,
    0xFD70, 0xFD70, 0xFD50, 0xFD70, 0xFDD2, 0xFDD1, 0xF591, 0xFDD2, 0xFE12, 0xFE73, 0xFE94, 0xFEB4,
    0xFE73, 0xFEB4, 0xFED4, 0xFE94, 0xFE73, 0xFE74, 0xFE54, 0xFE73, 0xFED4, 0xFE94, 0xFDF2, 0xFD91,
    0xFD70, 0xFD70, 0xFD70, 0xFD70, 0xFD70, 0xFD70, 0xFD70, 0xFD70, 0xFD70, 0xFD70, 0xFD70, 0xFD70,
    0xFD70, 0xFD70, 0xFD70, 0xFD70, 0xFD70, 0xFD70, 0xFD70, 0xFD70, 0xFD70, 0xFD70, 0xFD70, 0xFD70,
    0xFD70, 0xFD70, 0xFD90, 0xFD90, 0x8356, 0x8356, 0x8356, 0x8356, 0x8356, 0x8356, 0x8356, 0x8B56,
    0x8356, 0x9376, 0xA3B7, 0xA3B7, 0xA3B7, 0xABB7, 0x9B97, 0x8356, 0x8B56, 0x8B56, 0x8356, 0x8356,
    0x8356, 0x8376, 0x8376, 0x8B76, 0x8376, 0x8B76, 0x9B96, 0x9B96, 0x9396, 0x9396, 0x9376, 0x8B76,
    0x8B76, 0x8B76, 0x9396, 0x9396, 0x9B96, 0x9B96, 0x9B96, 0x9B96, 0x9B96, 0x9B76, 0x9B76, 0x9376,
    0x8B76, 0x8376, 0x9376, 0x9B96, 0x9B96, 0x9B96, 0x9376, 0x9B97, 0x9B97, 0xABB7, 0xABB6, 0xABD6,
    0xABB7, 0xABB7, 0xABB7, 0xABB7, 0xABB6, 0xABD6, 0xA396, 0x9377, 0x9376, 0xA397, 0xABB7, 0xABD6,
    0xABB6, 0xABD6, 0xABD6, 0xABB6, 0xABD6, 0xABB7, 0xABB7, 0xABD6, 0xABB6, 0x9BB6, 0xA396, 0xABB6,
    0xB3D5, 0xB3D6, 0xBBD6, 0xCBF5, 0xD434, 0xEC54, 0xE454, 0xE434, 0xEC54, 0xEC34, 0xEC54, 0xEC54,
    0xF454, 0xEC33, 0xF474, 0xF4D4, 0xF4B4, 0xF4B4, 0xF4D4, 0xF4F3, 0xF513, 0xF533, 0xF554, 0xFD94,
    0xFE53, 0xF633, 0xFE14, 0xE4D4, 0xE434, 0xE454, 0xE454, 0xE454, 0xE434, 0xE434, 0xE434, 0xE434,
    0xEC54, 0xEC74, 0xEC74, 0xEC74, 0xEC74, 0xEC74, 0xEC74, 0xEC74, 0xEC54, 0xEC54, 0xEC54, 0xEC54,
    0xE455, 0xE455, 0xE455, 0xE435, 0xE435, 0xE455, 0xE455, 0xE454, 0xE454, 0xE454, 0xE454, 0xE454,
    0xE434, 0xE454, 0xE494, 0xEC94, 0xEC93, 0xECB3, 0xECB4, 0xEC93, 0xECB3, 0xECB3, 0xECB3, 0xECB3,
    0xECB4, 0xECB4, 0xECB3, 0xECB3, 0xECB3, 0xECB3, 0xECD3, 0xF4D3, 0xF4D3, 0xDC74, 0xC415, 0xBBD6,
    0xB3D6, 0xB3D6, 0xB3D6, 0xB3D6, 0xB3D6, 0xBBF6, 0xBBD6, 0xB3D6, 0xB3F6, 0xB3D6, 0xB3D6, 0xB3D6,
    0xBBF6, 0xBBD6, 0xBBD6, 0xBBD6, 0xB3F6, 0xB3F6, 0xB3F6, 0xB3F6, 0xB3F6, 0xBBF6, 0xBBD6, 0xBBD6,
    0xBBF6, 0xBBF6, 0xC416, 0xCC16, 0xCC15, 0xCC16, 0xCC15, 0xD415, 0xD3F5, 0xD414, 0xD415, 0xD415,
    0xD415, 0xD3F5, 0xDC14, 0xDC34, 0xE434, 0xE434, 0xE434, 0xE454, 0xE433, 0xEC92, 0xFD31, 0xFD50,
    0xFD50, 0xFD50, 0xFD70, 0xFD70, 0xFD70, 0xFD70, 0xFD70, 0xFD70, 0xFD70, 0xFD70, 0xFD70, 0xFD70,
    0xFD70, 0xFDF2, 0xFE74, 0xFE73, 0xFE73, 0xFE73, 0xFE73, 0xFE73, 0xFE73, 0xFE53, 0xFE53, 0xFE53,
    0xFE53, 0xFE53, 0xFE53, 0xFE53, 0xFE53, 0xFE53, 0xFE53, 0xFE53, 0xFE33, 0xF5D1, 0xFD91, 0xFD71,
    0xFD71, 0xFD70, 0xFD70, 0xFD70, 0xFD70, 0xFD70, 0xFD70, 0xFD70, 0xFD70, 0xFD70, 0xFD70, 0xFD70,
    0xFD70, 0xFD70, 0xFD70, 0xFD70, 0xFD71, 0xFD71, 0xFD71, 0xFD71, 0xFD71, 0xFD71, 0xFD70, 0xFD71,
    0xFDB1, 0xFD91, 0xF570, 0xFDB1, 0xFDD1, 0xFE12, 0xF612, 0xF632, 0xFEB4, 0xFE94, 0xF653, 0xFE12,
    0xF5F2, 0xF5F2, 0xF5F2, 0xF5F2, 0xFE12, 0xF632, 0xFE53, 0xFDB1, 0xFD70, 0xFD70, 0xFD71, 0xFD71,
    0xFD71, 0xFD71, 0xFD71, 0xFD71, 0xFD71, 0xFD71, 0xFD71, 0xFD91, 0xFD71, 0xFD71, 0xFD71, 0xFD71,
    0xFD70, 0xFD70, 0xFD70, 0xFD70, 0xFD70, 0xFD70, 0xFD70, 0xFD70, 0xFD70, 0xFD70, 0xFD70, 0xFD70,
    0x8356, 0x8356, 0x8356, 0x8356, 0x8356, 0x8356, 0x8356, 0x8356, 0x8356, 0x8B76, 0x9B96, 0xA3B6,
    0xA3B6, 0xA3B7, 0x9376, 0x8356, 0x8B56, 0x8B56, 0x8356, 0x8356, 0x8356, 0x8376, 0x8376, 0x8B76,
    0x8B76, 0x8B76, 0x8B76, 0x8B76, 0x8B76, 0x8B76, 0x8B56, 0x8B56, 0x8376, 0x8376, 0x8376, 0x8376,
    0x8B76, 0x8B76, 0x8B76, 0x8B76, 0x8B76, 0x8B76, 0x8B76, 0x8B76, 0x8B76, 0x8376, 0x8B76, 0x8B76,
    0x8B77, 0x8B76, 0x8B76, 0x8B96, 0x9B96, 0xABB7, 0xABB6, 0xABB6, 0xABB6, 0xABB6, 0xABB6, 0xABB6,
    0xABB6, 0xABB6, 0x9B96, 0x8B77, 0x8B76, 0x9376, 0xA396, 0xAB96, 0xABB6, 0xA3B6, 0xA3B7, 0xABB6,
    0xABD7, 0xABD6, 0xABB6, 0xABB6, 0x9BD7, 0x8B76, 0x9396, 0x93B6, 0xB3D6, 0xB3D6, 0xB3D6, 0xB3D6,
    0xBBF5, 0xD416, 0xCC15, 0xCC15, 0xE454, 0xEC54, 0xEC54, 0xEC53, 0xF453, 0xF474, 0xF474, 0xEC73,
    0xF4B3, 0xF493, 0xF493, 0xF534, 0xF554, 0xF593, 0xF553, 0xF553, 0xF5F3, 0xFE13, 0xFE54, 0xED74,
    0xECD4, 0xE454, 0xEC74, 0xEC74, 0xEC74, 0xE454, 0xE434, 0xE454, 0xEC54, 0xEC74, 0xEC74, 0xEC74,
    0xEC74, 0xEC74, 0xEC74, 0xEC74, 0xEC54, 0xEC54, 0xEC54, 0xEC54, 0xEC54, 0xF454, 0xEC54, 0xEC54,
    0xEC54, 0xEC54, 0xEC54, 0xEC54, 0xEC54, 0xEC54, 0xEC54, 0xEC54, 0xEC54, 0xEC54, 0xF493, 0xF4B2,
    0xF4D3, 0xF4D3, 0xF4D2, 0xF4D3, 0xF4D3, 0xF4D2, 0xF4F3, 0xF4F3, 0xF4D3, 0xF4D3, 0xF4D3, 0xF4D3,
    0xF4D3, 0xF4F2, 0xF4F2, 0xF512, 0xFD12, 0xECD2, 0xD493, 0xC414, 0xBBB5, 0xB3B5, 0xB3D5, 0xBBD5,
    0xBBF5, 0xBBF5, 0xBBF4, 0xBBF5, 0xC3F5, 0xC3F5, 0xC3F5, 0xC3F5, 0xBBD5, 0xB3D6, 0xB3D6, 0xB3D6,
    0xB3D6, 0xB3F6, 0xB3D6, 0xB3D6, 0xB3D6, 0xB3D6, 0xB3D6, 0xB3D6, 0xB3D6, 0xB3D6, 0xBBF6, 0xBBF6,
    0xBBF6, 0xC3F6, 0xC3F5, 0xC3F5, 0xC3F5, 0xC3F5, 0xC3F5, 0xC3F5, 0xC3F5, 0xCBF5, 0xCBF4, 0xD415,
    0xD415, 0xD414, 0xDC34, 0xDC34, 0xDC15, 0xE434, 0xECB2, 0xF4F1, 0xF530, 0xFD51, 0xFD50, 0xFD70,
    0xFD70, 0xFD70, 0xFD70, 0xFD70, 0xFD70, 0xFD70, 0xFD70, 0xFD70, 0xFD70, 0xFDB1, 0xF5F2, 0xFDF2,
    0xFDF2, 0xFDD2, 0xFDD2, 0xFDD2, 0xFDF2, 0xFDD2, 0xFDD2, 0xFDD2, 0xFDD1, 0xFDD1, 0xFDD1, 0xFDD1,
    0xFDD2, 0xFDD2, 0xFDD2, 0xFDF2, 0xFDD1, 0xFDB0, 0xFD90, 0xFD71, 0xFD71, 0xFD70, 0xFD70, 0xFD70,
    0xFD70, 0xFD70, 0xFD70, 0xFD70, 0xFD70, 0xFD70, 0xFD70, 0xFD70, 0xFD70, 0xFD70, 0xFD71, 0xFD71,
    0xFD71, 0xFD71, 0xFD71, 0xFD71, 0xFD71, 0xFD71, 0xFD71, 0xFD71, 0xFD70, 0xFD71, 0xFD70, 0xFD70,
    0xFD70, 0xFD70, 0xFD70, 0xF591, 0xFE12, 0xFDD2, 0xF591, 0xFD71, 0xF570, 0xFD50, 0xFD50, 0xF550,
    0xFD70, 0xFD91, 0xFDD2, 0xFD91, 0xFD70, 0xFD70, 0xFD71, 0xFD71, 0xFD71, 0xFD71, 0xFD71, 0xFD71,
    0xFD71, 0xFD71, 0xFD71, 0xFD91, 0xFD91, 0xFD70, 0xFD70, 0xFD71, 0xFD70, 0xFD70, 0xFD70, 0xFD70,
    0xFD70, 0xFD70, 0xFD70, 0xFD70, 0xFD70, 0xFD70, 0xFD70, 0xFD70, 0x8356, 0x8356, 0x8356, 0x8356,
    0x8356, 0x8356, 0x8356, 0x8356, 0x8356, 0x8B56, 0x8B76, 0x9397, 0x9B96, 0x9B96, 0x8B76, 0x8376,
    0x8B56, 0x8356, 0x8356, 0x8356, 0x8356, 0x8376, 0x8376, 0x8376, 0x8356, 0x8376, 0x8376, 0x8376,
    0x8376, 0x8376, 0x8376, 0x8356, 0x8376, 0x8B76, 0x8376, 0x8376, 0x8376, 0x8376, 0x8376, 0x8376,
    0x8376, 0x8376, 0x8B76, 0x8B76, 0x8B56, 0x8B76, 0x8376, 0x8B76, 0x8B77, 0x8B76, 0x8B76, 0x8B76,
    0x9396, 0xABB7, 0xA3B7, 0xABD7, 0xA3B7, 0xA3B6, 0xA3B7, 0xA3B7, 0xA3B6, 0xA3B6, 0x9396, 0x8B77,
    0x9376, 0x9B76, 0xA376, 0xA3B6, 0xA3B7, 0x9B96, 0x9B96, 0x9B97, 0x9BB7, 0xA3B6, 0xA3B6, 0x9BB6,
    0x9B96, 0x9B76, 0x9B96, 0xABB6, 0xBBD6, 0xBBD6, 0xB3D6, 0xB3F7, 0xB3F6, 0xBBD6, 0xB3D6, 0xBBF5,
    0xDC35, 0xDC34, 0xEC54, 0xEC54, 0xF473, 0xF494, 0xF494, 0xF4B4, 0xF4F3, 0xF4D3, 0xF493, 0xFD75,
    0xFDB4, 0xFE15, 0xF5B4, 0xF553, 0xF574, 0xFDD4, 0xFE53, 0xFE34, 0xF5B5, 0xE454, 0xEC94, 0xF4B4,
    0xF4B4, 0xF494, 0xE475, 0xEC74, 0xEC54, 0xEC54, 0xEC74, 0xEC74, 0xEC74, 0xEC74, 0xEC74, 0xEC74,
    0xEC54, 0xEC54, 0xEC54, 0xEC74, 0xEC74, 0xEC54, 0xEC54, 0xEC54, 0xEC54, 0xEC54, 0xEC54, 0xEC54,
    0xEC54, 0xEC54, 0xEC54, 0xEC54, 0xEC54, 0xEC54, 0xF493, 0xF4B2, 0xF4B2, 0xF4B2, 0xF4D2, 0xF4D2,
    0xF4D2, 0xF4F2, 0xF4D2, 0xF4D2, 0xF4D3, 0xF4D3, 0xF4D2, 0xF4D2, 0xF4D2, 0xF4F2, 0xF511, 0xF511,
    0xF511, 0xF531, 0xF533, 0xDC93, 0xD453, 0xD452, 0xD452, 0xD473, 0xDC73, 0xDC73, 0xD472, 0xDC73,
    0xDC73, 0xDC72, 0xDC92, 0xDC93, 0xCC34, 0xC434, 0xC414, 0xC414, 0xCC35, 0xCC35, 0xC435, 0xC435,
    0xC435, 0xC415, 0xCC15, 0xCC15, 0xCC15, 0xCC35, 0xCC35, 0xCC35, 0xCC35, 0xCC35, 0xD455, 0xCC35,
    0xCC35, 0xCC35, 0xCC35, 0xD455, 0xD455, 0xD455, 0xD454, 0xD454, 0xDC54, 0xDC74, 0xE474, 0xE474,
    0xE474, 0xEC73, 0xEC93, 0xECB2, 0xF4F2, 0xFD52, 0xFD51, 0xFD70, 0xFD70, 0xFD70, 0xFD70, 0xFD70,
    0xFD70, 0xFD70, 0xFD70, 0xFD70, 0xFD70, 0xFD70, 0xF571, 0xFD70, 0xFD70, 0xFD70, 0xF571, 0xF570,
    0xF570, 0xF570, 0xFD70, 0xFD70, 0xF570, 0xF570, 0xF570, 0xF570, 0xFD70, 0xFD70, 0xFD70, 0xFD70,
    0xFD70, 0xFD70, 0xFD90, 0xFD71, 0xFD71, 0xFD70, 0xFD70, 0xFD70, 0xFD70, 0xFD70, 0xFD70, 0xFD70,
    0xFD70, 0xFD70, 0xFD70, 0xFD70, 0xFD70, 0xFD70, 0xFD71, 0xFD71, 0xFD71, 0xFD71, 0xFD71, 0xFD71,
    0xFD71, 0xFD71, 0xFD71, 0xFD71, 0xFD71, 0xFD71, 0xFD70, 0xFD70, 0xFD70, 0xFD70, 0xFD71, 0xFD71,
    0xFD71, 0xFD71, 0xFD51, 0xFD71, 0xFD71, 0xFD71, 0xFD70, 0xFD70, 0xFD70, 0xFD50, 0xFD70, 0xFD70,
    0xFD70, 0xFD70, 0xFD71, 0xFD71, 0xFD71, 0xFD71, 0xFD71, 0xFD71, 0xFD71, 0xFD71, 0xFD71, 0xF591,
    0xF5D1, 0xF5B1, 0xF570, 0xFD71, 0xFD70, 0xFD70, 0xFD70, 0xFD70, 0xFD70, 0xFD70, 0xFD70, 0xFD70,
    0xFD70, 0xFD70, 0xFD70, 0xFD70, 0x8356, 0x8356, 0x8376, 0x8376, 0x8376, 0x8376, 0x8356, 0x8B56,
    0x8356, 0x8356, 0x8376, 0x8B76, 0x8B56, 0x8356, 0x8376, 0x8356, 0x8B56, 0x8356, 0x8356, 0x8356,
    0x8356, 0x8356, 0x8356, 0x8356, 0x8B56, 0x8376, 0x8376, 0x8376, 0x8356, 0x8356, 0x8376, 0x8376,
    0x8376, 0x8376, 0x8376, 0x8376, 0x8376, 0x8376, 0x8376, 0x8376, 0x8376, 0x8376, 0x8376, 0x8376,
    0x8376, 0x8376, 0x8375, 0x8B76, 0x8B76, 0x8B76, 0x8B76, 0x8B76, 0x9396, 0x9BB7, 0x9BB7, 0x9BB7,
    0x8B76, 0x8B76, 0x9376, 0x9376, 0x8B76, 0x8B76, 0x8B76, 0x9376, 0xA3B7, 0xABB7, 0xABB7, 0xABB7,
    0xABB6, 0xABB6, 0x9396, 0x8B76, 0x8B76, 0x9376, 0x9376, 0x8B76, 0x9B96, 0xA3B7, 0xB3D6, 0xC3F6,
    0xCC16, 0xC3F5, 0xBBD5, 0xB3D6, 0xB3F6, 0xB3D6, 0xB3D6, 0xBBF6, 0xC3F6, 0xD3F5, 0xEC34, 0xF454,
    0xF474, 0xF473, 0xF474, 0xF4B3, 0xFD94, 0xFD34, 0xF494, 0xF514, 0xF553, 0xFDF4, 0xFDF4, 0xFDD5,
    0xF534, 0xFDB3, 0xFE14, 0xFE53, 0xF5D4, 0xEC54, 0xF494, 0xF4B3, 0xF4B3, 0xE494, 0xC435, 0xE474,
    0xEC74, 0xEC54, 0xEC54, 0xEC54, 0xEC54, 0xEC54, 0xEC54, 0xEC54, 0xEC54, 0xEC54, 0xEC73, 0xEC74,
    0xEC74, 0xEC74, 0xEC55, 0xEC74, 0xEC74, 0xEC74, 0xEC74, 0xEC54, 0xEC74, 0xEC54, 0xEC54, 0xEC54,
    0xEC54, 0xEC54, 0xEC94, 0xF4B4, 0xF4B3, 0xF4D3, 0xF4B2, 0xF4D2, 0xF4F2, 0xF4F2, 0xF4D3, 0xF4D3,
    0xF4D3, 0xF4D3, 0xF4D3, 0xF4F2, 0xF4F2, 0xF512, 0xF532, 0xF531, 0xF532, 0xF511, 0xF531, 0xFD32,
    0xF532, 0xFD32, 0xFD32, 0xFD32, 0xFD52, 0xFD32, 0xFD32, 0xFD32, 0xFD32, 0xFD52, 0xFD52, 0xF532,
    0xED12, 0xED13, 0xF513, 0xF513, 0xF512, 0xF512, 0xED12, 0xED12, 0xED32, 0xED32, 0xED32, 0xED12,
    0xED32, 0xF533, 0xF533, 0xF512, 0xF512, 0xF532, 0xF532, 0xF532, 0xED52, 0xF552, 0xF532, 0xF552,
    0xF532, 0xF552, 0xF552, 0xF552, 0xFD52, 0xFD52, 0xFD52, 0xFD52, 0xF551, 0xF551, 0xFD52, 0xFD51,
    0xFD51, 0xFD50, 0xFD70, 0xFD70, 0xFD70, 0xFD70, 0xFD70, 0xFD70, 0xFD70, 0xFD70, 0xFD70, 0xFD70,
    0xFD70, 0xFD70, 0xFD70, 0xFD70, 0xFD71, 0xFD71, 0xFD70, 0xFD70, 0xFD70, 0xFD70, 0xFD71, 0xFD71,
    0xFD70, 0xFD70, 0xFD70, 0xFD70, 0xFD90, 0xFD90, 0xFD70, 0xFD70, 0xFD70, 0xFD90, 0xFD70, 0xFD70,
    0xFD70, 0xFD70, 0xFD70, 0xFD70, 0xFD70, 0xFD70, 0xFD70, 0xFD70, 0xFD70, 0xFD70, 0xFD70, 0xFD70,
    0xFD70, 0xFD71, 0xFD71, 0xFD91, 0xFD91, 0xFD91, 0xFD91, 0xFD91, 0xF591, 0xF591, 0xFD91, 0xFD91,
    0xF591, 0xF591, 0xF590, 0xF590, 0xF590, 0xF591, 0xFD91, 0xFD91, 0xFD71, 0xFD71, 0xFD71, 0xFD71,
    0xFD71, 0xFD71, 0xFD71, 0xFD70, 0xFD70, 0xFD70, 0xFD70, 0xFD70, 0xFD71, 0xFD71, 0xFD71, 0xFD71,
    0xFD71, 0xFD91, 0xFD91, 0xFD90, 0xFD90, 0xFD90, 0xF590, 0xF5B1, 0xFE53, 0xFE12, 0xF590, 0xFD90,
    0xFD90, 0xFD90, 0xFD90, 0xF590, 0xF590, 0xFD90, 0xFD90, 0xFD90, 0xF590, 0xFD90, 0xFD90, 0xFD91,
    0x8356, 0x8356, 0x8356, 0x8356, 0x8356, 0x8356, 0x8356, 0x8B56, 0x8B56, 0x8B76, 0x8B56, 0x8B56,
    0x8B56, 0x8356, 0x8B56, 0x8B56, 0x8B56, 0x8B56, 0x8B56, 0x8B56, 0x8B56, 0x8B56, 0x8B56, 0x8B56,
    0x8B56, 0x8B56, 0x8B76, 0x8B76, 0x8B76, 0x8B76, 0x8B76, 0x8B76, 0x8B76, 0x8B76, 0x8B76, 0x8B76,
    0x8B76, 0x8B76, 0x8B76, 0x8B76, 0x8B76, 0x8B76, 0x8B76, 0x8B76, 0x8B76, 0x8376, 0x8B76, 0x8B76,
    0x8B76, 0x8B76, 0x8B76, 0x8B96, 0x8B76, 0x9376, 0x9375, 0x9396, 0x8B76, 0x8B76, 0x9376, 0x9376,
    0x9356, 0x9356, 0x9376, 0xA396, 0xABB7, 0xABB6, 0xABB6, 0xABB6, 0xABB6, 0xABB6, 0x9B76, 0x9375,
    0x9376, 0x9B96, 0x9B96, 0x9376, 0x9B96, 0xABD7, 0xABB6, 0xBBD5, 0xCBF5, 0xCC15, 0xCC35, 0xBBD5,
    0xBBD6, 0xB3F6, 0xB3D5, 0xBBD5, 0xBBD6, 0xCBF6, 0xE434, 0xEC35, 0xEC54, 0xF494, 0xF494, 0xF4B3,
    0xF513, 0xF4D4, 0xF473, 0xF4B3, 0xF4F3, 0xFD94, 0xFDB4, 0xFDB5, 0xF534, 0xF573, 0xF573, 0xFE13,
    0xF5D4, 0xEC53, 0xF474, 0xF493, 0xFCD4, 0xBBB2, 0x620D, 0xD434, 0xF494, 0xEC74, 0xEC74, 0xEC74,
    0xEC54, 0xEC54, 0xEC54, 0xEC54, 0xEC54, 0xEC73, 0xEC73, 0xEC73, 0xEC74, 0xEC55, 0xEC55, 0xEC74,
    0xEC74, 0xEC74, 0xEC74, 0xEC74, 0xEC74, 0xEC74, 0xEC74, 0xEC53, 0xEC53, 0xEC53, 0xEC73, 0xEC94,
    0xF4D3, 0xF4D2, 0xF4D3, 0xF4F2, 0xF4F2, 0xF4F2, 0xF4D3, 0xF4D3, 0xF4D2, 0xF4F2, 0xF4F3, 0xFD12,
    0xFD32, 0xFD32, 0xFD31, 0xF531, 0xF532, 0xF511, 0xF531, 0xF531, 0xF531, 0xFD31, 0xFD31, 0xFD31,
    0xFD31, 0xFD31, 0xFD31, 0xF531, 0xF531, 0xFD31, 0xFD31, 0xFD31, 0xFD31, 0xFD31, 0xFD51, 0xFD51,
    0xFD51, 0xFD51, 0xF551, 0xF551, 0xF551, 0xF551, 0xF551, 0xF551, 0xF551, 0xF551, 0xF551, 0xF551,
    0xF551, 0xF550, 0xF550, 0xFD51, 0xF551, 0xF551, 0xF551, 0xF551, 0xF551, 0xFD51, 0xFD50, 0xFD70,
    0xFD70, 0xFD70, 0xFD70, 0xFD70, 0xFD71, 0xFD71, 0xFD51, 0xFD51, 0xFD71, 0xFD71, 0xFD71, 0xFD71,
    0xFD70, 0xFD70, 0xFD70, 0xFD70, 0xFD70, 0xFD70, 0xFD70, 0xFD70, 0xFD70, 0xFD90, 0xFD90, 0xFD91,
    0xFD91, 0xF591, 0xFD91, 0xFD90, 0xF570, 0xFD70, 0xFD70, 0xFD70, 0xFD70, 0xFD70, 0xFD70, 0xFD70,
    0xFD70, 0xFD70, 0xFD70, 0xFD70, 0xFD70, 0xFD70, 0xFD70, 0xFD70, 0xFD70, 0xFD70, 0xFD70, 0xFD70,
    0xFD70, 0xFD70, 0xFD70, 0xFD70, 0xFD70, 0xFD70, 0xFD70, 0xFD70, 0xFD71, 0xFD70, 0xFDB1, 0xFDD2,
    0xFDD1, 0xFDD1, 0xFDD1, 0xFDD1, 0xF5D1, 0xF5D1, 0xFDF2, 0xFDF2, 0xFDF2, 0xFDF2, 0xF5F2, 0xF5F2,
    0xF5F2, 0xFDD1, 0xFDB1, 0xF570, 0xFD70, 0xFD71, 0xFD71, 0xFD71, 0xFD71, 0xFD71, 0xFD71, 0xFD70,
    0xFD70, 0xFD70, 0xFD70, 0xFD70, 0xFD71, 0xFD71, 0xFD71, 0xFD91, 0xFDB1, 0xFDD1, 0xFDF1, 0xFDF1,
    0xFDD1, 0xFDD1, 0xFDF1, 0xFE11, 0xFE73, 0xF672, 0xFE32, 0xF5F1, 0xF5D1, 0xF5F1, 0xF5F1, 0xFDF1,
    0xFDF1, 0xFDF1, 0xFDF1, 0xFDF1, 0xFDF1, 0xF5F1, 0xFDF1, 0xFDF1, 0xA3B7, 0xA3B7, 0xA3B7, 0xA3B7,
    0xA3B7, 0xA3B7, 0xA3B7, 0xA3B7, 0xA3B7, 0xA3B7, 0xA3B7, 0xA3B7, 0xA3B7, 0xA3B7, 0xA3B7, 0xA3B7,
    0xA3B7, 0xA3B7, 0xA3B7, 0xA3B7, 0xA3B7, 0xA3B7, 0xA3B7, 0xA3B7, 0xA3B6, 0xA3B6, 0xA3B7, 0xA3B7,
    0xA3B7, 0xA3B7, 0xA3B7, 0xA3B7, 0xA3B7, 0xA3B7, 0xA3B7, 0xA3B7, 0xA3B7, 0xA3B7, 0xA3B7, 0xA3B7,
    0xA3B7, 0xA3B6, 0xA3B6, 0xA3B7, 0xA3B7, 0xA3B7, 0xA3B7, 0xA3B7, 0xA3B7, 0xA3B6, 0xA3B6, 0xA3B7,
    0xA3B7, 0xA3B6, 0xA3B6, 0xA3B7, 0xA3B7, 0xA3B7, 0xA3B6, 0xA3B6, 0xA3B6, 0xA3B6, 0xABB6, 0xABB6,
    0xABB6, 0xABB6, 0xA396, 0xA3B6, 0xABB6, 0xA3D6, 0xA396, 0xA396, 0xA3B6, 0xABB6, 0xABB6, 0xA3B6,
    0xABD6, 0xABD6, 0xABD6, 0xB3D6, 0xCBF5, 0xD415, 0xE475, 0xD436, 0xC3F6, 0xB3D6, 0xCBF6, 0xDBF6,
    0xD3F6, 0xD415, 0xE433, 0xE434, 0xEC54, 0xF494, 0xEC93, 0xF4B4, 0xF493, 0xEC94, 0xF474, 0xF493,
    0xECB3, 0xFD54, 0xF554, 0xF533, 0xF4F4, 0xF4F4, 0xF513, 0xFDD4, 0xF5B5, 0xEC54, 0xF474, 0xEC73,
    0xF474, 0xDC55, 0xC435, 0xDC34, 0xEC53, 0xEC74, 0xEC73, 0xEC73, 0xEC54, 0xEC54, 0xE454, 0xE454,
    0xEC94, 0xF4F4, 0xF4F4, 0xF4D3, 0xEC73, 0xEC54, 0xEC54, 0xEC54, 0xEC54, 0xEC74, 0xEC74, 0xEC74,
    0xF4B4, 0xF4D4, 0xFCF4, 0xEC73, 0xEC73, 0xEC93, 0xEC73, 0xEC74, 0xF4D3, 0xF4D2, 0xF4D2, 0xF4F2,
    0xF4F2, 0xF4F2, 0xF4D3, 0xF4D3, 0xF4F2, 0xF4F2, 0xF4F2, 0xFD12, 0xFD32, 0xF531, 0xF531, 0xF531,
    0xF532, 0xF531, 0xF511, 0xF531, 0xF531, 0xFD31, 0xFD31, 0xFD31, 0xFD31, 0xFD31, 0xFD31, 0xFD31,
    0xFD32, 0xF552, 0xF572, 0xF572, 0xF551, 0xF551, 0xFD51, 0xFD51, 0xFD51, 0xFD51, 0xFD51, 0xFD50,
    0xFD50, 0xFD50, 0xFD50, 0xFD50, 0xFD50, 0xFD50, 0xFD50, 0xF570, 0xF570, 0xF570, 0xFD70, 0xF550,
    0xFD91, 0xFDD3, 0xFDF4, 0xFDF4, 0xFDF4, 0xFD92, 0xF570, 0xF570, 0xFD70, 0xFD70, 0xFD70, 0xFD70,
    0xFD71, 0xFD71, 0xFD71, 0xFDD3, 0xFDD3, 0xF592, 0xF571, 0xFD71, 0xFD71, 0xFD71, 0xFD71, 0xFD70,
    0xFD70, 0xFD70, 0xFD70, 0xFD70, 0xFD70, 0xF591, 0xF571, 0xFDF3, 0xFE34, 0xFE34, 0xFE13, 0xFDD2,
    0xFD91, 0xFD71, 0xFD70, 0xFD70, 0xFD70, 0xFD70, 0xFD70, 0xFD70, 0xFD70, 0xFD70, 0xFD70, 0xFD70,
    0xFD70, 0xFD70, 0xFD70, 0xFD70, 0xFD70, 0xFD70, 0xFD70, 0xFD70, 0xFD70, 0xFD70, 0xFD70, 0xFD70,
    0xFD70, 0xFD70, 0xFD70, 0xFD70, 0xFD70, 0xFD70, 0xFE12, 0xFE73, 0xFE73, 0xFE73, 0xFE53, 0xFE53,
    0xFE73, 0xFE73, 0xFE73, 0xFE73, 0xFE73, 0xFE73, 0xFE73, 0xFE73, 0xFE73, 0xFE73, 0xF5F2, 0xF591,
    0xFD71, 0xFD71, 0xFD71, 0xFD71, 0xFD71, 0xFD71, 0xFD71, 0xFD70, 0xFD70, 0xFD70, 0xFD70, 0xFD70,
    0xFD71, 0xFD71, 0xFD71, 0xFD91, 0xFE33, 0xFE53, 0xFE73, 0xFE73, 0xFE73, 0xFE73, 0xFE73, 0xFE73,
    0xFE93, 0xFE93, 0xFE93, 0xFE73, 0xFE73, 0xFE73, 0xFE73, 0xFE73, 0xFE73, 0xFE93, 0xFE93, 0xFE73,
    0xFE73, 0xFE93, 0xFE93, 0xFE93, 0xABD7, 0xABD7, 0xABD7, 0xABB7, 0xABB7, 0xABB7, 0xABB7, 0xABB7,
    0xABB7, 0xABB7, 0xABB7, 0xABB7, 0xABB7, 0xABD7, 0xABD7, 0xABD7, 0xABD7, 0xABB7, 0xABB7, 0xABD7,
    0xABD7, 0xABD7, 0xABD7, 0xABD7, 0xABB7, 0xABB7, 0xABD6, 0xABD6, 0xABB7, 0xABB7, 0xABB7, 0xABB7,
    0xABB7, 0xABB6, 0xABB6, 0xABB6, 0xABB7, 0xABB7, 0xABB7, 0xABD7, 0xABD7, 0xABB6, 0xABB6, 0xABB7,
    0xABB7, 0xABB7, 0xABD7, 0xABB7, 0xABB7, 0xABD7, 0xABD7, 0xABB7, 0xABB7, 0xABB7, 0xABB7, 0xABB7,
    0xABD7, 0xABB7, 0xABB7, 0xABB7, 0xABB7, 0xABB6, 0xABB6, 0xABB6, 0xA396, 0x9B96, 0x9396, 0x9B97,
    0xA397, 0x9396, 0x9B96, 0xA396, 0xA396, 0xA396, 0xA396, 0xA396, 0xA3B6, 0xB3B6, 0xABB7, 0xB3D6,
    0xBBD6, 0xBBD6, 0xC3F6, 0xC3F6, 0xBBD6, 0xB3D6, 0xBBD5, 0xCBD5, 0xC3B5, 0xCBF5, 0xD414, 0xE434,
    0xEC54, 0xF493, 0xF474, 0xF494, 0xF473, 0xF473, 0xF474, 0xEC74, 0xEC73, 0xEC93, 0xE493, 0xEC73,
    0xF474, 0xEC74, 0xEC94, 0xECD4, 0xECB4, 0xEC54, 0xEC34, 0xE413, 0xE434, 0xD414, 0xBBD4, 0xD413,
    0xE433, 0xEC53, 0xEC54, 0xEC54, 0xE434, 0xDC34, 0xE434, 0xE454, 0xE454, 0xEC74, 0xECB4, 0xF4D4,
    0xF4D4, 0xF4D4, 0xFCD5, 0xEC74, 0xEC54, 0xEC74, 0xEC54, 0xEC54, 0xEC74, 0xEC93, 0xECB3, 0xF4D4,
    0xF4F4, 0xFD34, 0xF4D4, 0xEC94, 0xF4D3, 0xF4D3, 0xF4D2, 0xF512, 0xF512, 0xF513, 0xF4F3, 0xF4F3,
    0xFD13, 0xFD12, 0xF512, 0xF532, 0xF531, 0xF511, 0xF511, 0xF531, 0xF531, 0xF532, 0xF531, 0xFD92,
    0xFD92, 0xF551, 0xFD31, 0xFD31, 0xFD31, 0xF551, 0xF551, 0xFD72, 0xF593, 0xFDF4, 0xFDF4, 0xF614,
    0xFDF3, 0xFD92, 0xF531, 0xFD31, 0xFD31, 0xFD50, 0xFD51, 0xFD50, 0xFD50, 0xFD71, 0xFD51, 0xFD51,
    0xFD50, 0xFD50, 0xFD50, 0xFD50, 0xFD50, 0xFD70, 0xFD71, 0xFDD3, 0xFDF4, 0xFE35, 0xFE35, 0xFE55,
    0xFE55, 0xFE14, 0xF5F4, 0xFD92, 0xFD70, 0xFD70, 0xFD71, 0xFD71, 0xFD70, 0xF5B1, 0xFDF4, 0xFE15,
    0xFE15, 0xFDF4, 0xFDF4, 0xFDF4, 0xFE13, 0xFDB2, 0xFD71, 0xFD91, 0xFD90, 0xFD90, 0xFD90, 0xFD91,
    0xFD70, 0xFDB2, 0xFE13, 0xFE15, 0xFE35, 0xFE55, 0xFE55, 0xF654, 0xF5B2, 0xFD71, 0xFD71, 0xFD71,
    0xFD70, 0xFD70, 0xFD70, 0xFD70, 0xFD70, 0xFD70, 0xFD70, 0xFD71, 0xFD71, 0xFD71, 0xFD70, 0xFD70,
    0xFD70, 0xFD70, 0xFD70, 0xFD71, 0xFD71, 0xFD70, 0xFD70, 0xFD70, 0xFD70, 0xFD70, 0xFD70, 0xFD70,
    0xFD71, 0xFD70, 0xF5B1, 0xF5D1, 0xFDD1, 0xFDD1, 0xFDD1, 0xFDD1, 0xFDD1, 0xFDD1, 0xFDD1, 0xFDD1,
    0xFDF1, 0xFDD2, 0xFDD2, 0xFDB2, 0xF5B2, 0xFDD2, 0xF591, 0xF571, 0xF571, 0xFD71, 0xFD71, 0xFD71,
    0xFD71, 0xFD71, 0xFD71, 0xFD71, 0xFD71, 0xFD71, 0xFD71, 0xFD70, 0xFD70, 0xFD70, 0xFD71, 0xFD91,
    0xFDB1, 0xF5D1, 0xF5F1, 0xF5F1, 0xFDD1, 0xFDD1, 0xF5F1, 0xF612, 0xFE93, 0xFE73, 0xFE32, 0xF612,
    0xF5F2, 0xF5F2, 0xF5F2, 0xFDD1, 0xFDD1, 0xF5F1, 0xF5F1, 0xF5F1, 0xF5F1, 0xF5F1, 0xF5F1, 0xFDF2,
    0xABB6, 0xABB6, 0xABD6, 0xABB6, 0xABB6, 0xABB7, 0xB3B7, 0xB3B7, 0xB3B6, 0xB3B6, 0xB3B6, 0xB3B6,
    0xB3B6, 0xB3B7, 0xB3B7, 0xB3B7, 0xB3B7, 0xB3B7, 0xB3B7, 0xABB7, 0xABB7, 0xABB7, 0xB3B7, 0xB3B7,
    0xB3B7, 0xB3B7, 0xB3B6, 0xB3B6, 0xB3B7, 0xB3B7, 0xB3B7, 0xB3B7, 0xB3B6, 0xB3B6, 0xB3B6, 0xB3B6,
    0xB3B6, 0xB3B6, 0xB3B6, 0xB3B6, 0xB3B6, 0xB3B6, 0xB3B6, 0xB3B7, 0xB3B7, 0xABB7, 0x9BB6, 0x9396,
    0x9396, 0x9396, 0x9396, 0x9B96, 0x9B97, 0x9B97, 0x9396, 0x9B96, 0x9396, 0x9B96, 0xABB6, 0xABB6,
    0xABB7, 0xAB96, 0xABB6, 0xA3B7, 0x9376, 0x8B76, 0x8B56, 0x9376, 0x9376, 0x8B76, 0x8B76, 0x9376,
    0x9376, 0x9376, 0x9376, 0x9376, 0x9B96, 0xB3D7, 0xABB7, 0xB3B6, 0xB3B6, 0xB3B6, 0xB3D7, 0xB3D6,
    0xB3D6, 0xABD6, 0xB3D6, 0xB3B6, 0xB3B6, 0xB3D6, 0xC3F6, 0xDC15, 0xEC34, 0xEC74, 0xEC54, 0xEC73,
    0xEC73, 0xEC73, 0xEC53, 0xEC54, 0xEC34, 0xE434, 0xDC14, 0xDC14, 0xE434, 0xE434, 0xDC34, 0xD434,
    0xDC14, 0xDC15, 0xDBF5, 0xDBF4, 0xDBF5, 0xCBF5, 0xB3D5, 0xD3F5, 0xDBF4, 0xDC14, 0xE434, 0xE435,
    0xCBF4, 0xCBF5, 0xCBF5, 0xDC15, 0xDC14, 0xDC14, 0xE454, 0xE474, 0xE474, 0xECB4, 0xF4D4, 0xF4B4,
    0xEC94, 0xE454, 0xEC54, 0xE434, 0xE454, 0xE454, 0xE454, 0xEC94, 0xECB4, 0xF4D4, 0xEC94, 0xEC74,
    0xEC94, 0xF4B3, 0xF4D2, 0xFD33, 0xFD33, 0xF512, 0xF4F3, 0xF4F3, 0xFD32, 0xFD32, 0xF512, 0xF512,
    0xF532, 0xF552, 0xF532, 0xFD32, 0xF531, 0xF552, 0xFDB3, 0xFDF4, 0xFDF4, 0xF5D3, 0xF5B2, 0xFDB3,
    0xFDB3, 0xFDB3, 0xFDD3, 0xFDD3, 0xFDB4, 0xFDB4, 0xFDD4, 0xFDF5, 0xFE35, 0xFDF4, 0xFD93, 0xF511,
    0xF511, 0xFD31, 0xFD51, 0xFD50, 0xFD70, 0xFD71, 0xFD71, 0xFD71, 0xFD71, 0xFD50, 0xFD50, 0xFD50,
    0xFD50, 0xFD50, 0xFD51, 0xFE14, 0xF655, 0xFE35, 0xFE36, 0xFE56, 0xFE56, 0xFE55, 0xFE55, 0xFDB2,
    0xFD70, 0xFD71, 0xFD71, 0xFD71, 0xFD70, 0xFD72, 0xFD95, 0xFD55, 0xF595, 0xF5D5, 0xFE15, 0xFE55,
    0xFE55, 0xFE14, 0xFDD2, 0xFD91, 0xFD90, 0xFD90, 0xFD90, 0xFD71, 0xFD71, 0xFDB3, 0xFE14, 0xF574,
    0xF574, 0xF5D4, 0xFE35, 0xFE55, 0xFE14, 0xFDD2, 0xFD70, 0xFD71, 0xFD70, 0xFD70, 0xFD70, 0xFD70,
    0xFD70, 0xFD70, 0xFD70, 0xFD71, 0xFD71, 0xFD71, 0xFD70, 0xFD70, 0xFD70, 0xFD70, 0xFD70, 0xFD71,
    0xFD71, 0xFD70, 0xFD70, 0xFD70, 0xFD70, 0xFD70, 0xFD70, 0xFD70, 0xFD71, 0xFD71, 0xFD70, 0xF570,
    0xFD71, 0xFD71, 0xFD71, 0xFD71, 0xFD71, 0xFD71, 0xFD70, 0xFD70, 0xFD70, 0xFD70, 0xFD51, 0xF551,
    0xF551, 0xFD71, 0xFD71, 0xFD71, 0xFD71, 0xFD71, 0xFD71, 0xFD71, 0xFD71, 0xFD71, 0xFD71, 0xFD71,
    0xFD71, 0xFD71, 0xFD71, 0xFD70, 0xFD70, 0xFD70, 0xFD71, 0xFD71, 0xFD71, 0xFD70, 0xF570, 0xF570,
    0xFD70, 0xFD71, 0xFD91, 0xFD91, 0xFE12, 0xFDF1, 0xFDD1, 0xFD91, 0xFD71, 0xFD71, 0xFD71, 0xF570,
    0xF570, 0xFD70, 0xFD70, 0xFD90, 0xFD90, 0xFD90, 0xFD91, 0xFD91, 0xA3B7, 0xA3B7, 0xA3B7, 0xA3B7,
    0xA3B7, 0xA3B6, 0xABB7, 0xABB7, 0xABB7, 0xABB7, 0xABB7, 0xABB7, 0xABB7, 0xABB7, 0xABB7, 0xABB7,
    0xABB7, 0xABB7, 0xABB7, 0xABB7, 0xA3B7, 0xA3B7, 0xA3B7, 0xA3B7, 0xABB7, 0xABB7, 0xABB6, 0xABB7,
    0xABD7, 0xABD7, 0xABB7, 0xABB7, 0xABB6, 0xABB6, 0xABB6, 0xABB6, 0xABB6, 0xABB6, 0xABB6, 0xABB6,
    0xABB6, 0xABB6, 0xABB6, 0xABB7, 0xABB6, 0xA3B6, 0x9376, 0x8356, 0x8376, 0x8376, 0x8376, 0x8356,
    0x8B56, 0x8B76, 0x8B77, 0x8B76, 0x8376, 0x9376, 0xA3B7, 0xA3B7, 0xA3B7, 0xA3B6, 0xA3B7, 0x9BB7,
    0x8B76, 0x8B76, 0x8B56, 0x8B76, 0x8B76, 0x8396, 0x8B76, 0x8B76, 0x8B76, 0x8B76, 0x8B76, 0x8377,
    0x9376, 0xABD7, 0xABB6, 0xABD6, 0xABD6, 0xB3B6, 0xB3B6, 0xB3B6, 0xB3D6, 0xB3D7, 0xB3D6, 0xABD6,
    0xB3D6, 0xB3D6, 0xB3D6, 0xD415, 0xE414, 0xE454, 0xE434, 0xEC53, 0xEC53, 0xE433, 0xDC13, 0xE434,
    0xE434, 0xD415, 0xCC15, 0xD3F4, 0xDC33, 0xD414, 0xCBF5, 0xCBF6, 0xCBF6, 0xCBD5, 0xCBF5, 0xD3F5,
    0xD3F5, 0xCC15, 0xBC36, 0xCBD5, 0xD3D4, 0xDC14, 0xDC14, 0xD3F5, 0xBBD6, 0xBBD6, 0xBBD6, 0xCBF5,
    0xDC15, 0xD415, 0xD415, 0xDC15, 0xD415, 0xDC34, 0xE453, 0xF4B4, 0xF4B5, 0xE434, 0xE434, 0xDC35,
    0xDC34, 0xE435, 0xE435, 0xE434, 0xE454, 0xE434, 0xE454, 0xE454, 0xEC54, 0xEC93, 0xF4D3, 0xFD13,
    0xF534, 0xF533, 0xF513, 0xECF3, 0xFD33, 0xFD12, 0xF512, 0xF512, 0xF552, 0xFD93, 0xFD93, 0xFD93,
    0xF572, 0xF593, 0xFDF4, 0xFDD4, 0xFDD4, 0xFE14, 0xFDF4, 0xFDD4, 0xFDD4, 0xFDD4, 0xFDF5, 0xFDF5,
    0xFDB5, 0xF534, 0xF554, 0xF575, 0xFDF5, 0xFE15, 0xFDD4, 0xF532, 0xF512, 0xF532, 0xFD51, 0xFD71,
    0xFD51, 0xFD51, 0xFD51, 0xFD71, 0xFD71, 0xFD50, 0xFD50, 0xFD50, 0xFD70, 0xFD71, 0xF591, 0xFE34,
    0xFE55, 0xFE15, 0xFE16, 0xFDF6, 0xFE16, 0xFE36, 0xFE56, 0xFDB3, 0xF571, 0xF591, 0xFD70, 0xFD71,
    0xFD51, 0xFD32, 0xFCF4, 0xF4D4, 0xF4F4, 0xFD74, 0xF5B5, 0xFE15, 0xFE36, 0xFE55, 0xFE55, 0xFDB2,
    0xFD71, 0xFD90, 0xFD70, 0xFD51, 0xFD52, 0xF574, 0xFD95, 0xECB3, 0xECD3, 0xF554, 0xFDF5, 0xFE35,
    0xFE75, 0xFE13, 0xF570, 0xFD91, 0xFD70, 0xFD70, 0xFD70, 0xFD70, 0xFD70, 0xFD70, 0xFD70, 0xFD71,
    0xFD71, 0xFD71, 0xFD70, 0xFD70, 0xFD70, 0xFD70, 0xFD70, 0xFD71, 0xFD71, 0xFD70, 0xFD70, 0xFD70,
    0xFD70, 0xFD70, 0xFD70, 0xFD70, 0xFD71, 0xFD71, 0xFD70, 0xFD70, 0xF591, 0xF591, 0xFD71, 0xFD71,
    0xF591, 0xF591, 0xFD91, 0xFD91, 0xFD90, 0xF570, 0xF571, 0xF552, 0xF551, 0xF571, 0xFD71, 0xFD71,
    0xFD71, 0xFD71, 0xFD71, 0xFD71, 0xFD71, 0xFD71, 0xFD71, 0xFD71, 0xFD71, 0xFD71, 0xFD71, 0xFD70,
    0xFD70, 0xFD70, 0xFD71, 0xFD71, 0xFD91, 0xF590, 0xF590, 0xF590, 0xFD90, 0xFD91, 0xFD91, 0xFD71,
    0xF591, 0xFD90, 0xFD91, 0xFD71, 0xFD70, 0xFD91, 0xFD91, 0xF590, 0xF590, 0xFD70, 0xFD70, 0xFD90,
    0xFD90, 0xFD90, 0xFD91, 0xFD91, 0x8B76, 0x8B76, 0x8B56, 0x8B56, 0x8B56, 0x8B56, 0x8B56, 0x8B56,
    0x8B56, 0x8B56, 0x8B56, 0x8B56, 0x8B56, 0x8B56, 0x8B56, 0x8B56, 0x8B56, 0x8B56, 0x8B56, 0x8B76,
    0x8B76, 0x8B76, 0x8B76, 0x8B76, 0x8B76, 0x8B76, 0x8B76, 0x8B76, 0x8B76, 0x8B76, 0x8B56, 0x8B56,
    0x8B76, 0x8B76, 0x8B56, 0x8B56, 0x8B56, 0x8B76, 0x8B76, 0x8B76, 0x8B76, 0x8B76, 0x8B76, 0x8B56,
    0x8B76, 0x8B56, 0x8B76, 0x8B76, 0x8B77, 0x8B76, 0x8B76, 0x8B56, 0x8B75, 0x8B76, 0x8B77, 0x8B76,
    0x8396, 0x8B76, 0x8B76, 0x8B76, 0x8B76, 0x8B76, 0x8B76, 0x8B77, 0x8B76, 0x9376, 0x9BB6, 0x8B76,
    0x8356, 0x8B56, 0x8B76, 0x8B76, 0x8B76, 0x8B76, 0x8B76, 0x8396, 0x9396, 0xABB6, 0xABB6, 0xABB6,
    0xABB6, 0xABD6, 0xABD6, 0xB3D6, 0xB3D6, 0xB3D6, 0xABD6, 0xABD6, 0xABD6, 0xABD6, 0xB3D6, 0xBBD6,
    0xC3F6, 0xD416, 0xDC15, 0xE434, 0xE434, 0xDC14, 0xDC14, 0xDC35, 0xD415, 0xC3D5, 0xC3F6, 0xCC16,
    0xD3F5, 0xCBF5, 0xC3D6, 0xBBD6, 0xBBD6, 0xB3D6, 0xBBD6, 0xBBB6, 0xC3D6, 0xC3F6, 0xB416, 0xC3F5,
    0xCBF5, 0xD415, 0xD3F5, 0xCBF5, 0xBBD6, 0xB3D6, 0xB3D6, 0xBBD6, 0xBBD6, 0xBBF6, 0xBBD6, 0xBBD6,
    0xBBD6, 0xBBD6, 0xC3D5, 0xD435, 0xDC55, 0xCBD5, 0xC3F5, 0xC3F6, 0xC3F6, 0xCC15, 0xDC35, 0xE434,
    0xE454, 0xE454, 0xE455, 0xE455, 0xE474, 0xE474, 0xEC73, 0xE473, 0xE4B3, 0xFD74, 0xF534, 0xF534,
    0xECB3, 0xF4B3, 0xECB3, 0xFD14, 0xFD74, 0xFDD5, 0xFDD5, 0xFDD5, 0xFDD4, 0xFDD4, 0xFDB5, 0xF554,
    0xF554, 0xFDB4, 0xFDF4, 0xFDD5, 0xED13, 0xF533, 0xFDD5, 0xFDF5, 0xFDD5, 0xF4D4, 0xF4D4, 0xF4F4,
    0xF4F3, 0xF573, 0xFDF5, 0xFDB4, 0xFD93, 0xF532, 0xF552, 0xFD52, 0xF4F1, 0xECD2, 0xECB2, 0xF512,
    0xF532, 0xFD51, 0xFD51, 0xFD71, 0xF570, 0xFD92, 0xFE15, 0xFE15, 0xFDF5, 0xFDB6, 0xFD95, 0xF575,
    0xF575, 0xFDD6, 0xFE36, 0xFDD4, 0xFDB2, 0xF571, 0xFD70, 0xFD51, 0xECD3, 0xF4B3, 0xEC94, 0xF4D4,
    0xF4F4, 0xF4D4, 0xF534, 0xF574, 0xFDD5, 0xFE15, 0xFE55, 0xF5B2, 0xFD91, 0xFD91, 0xF512, 0xF4B3,
    0xF4B4, 0xECB4, 0xECB3, 0xF4B4, 0xF4B4, 0xF4B3, 0xFD34, 0xFD94, 0xFE55, 0xFE13, 0xF571, 0xFD71,
    0xFD91, 0xFD70, 0xFD71, 0xFD71, 0xFD71, 0xFD71, 0xFD71, 0xFD71, 0xFD71, 0xFD71, 0xFD70, 0xFD90,
    0xFD90, 0xFD70, 0xFD70, 0xFD90, 0xFD90, 0xFD70, 0xFD70, 0xFD71, 0xFD71, 0xFD91, 0xFD91, 0xFD71,
    0xFD71, 0xFD70, 0xFD70, 0xFD70, 0xFD70, 0xFD70, 0xFD71, 0xFD71, 0xFD71, 0xFD71, 0xFD71, 0xFD71,
    0xFD90, 0xFD71, 0xF532, 0xF552, 0xF552, 0xFD72, 0xFD71, 0xFD71, 0xFD71, 0xFD71, 0xFD71, 0xFD71,
    0xFD71, 0xFD71, 0xFD71, 0xFD71, 0xFD71, 0xFD71, 0xFD71, 0xFD70, 0xFD90, 0xFD90, 0xFD90, 0xFD90,
    0xFD71, 0xFD71, 0xFD71, 0xFD71, 0xFD71, 0xFD71, 0xFD71, 0xFD71, 0xFD91, 0xFD91, 0xFD91, 0xFD71,
    0xFD70, 0xFD90, 0xFD90, 0xFD70, 0xFD70, 0xFD70, 0xFD70, 0xFD90, 0xFD90, 0xFD90, 0xFD90, 0xFD91,
    0x8B76, 0x8B76, 0x8356, 0x8356, 0x8B56, 0x8B76, 0x8B76, 0x8B76, 0x8B76, 0x8356, 0x8B56, 0x8B56,
    0x8B56, 0x8356, 0x8356, 0x8356, 0x8356, 0x8B76, 0x8B76, 0x8B76, 0x8B76, 0x8B76, 0x8B76, 0x8B76,
    0x8B76, 0x8B76, 0x8B76, 0x8B76, 0x8B76, 0x8B76, 0x8356, 0x8356, 0x8B76, 0x8B76, 0x8B76, 0x8B76,
    0x8B76, 0x8B76, 0x8B76, 0x8B76, 0x8B76, 0x8B76, 0x8B76, 0x8B76, 0x8B56, 0x8B15, 0x9395, 0x9BD6,
    0x8B35, 0x8356, 0x8354, 0xBC96, 0xBCB6, 0x9394, 0x8B95, 0x8375, 0x8396, 0x8B96, 0x8B76, 0x8B76,
    0x8B76, 0x8B76, 0x8B76, 0x8B76, 0x8B76, 0x9396, 0x9BB7, 0x9376, 0x8B76, 0x8B76, 0x8B76, 0x8B76,
    0x8B76, 0x8B76, 0x8B76, 0x8B76, 0x9396, 0xABD7, 0xABB6, 0xABB6, 0xABB6, 0xABB6, 0xABB6, 0xABB6,
    0xABD6, 0xABD6, 0xA3B6, 0xA3B7, 0xABB7, 0xABB7, 0xB3B6, 0xB3D6, 0xB3D6, 0xB3F6, 0xBBF6, 0xBBF6,
    0xC3F6, 0xC3F5, 0xC3F6, 0xC3D6, 0xBBF6, 0xB3D6, 0xBBF6, 0xBBD6, 0xC3D6, 0xBBD6, 0xBBD6, 0xB3D6,
    0xB3D6, 0xB3D6, 0xB3B6, 0xBBB6, 0xBBD6, 0xB3D6, 0xA416, 0xB3D6, 0xB3D6, 0xBBD6, 0xBBD6, 0xBBD6,
    0xB3D6, 0xB3D6, 0xB3D6, 0xB3D6, 0xB3F6, 0xB3F6, 0xB3F6, 0xBBF6, 0xBBF6, 0xBBD6, 0xBBD6, 0xC3F6,
    0xC3F6, 0xC3D6, 0xBBF6, 0xBBF6, 0xBBF6, 0xC416, 0xCC15, 0xDC34, 0xDC34, 0xDC55, 0xDC55, 0xDC35,
    0xD3F4, 0xD3F4, 0xD3F5, 0xDC35, 0xE474, 0xE494, 0xE4B4, 0xECB4, 0xEC94, 0xE474, 0xE453, 0xE473,
    0xE473, 0xE493, 0xECD4, 0xF514, 0xF514, 0xF514, 0xF4F5, 0xF4B4, 0xECB4, 0xF4F4, 0xF514, 0xF514,
    0xEC93, 0xECB4, 0xECD3, 0xFDD5, 0xFDD5, 0xF494, 0xF535, 0xFDB6, 0xECB4, 0xF514, 0xFDB5, 0xFDB5,
    0xFDB5, 0xFDB4, 0xFDB4, 0xFDB4, 0xFD94, 0xFD34, 0xF514, 0xFD13, 0xFD13, 0xF4F3, 0xFD32, 0xFD72,
    0xFDB3, 0xFDB4, 0xF575, 0xFDD6, 0xF596, 0xECD4, 0xF4F5, 0xFD15, 0xF4D4, 0xF555, 0xF5D6, 0xFE15,
    0xFE35, 0xFE14, 0xFDF4, 0xFDB4, 0xEC93, 0xEC74, 0xEC75, 0xEC94, 0xF494, 0xEC94, 0xEC94, 0xECD4,
    0xF534, 0xF5B5, 0xFE36, 0xFE55, 0xFE34, 0xFDB2, 0xED13, 0xEC94, 0xF494, 0xEC94, 0xEC94, 0xF494,
    0xF494, 0xF494, 0xFD14, 0xFD74, 0xFE36, 0xFE55, 0xFE34, 0xF5B2, 0xF571, 0xFD71, 0xFD71, 0xFD71,
    0xFD71, 0xFD71, 0xFD71, 0xFD71, 0xFD71, 0xFD71, 0xFD70, 0xFD90, 0xFD90, 0xFD70, 0xFD70, 0xFD90,
    0xFD90, 0xFD70, 0xFD70, 0xFD71, 0xFD71, 0xFD91, 0xFD91, 0xFD71, 0xFD71, 0xFD70, 0xFD70, 0xFD70,
    0xFD90, 0xFD90, 0xFD71, 0xFD71, 0xFD71, 0xFD71, 0xFD71, 0xFD71, 0xFD90, 0xF571, 0xF532, 0xF552,
    0xFD52, 0xFD72, 0xFD71, 0xFD71, 0xFD71, 0xFD71, 0xFD71, 0xFD71, 0xFD71, 0xFD71, 0xFD71, 0xFD71,
    0xFD71, 0xFD71, 0xFD71, 0xFD70, 0xFD90, 0xFD90, 0xFD90, 0xFD90, 0xFD71, 0xFD71, 0xFD71, 0xFD71,
    0xFD71, 0xFD71, 0xFD71, 0xFD71, 0xFD91, 0xFD91, 0xFD91, 0xFD71, 0xFD70, 0xFD90, 0xFD90, 0xFD90,
    0xFD90, 0xFD70, 0xFD70, 0xFD90, 0xFD90, 0xFD90, 0xFD90, 0xFD91, 0x8377, 0x8377, 0x8376, 0x8376,
    0x8B76, 0x8B76, 0x8B76, 0x8B76, 0x8B76, 0x8376, 0x8376, 0x8B76, 0x8B76, 0x8376, 0x8376, 0x8376,
    0x8376, 0x8376, 0x8376, 0x8B76, 0x8B76, 0x8B76, 0x8B76, 0x8B76, 0x8B76, 0x8B76, 0x8B76, 0x8B76,
    0x8B76, 0x8B76, 0x8376, 0x8376, 0x8B76, 0x8B76, 0x8B76, 0x8B76, 0x8B76, 0x8B76, 0x8B76, 0x8B76,
    0x8B76, 0x8B76, 0x8B76, 0x8375, 0x9BB6, 0xDCF6, 0xDD14, 0xDD15, 0xCC75, 0xCCB6, 0xD4F6, 0xE555,
    0xED95, 0xE594, 0xD555, 0xBCD6, 0x8B75, 0x8356, 0x8B96, 0x8B76, 0x8B76, 0x8B76, 0x8B76, 0x8B76,
    0x8B76, 0x9396, 0x9BB7, 0x9376, 0x8B76, 0x8B76, 0x8B76, 0x8B76, 0x8B76, 0x8B76, 0x8B76, 0x8B77,
    0x8B76, 0x9376, 0xA396, 0xB3D7, 0xABD6, 0xABB6, 0xABB6, 0xABD6, 0xABD6, 0xABD7, 0x9BB7, 0x9376,
    0x9B96, 0xA3B6, 0xB3B7, 0xABD6, 0xABD6, 0xABD6, 0xABD7, 0xB3D6, 0xB3B6, 0xBBB6, 0xBBD6, 0xBBD7,
    0xB3D6, 0xB3D6, 0xB3D6, 0xBBD6, 0xB3D6, 0xB3D7, 0xB3D7, 0xB3D6, 0xB3B6, 0xB3B6, 0xB3B6, 0xB3B6,
    0xB3B6, 0x9BB5, 0x8373, 0xABB6, 0xB3D6, 0xBBD6, 0xBBD6, 0xB3D6, 0xB3D6, 0xB3D6, 0xB3D6, 0xBBD6,
    0xB3D6, 0xB3B6, 0xB3D6, 0xB3D6, 0xB3D6, 0xB3D6, 0xB3D6, 0xB3D6, 0xBBD6, 0xB3D6, 0xB3D7, 0xB3D6,
    0xB3F6, 0xBBF6, 0xC3D6, 0xC3D5, 0xC3F6, 0xC3F6, 0xC3F6, 0xC3F5, 0xC3D6, 0xC3D6, 0xC3D6, 0xCBF6,
    0xD3F5, 0xD3F4, 0xD414, 0xD3F4, 0xDC15, 0xDC15, 0xD3F4, 0xDC14, 0xE434, 0xE433, 0xEC54, 0xEC74,
    0xEC73, 0xEC73, 0xEC73, 0xEC74, 0xEC54, 0xEC73, 0xEC73, 0xEC93, 0xEC74, 0xF474, 0xEC74, 0xF4D5,
    0xF4D5, 0xEC94, 0xECF4, 0xF4F4, 0xEC94, 0xF494, 0xF4D4, 0xF4F5, 0xF514, 0xF534, 0xF514, 0xED15,
    0xF555, 0xED14, 0xF4B4, 0xF4B4, 0xF4D4, 0xFCF4, 0xF4D3, 0xF4D3, 0xF534, 0xF514, 0xECB4, 0xF4D4,
    0xF4B4, 0xEC74, 0xF494, 0xF495, 0xF494, 0xF4B4, 0xF514, 0xED54, 0xF575, 0xF574, 0xFD94, 0xFDB5,
    0xFD75, 0xF535, 0xEC74, 0xF474, 0xEC74, 0xF475, 0xF475, 0xEC74, 0xECB4, 0xF514, 0xFDB5, 0xF5F5,
    0xF615, 0xFE14, 0xF595, 0xF515, 0xF494, 0xF474, 0xF474, 0xF494, 0xF494, 0xEC94, 0xFCF4, 0xFD34,
    0xFE36, 0xFE75, 0xFE55, 0xFDF3, 0xF5B2, 0xFD71, 0xFD70, 0xFD71, 0xFD70, 0xFD70, 0xFD70, 0xFD70,
    0xFD71, 0xFD71, 0xFD70, 0xFD90, 0xFD90, 0xFD70, 0xFD70, 0xFD90, 0xFD90, 0xFD70, 0xFD70, 0xFD71,
    0xFD70, 0xFD91, 0xFD91, 0xFD71, 0xFD71, 0xFD70, 0xFD70, 0xFD70, 0xFD90, 0xFD90, 0xFD71, 0xFD71,
    0xFD71, 0xFD71, 0xFD71, 0xFD71, 0xFD90, 0xF571, 0xF552, 0xF552, 0xFD52, 0xFD72, 0xFD71, 0xFD71,
    0xFD71, 0xFD71, 0xFD71, 0xFD71, 0xFD71, 0xFD71, 0xFD71, 0xFD71, 0xFD71, 0xFD71, 0xFD71, 0xFD70,
    0xFD90, 0xFD90, 0xFD90, 0xFD90, 0xFD71, 0xFD71, 0xFD71, 0xFD71, 0xFD71, 0xFD71, 0xFD71, 0xFD71,
    0xFD91, 0xFD91, 0xFD91, 0xFD71, 0xFD70, 0xFD90, 0xFD90, 0xFD90, 0xFD90, 0xFD70, 0xFD70, 0xFD90,
    0xFD90, 0xFD90, 0xFD90, 0xFD91, 0x8377, 0x8377, 0x8B77, 0x8B77, 0x8B77, 0x8B77, 0x8B77, 0x8B77,
    0x8B77, 0x8B77, 0x8B77, 0x8B77, 0x8B77, 0x8B77, 0x8B77, 0x8B77, 0x8B77, 0x8356, 0x8356, 0x8B76,
    0x8B77, 0x8B77, 0x8B77, 0x8B77, 0x8B77, 0x8B77, 0x8B77, 0x8B77, 0x8B77, 0x8B77, 0x8B76, 0x8B76,
    0x8B76, 0x8B77, 0x8B77, 0x8B77, 0x8B77, 0x8B77, 0x8B77, 0x8B77, 0x8B76, 0x8B76, 0x8B76, 0x8356,
    0xA3D6, 0xF555, 0xFD74, 0xF574, 0xED15, 0xED15, 0xF555, 0xFD74, 0xFDB4, 0xFE54, 0xF634, 0xEE15,
    0xAC55, 0x93D5, 0x8B76, 0x8B76, 0x8B76, 0x8B76, 0x8B76, 0x8B76, 0x8B76, 0x8B76, 0x9376, 0x8B76,
    0x8376, 0x8B76, 0x8B77, 0x8B77, 0x8B77, 0x8B77, 0x8B76, 0x8B76, 0x8B76, 0x8B76, 0x9376, 0x9B96,
    0x9B96, 0xA396, 0xA396, 0xA396, 0xA396, 0x9BB6, 0x9396, 0x8B76, 0x8B96, 0x9B96, 0xABB6, 0xABB6,
    0xABB6, 0xABB6, 0xABB7, 0xABB6, 0xB3D6, 0xB3D6, 0xB3B6, 0xB3B6, 0xB3D6, 0xB3D6, 0xB3D6, 0xB3D6,
    0xB3D6, 0xB3D6, 0xB3B6, 0xB3D6, 0xB3D6, 0xB3D6, 0xB3D6, 0xB3D6, 0xB3D6, 0x9BB5, 0x7373, 0xABB6,
    0xBBD6, 0xB3D6, 0xB3D6, 0xB3D6, 0xB3D6, 0xB3D6, 0xBBD6, 0xBBD6, 0xC3F5, 0xD435, 0xD435, 0xD435,
    0xD435, 0xD435, 0xD435, 0xD435, 0xD435, 0xD455, 0xD455, 0xD455, 0xDC74, 0xDC75, 0xDC75, 0xDC75,
    0xDC55, 0xDC54, 0xDC74, 0xDC74, 0xDC74, 0xDC75, 0xDC75, 0xDC74, 0xE474, 0xE473, 0xE474, 0xE454,
    0xE454, 0xE454, 0xE454, 0xEC54, 0xEC74, 0xEC74, 0xEC94, 0xF4B3, 0xF4D3, 0xF4D3, 0xF4D3, 0xF4D3,
    0xF4D3, 0xF4D2, 0xF4D3, 0xF4D4, 0xEC74, 0xEC74, 0xEC74, 0xEC54, 0xEC74, 0xEC94, 0xEC74, 0xEC74,
    0xF474, 0xF474, 0xEC73, 0xEC74, 0xEC94, 0xECB4, 0xEC94, 0xEC94, 0xECD4, 0xEC94, 0xEC74, 0xEC74,
    0xEC94, 0xF4B4, 0xEC93, 0xEC73, 0xF4B3, 0xF493, 0xEC74, 0xF474, 0xF474, 0xF474, 0xF474, 0xF494,
    0xEC94, 0xEC94, 0xEC94, 0xEC94, 0xECB4, 0xECB4, 0xF4D4, 0xF4F4, 0xF515, 0xF4F5, 0xEC74, 0xEC74,
    0xEC74, 0xEC74, 0xEC74, 0xEC74, 0xEC74, 0xF4B4, 0xFD15, 0xF4F4, 0xF514, 0xF574, 0xF554, 0xF535,
    0xEC94, 0xEC94, 0xEC94, 0xEC74, 0xEC74, 0xEC74, 0xF4D4, 0xFD14, 0xFDF6, 0xFE55, 0xFE56, 0xFE15,
    0xFE15, 0xFDF3, 0xFDB2, 0xFD71, 0xFD70, 0xFD70, 0xFD90, 0xFD91, 0xFDB2, 0xFDD2, 0xFD91, 0xFD70,
    0xFD71, 0xFD91, 0xFD91, 0xFD91, 0xFD91, 0xFD71, 0xFD71, 0xFD90, 0xFD90, 0xFD91, 0xFD91, 0xFD91,
    0xFD91, 0xFD91, 0xFD91, 0xFD91, 0xFD91, 0xFD91, 0xFD91, 0xFD91, 0xFD91, 0xFD91, 0xFD90, 0xFD90,
    0xFD90, 0xFD91, 0xF571, 0xF532, 0xFD52, 0xFD72, 0xFD71, 0xFD71, 0xFD71, 0xFD71, 0xFD71, 0xFD71,
    0xFD71, 0xFD71, 0xFD71, 0xFD91, 0xFD91, 0xFD91, 0xFD91, 0xFD91, 0xFD91, 0xFD91, 0xFD91, 0xFD91,
    0xFD91, 0xFD91, 0xFD91, 0xFD91, 0xFD91, 0xFD91, 0xFD91, 0xFD91, 0xFD91, 0xFD91, 0xFD91, 0xFD91,
    0xFD91, 0xFD91, 0xFD91, 0xFD91, 0xFD91, 0xFD91, 0xFD91, 0xFD90, 0xFD90, 0xFD90, 0xFD90, 0xFD91,
    0x8B77, 0x8B77, 0x8B77, 0x8B77, 0x8B77, 0x8B77, 0x8B77, 0x8B77, 0x8B77, 0x8B77, 0x8B77, 0x8B77,
    0x8B77, 0x8B77, 0x8B77, 0x8B77, 0x8B77, 0x8356, 0x8356, 0x8B76, 0x8B77, 0x8B77, 0x8B77, 0x8B77,
    0x8B77, 0x8B77, 0x8B77, 0x8B77, 0x8B77, 0x8B77, 0x8B76, 0x8B76, 0x8B76, 0x8B77, 0x8B77, 0x8B77,
    0x8B77, 0x8B77, 0x8B77, 0x8B77, 0x8B76, 0x8B76, 0x8B76, 0xA3B6, 0xBBF5, 0xEC94, 0xF4F4, 0xFD13,
    0xF4D4, 0xF4D4, 0xF4B4, 0xFD34, 0xFD75, 0xFDF4, 0xFE14, 0xF654, 0xE5D5, 0xB4B5, 0x8356, 0x8B96,
    0x8B76, 0x8B76, 0x8B76, 0x8B76, 0x8B76, 0x8B76, 0x8B76, 0x8B76, 0x8B76, 0x8B76, 0x8B77, 0x8B77,
    0x8B77, 0x8B77, 0x8B76, 0x8B76, 0x8B76, 0x8B77, 0x8B76, 0x8B76, 0x9376, 0x9376, 0x9396, 0x9376,
    0x8B76, 0x8B96, 0x8B96, 0x8B96, 0x8B96, 0x9396, 0x9B96, 0x9B96, 0x9BB6, 0x9BB6, 0x9BB6, 0x9BB6,
    0xABD6, 0xB3D6, 0xB3D6, 0xABB6, 0xABB6, 0xABB6, 0xABB6, 0xA3B6, 0xB3B7, 0xB3D6, 0xB3D6, 0xB3B6,
    0xB3D6, 0xB3D6, 0xB3D6, 0xB3D6, 0xB3B6, 0xA3D6, 0x8435, 0xABD6, 0xBBD6, 0xB3D6, 0xB3D6, 0xB3D6,
    0xB3D6, 0xB3D6, 0xBBD6, 0xBBD5, 0xCBF5, 0xE474, 0xEC74, 0xEC74, 0xEC74, 0xEC94, 0xEC94, 0xEC74,
    0xEC74, 0xEC94, 0xEC94, 0xF4B3, 0xF4D3, 0xF4F3, 0xF4F4, 0xF4F3, 0xF4D3, 0xF4D3, 0xF4F3, 0xF4F3,
    0xF4F3, 0xF4F3, 0xF4F3, 0xF512, 0xF512, 0xF512, 0xF4D3, 0xF4B4, 0xEC93, 0xEC93, 0xF4B3, 0xF4B3,
    0xF4B2, 0xF4B3, 0xF4D2, 0xF512, 0xFD52, 0xFD52, 0xFD52, 0xFD51, 0xFD51, 0xFD52, 0xF532, 0xF4F3,
    0xEC73, 0xEC73, 0xE455, 0xEC74, 0xEC74, 0xEC54, 0xF454, 0xF474, 0xF474, 0xF474, 0xEC74, 0xE454,
    0xE434, 0xEC75, 0xEC75, 0xEC54, 0xEC54, 0xEC54, 0xEC74, 0xEC54, 0xEC55, 0xEC74, 0xEC54, 0xEC54,
    0xEC74, 0xF473, 0xF474, 0xF474, 0xF474, 0xF474, 0xF474, 0xF474, 0xF494, 0xF474, 0xF474, 0xF474,
    0xF474, 0xF474, 0xF474, 0xF474, 0xEC74, 0xEC54, 0xEC74, 0xEC74, 0xEC74, 0xEC74, 0xEC74, 0xEC74,
    0xF474, 0xF494, 0xF4D5, 0xEC74, 0xEC94, 0xEC94, 0xF4B4, 0xF4B4, 0xEC94, 0xEC74, 0xEC74, 0xEC74,
    0xEC74, 0xF494, 0xF4B4, 0xF4B4, 0xFD55, 0xF595, 0xF5B5, 0xF595, 0xFDB5, 0xFE76, 0xFDD3, 0xFD51,
    0xFD91, 0xFD91, 0xFD71, 0xFD72, 0xFDB4, 0xFE15, 0xFDF3, 0xFDB2, 0xFD91, 0xFD91, 0xFD91, 0xFD91,
    0xFD91, 0xFD71, 0xFD71, 0xFD90, 0xFD90, 0xFD91, 0xFD91, 0xFD91, 0xFD91, 0xFD91, 0xFD91, 0xFD91,
    0xFD91, 0xFD91, 0xFD91, 0xFD91, 0xFD91, 0xFD91, 0xFD90, 0xFD90, 0xFD90, 0xFD91, 0xFD91, 0xF531,
    0xFD52, 0xFD72, 0xFD71, 0xFD71, 0xFD71, 0xFD71, 0xFD71, 0xFD71, 0xFD71, 0xFD71, 0xFD71, 0xFD91,
    0xFD91, 0xFD91, 0xFD91, 0xFD91, 0xFD91, 0xFD91, 0xFD91, 0xFD91, 0xFD91, 0xFD91, 0xFD91, 0xFD91,
    0xFD91, 0xFD91, 0xFD91, 0xFD91, 0xFD91, 0xFD91, 0xFD91, 0xFD91, 0xFD91, 0xFD91, 0xFD91, 0xFD91,
    0xFD91, 0xFD91, 0xFD91, 0xFD90, 0xFD90, 0xFD90, 0xFD90, 0xFD91, 0x8B77, 0x8B77, 0x8B77, 0x8B77,
    0x8B77, 0x8B77, 0x8B77, 0x8B77, 0x8B77, 0x8B77, 0x8B77, 0x8B77, 0x8B77, 0x8B77, 0x8B77, 0x8B77,
    0x8B77, 0x8B76, 0x8B76, 0x8B76, 0x8B77, 0x8B77, 0x8B77, 0x8B77, 0x8B77, 0x8B77, 0x8B77, 0x8B77,
    0x8B77, 0x8B77, 0x8B76, 0x8B76, 0x8B76, 0x8B77, 0x8B77, 0x8B77, 0x8B76, 0x8B76, 0x8B77, 0x8B77,
    0x8B76, 0x8B76, 0x8356, 0xBC15, 0xDC75, 0xE453, 0xF493, 0xFCB3, 0xFC94, 0xFCB3, 0xFCB3, 0xFCB3,
    0xFCF4, 0xF573, 0xFDD3, 0xFE54, 0xFEB4, 0xCD35, 0x8336, 0x8B76, 0x8B76, 0x8B76, 0x8B76, 0x8B76,
    0x8B76, 0x8B76, 0x8B76, 0x8B76, 0x8B76, 0x8B76, 0x8B76, 0x8B76, 0x8B76, 0x8B76, 0x8B76, 0x8B76,
    0x8B76, 0x8B76, 0x8376, 0x8B76, 0x8B76, 0x8B76, 0x8B76, 0x8B76, 0x8B76, 0x8B96, 0x8B95, 0x8B76,
    0x8B77, 0x8B96, 0x8B96, 0x8B76, 0x8B96, 0x8B96, 0x9396, 0x9396, 0xA3B6, 0xABB6, 0xABB6, 0x9B96,
    0x9B96, 0x9B96, 0x9B96, 0x9B76, 0xABB7, 0xABB6, 0xABB6, 0xABB6, 0xB3B6, 0xB3D6, 0xB3D6, 0xB3B6,
    0xB3B6, 0xA416, 0x94B7, 0xABF6, 0xB3B6, 0xB3D6, 0xB3D6, 0xB3D6, 0xB3D6, 0xB3D6, 0xBBD6, 0xBBB5,
    0xCBF5, 0xE474, 0xEC73, 0xEC93, 0xEC73, 0xEC73, 0xEC73, 0xEC73, 0xEC73, 0xEC73, 0xEC73, 0xEC93,
    0xF4B3, 0xF4B2, 0xF4D2, 0xF4B2, 0xF4B2, 0xF4D2, 0xF4D3, 0xF4D3, 0xF4D2, 0xF4D2, 0xF4D2, 0xF4F2,
    0xF4F2, 0xF4D2, 0xF4B3, 0xEC94, 0xEC73, 0xEC93, 0xEC93, 0xF4B2, 0xF4B2, 0xF4B3, 0xF4F2, 0xF512,
    0xF551, 0xF551, 0xF551, 0xFD71, 0xFD71, 0xF551, 0xF531, 0xF4F1, 0xF4D2, 0xEC93, 0xDC35, 0xE454,
    0xEC74, 0xEC54, 0xE474, 0xEC54, 0xEC55, 0xEC54, 0xEC34, 0xE434, 0xE434, 0xEC54, 0xEC54, 0xEC54,
    0xEC74, 0xEC75, 0xE455, 0xEC54, 0xEC54, 0xEC54, 0xEC74, 0xEC54, 0xEC74, 0xF474, 0xF454, 0xF474,
    0xF474, 0xF474, 0xEC74, 0xEC54, 0xF474, 0xF474, 0xEC74, 0xF474, 0xF494, 0xF474, 0xF474, 0xF474,
    0xEC73, 0xEC74, 0xEC74, 0xEC74, 0xEC74, 0xEC74, 0xEC74, 0xEC74, 0xEC74, 0xEC94, 0xEC94, 0xEC94,
    0xEC94, 0xF474, 0xF474, 0xEC74, 0xEC74, 0xEC74, 0xEC74, 0xEC74, 0xEC74, 0xF494, 0xF494, 0xEC94,
    0xEC94, 0xECB4, 0xF4D4, 0xEC93, 0xF514, 0xF5F5, 0xF593, 0xFD32, 0xFD51, 0xFD51, 0xFD52, 0xF553,
    0xF575, 0xFDF5, 0xFE35, 0xFE34, 0xFD91, 0xFD71, 0xFD71, 0xFD91, 0xFD91, 0xFD71, 0xFD91, 0xFD91,
    0xFD90, 0xFD90, 0xFD91, 0xFD91, 0xFD91, 0xFD91, 0xFD91, 0xFD91, 0xFD91, 0xFD91, 0xFD91, 0xFD91,
    0xFD91, 0xFD91, 0xFD90, 0xFD90, 0xFD90, 0xFD91, 0xFD90, 0xF551, 0xFD32, 0xFD72, 0xFD71, 0xFD71,
    0xFD71, 0xFD71, 0xFD71, 0xFD71, 0xFD71, 0xFD71, 0xFD71, 0xFD91, 0xFD91, 0xFD91, 0xFD91, 0xFD91,
    0xFD91, 0xFD91, 0xFD91, 0xFD91, 0xFD91, 0xFD91, 0xFD91, 0xFD91, 0xFD91, 0xFD91, 0xFD91, 0xFD91,
    0xFD91, 0xFD91, 0xFD91, 0xFD91, 0xFD91, 0xFD91, 0xFD91, 0xFD91, 0xFD91, 0xFD91, 0xFD91, 0xFD90,
    0xFD90, 0xFD90, 0xFD90, 0xFD91, 0x8B77, 0x8B77, 0x8B77, 0x8B77, 0x8B77, 0x8B77, 0x8B77, 0x8B77,
    0x8B77, 0x8B77, 0x8B77, 0x8B77, 0x8B77, 0x8B77, 0x8B77, 0x8B77, 0x8B77, 0x8B77, 0x8B77, 0x8B77,
    0x8B77, 0x8B77, 0x8B77, 0x8B77, 0x8B77, 0x8B77, 0x8B77, 0x8B77, 0x8B77, 0x8B77, 0x8B77, 0x8B77,
    0x8B77, 0x8B77, 0x8B77, 0x8B77, 0x8B76, 0x8B76, 0x8B76, 0x8376, 0x8B76, 0x8B76, 0x8B76, 0xC3F5,
    0xDC35, 0xE454, 0xEC74, 0xF494, 0xF493, 0xF494, 0xF495, 0xF4B3, 0xFCB3, 0xF4B4, 0xF574, 0xFE34,
    0xFE94, 0xCD14, 0x8316, 0x8B76, 0x8B56, 0x8B76, 0x8B77, 0x8B77, 0x8376, 0x8B76, 0x8B56, 0x8B56,
    0x8B56, 0x8376, 0x8B76, 0x8B76, 0x8B76, 0x8B76, 0x8B76, 0x8B76, 0x8B76, 0x8B76, 0x8B76, 0x8B76,
    0x8B76, 0x8B75, 0x8B75, 0x8B75, 0x8B75, 0x8B75, 0x8B76, 0x8B75, 0x8B76, 0x8B76, 0x8B76, 0x9376,
    0x9396, 0x8B96, 0x8B96, 0x9396, 0x8B76, 0x9B76, 0xB395, 0xB394, 0xAB95, 0x9B95, 0x9396, 0x9396,
    0x9396, 0x9B96, 0x9B96, 0x9B96, 0xA396, 0xABB6, 0xB3B6, 0xABB6, 0xABD5, 0x9C15, 0x8476, 0xABF6,
    0xBBB6, 0xB3D6, 0xB3D6, 0xB3D6, 0xB3D6, 0xBBD6, 0xBBD6, 0xC3D5, 0xD414, 0xEC94, 0xF4B3, 0xF4B3,
    0xEC93, 0xEC93, 0xEC93, 0xF493, 0xF494, 0xEC73, 0xEC73, 0xEC73, 0xF493, 0xF4B3, 0xF4D3, 0xF4D3,
    0xF4D2, 0xF4F2, 0xF4F3, 0xF4F3, 0xF4F3, 0xF4F3, 0xF4D2, 0xF4F2, 0xF4D2, 0xECB2, 0xEC93, 0xEC94,
    0xEC74, 0xEC93, 0xF4B3, 0xF4B3, 0xF4B3, 0xECD2, 0xF513, 0xF552, 0xF551, 0xF551, 0xF551, 0xFD51,
    0xFD51, 0xF551, 0xF551, 0xF551, 0xFD71, 0xED12, 0xDC73, 0xDC34, 0xD435, 0xD434, 0xD415, 0xD415,
    0xDC35, 0xE434, 0xE414, 0xEC55, 0xE454, 0xE435, 0xE455, 0xEC54, 0xEC54, 0xE454, 0xDC34, 0xE454,
    0xEC34, 0xEC34, 0xE473, 0xE474, 0xEC54, 0xEC54, 0xEC54, 0xEC54, 0xEC54, 0xEC54, 0xEC54, 0xEC34,
    0xF474, 0xF474, 0xF474, 0xF474, 0xF474, 0xF474, 0xF474, 0xF474, 0xF474, 0xF474, 0xF474, 0xF474,
    0xF474, 0xF474, 0xEC74, 0xEC75, 0xEC74, 0xEC74, 0xEC74, 0xF474, 0xF474, 0xF474, 0xF474, 0xEC74,
    0xEC74, 0xEC74, 0xEC74, 0xEC94, 0xEC74, 0xEC94, 0xF494, 0xF494, 0xF494, 0xF4B4, 0xECD4, 0xF494,
    0xECB4, 0xECB3, 0xF4D3, 0xF4D3, 0xF4B3, 0xECB4, 0xF4B4, 0xF4D4, 0xF4F4, 0xF534, 0xFDD5, 0xFE15,
    0xF5B3, 0xF591, 0xFD71, 0xFD71, 0xFD70, 0xFD91, 0xFD91, 0xFD91, 0xFD90, 0xFD70, 0xFD70, 0xFD91,
    0xFD91, 0xFD91, 0xFD90, 0xFD90, 0xFD71, 0xFD71, 0xFD90, 0xFD90, 0xFD91, 0xFD91, 0xFD90, 0xFD90,
    0xFD90, 0xFD90, 0xFD91, 0xF552, 0xFD32, 0xFD52, 0xFD71, 0xFD71, 0xFD71, 0xFD71, 0xFD71, 0xFD71,
    0xFD71, 0xFD71, 0xFD71, 0xFD71, 0xFD71, 0xFD71, 0xFD71, 0xFD71, 0xFD91, 0xFD91, 0xFD91, 0xFD91,
    0xFD90, 0xFD90, 0xFD90, 0xFD90, 0xFD90, 0xFD90, 0xFD90, 0xFD90, 0xFD90, 0xFD90, 0xFD90, 0xFD90,
    0xFD90, 0xFD90, 0xFD90, 0xFD90, 0xFD90, 0xFD90, 0xFD90, 0xFD90, 0xFD90, 0xFD90, 0xFD90, 0xFD90,
    0x8B77, 0x8B77, 0x8B77, 0x8B77, 0x8B77, 0x8B77, 0x8B77, 0x8B77, 0x8B77, 0x8B77, 0x8B77, 0x8B77,
    0x8B77, 0x8B77, 0x8B77, 0x8B77, 0x8B77, 0x8B77, 0x8B77, 0x8B77, 0x8B77, 0x8B77, 0x8B77, 0x8B77,
    0x8B77, 0x8B77, 0x8B77, 0x8B77, 0x8B77, 0x8B77, 0x8B77, 0x8B77, 0x8B77, 0x8B77, 0x8B77, 0x8B77,
    0x8B76, 0x8B76, 0x8B76, 0x8B76, 0x8B56, 0x9396, 0xA3D6, 0xD415, 0xDC35, 0xE434, 0xE455, 0xE495,
    0xDC54, 0xDC34, 0xDC33, 0xEC94, 0xFCB4, 0xF494, 0xF513, 0xF593, 0xFE54, 0xD513, 0x8B33, 0x8B96,
    0x8B76, 0x8B76, 0x8B76, 0x8B76, 0x8B76, 0x8B76, 0x9376, 0x9376, 0x9376, 0x8356, 0x9B96, 0xABD7,
    0xABD7, 0x9B96, 0x8B56, 0x8376, 0x8376, 0x8B76, 0x8376, 0x8B76, 0x8B76, 0x8B76, 0x8B76, 0x8B76,
    0x8B76, 0x8B76, 0x8B75, 0x8B75, 0x8B96, 0x8B96, 0x8B96, 0x8B76, 0x8B76, 0x8B96, 0x8B95, 0x9396,
    0x9375, 0xB3D4, 0xE435, 0xE434, 0xD415, 0xA396, 0x9B96, 0x9396, 0x9396, 0x9396, 0x9396, 0x9396,
    0x9B96, 0x9B75, 0x9B96, 0xA3B6, 0x9B96, 0x93F6, 0x8476, 0xB3F5, 0xB3B6, 0xB3B6, 0xB3B6, 0xB3B6,
    0xB3D6, 0xBBD6, 0xBBB5, 0xDC35, 0xEC74, 0xF4B3, 0xF4B3, 0xF4B3, 0xEC93, 0xF493, 0xF493, 0xEC93,
    0xEC73, 0xEC54, 0xEC54, 0xEC74, 0xEC73, 0xEC73, 0xEC93, 0xEC93, 0xF4B2, 0xF4D3, 0xF4F3, 0xF4F3,
    0xF4F3, 0xF4F3, 0xF4D2, 0xF4F2, 0xF4D2, 0xECB3, 0xEC93, 0xEC94, 0xEC74, 0xEC93, 0xF4B3, 0xF4B3,
    0xF4B2, 0xF4F2, 0xF532, 0xF551, 0xF551, 0xF551, 0xF551, 0xFD51, 0xFD51, 0xF551, 0xF551, 0xF571,
    0xF571, 0xF551, 0xF532, 0xDC73, 0xCC35, 0xD435, 0xCC15, 0xCC35, 0xDC55, 0xE455, 0xEC54, 0xE454,
    0xE435, 0xD415, 0xD415, 0xDC34, 0xE454, 0xEC54, 0xE455, 0xDC34, 0xDC15, 0xEC54, 0xEC54, 0xEC54,
    0xEC54, 0xE454, 0xE454, 0xEC54, 0xEC54, 0xEC54, 0xEC54, 0xEC54, 0xEC54, 0xEC54, 0xEC54, 0xEC54,
    0xF474, 0xF474, 0xF474, 0xF474, 0xF474, 0xF474, 0xF474, 0xF474, 0xF474, 0xF474, 0xF474, 0xF474,
    0xF474, 0xF474, 0xF474, 0xF474, 0xF474, 0xF474, 0xF474, 0xEC74, 0xEC74, 0xEC94, 0xEC94, 0xEC74,
    0xEC74, 0xEC74, 0xECD4, 0xF4F4, 0xECB3, 0xF514, 0xFDD7, 0xF4B3, 0xEC74, 0xF494, 0xF494, 0xF494,
    0xEC94, 0xEC74, 0xF474, 0xF494, 0xF4B5, 0xFD15, 0xF534, 0xF594, 0xFE35, 0xFDF4, 0xFD52, 0xF572,
    0xFD71, 0xFDB2, 0xFDD2, 0xFDD2, 0xFD91, 0xFD91, 0xFD91, 0xFD91, 0xFD91, 0xFD91, 0xFD90, 0xFD90,
    0xFD71, 0xFD71, 0xFD90, 0xFD90, 0xFD91, 0xFD91, 0xFD90, 0xFD90, 0xFD90, 0xFD90, 0xFD91, 0xF552,
    0xFD32, 0xF552, 0xF551, 0xFD71, 0xFD71, 0xFD71, 0xFD71, 0xFD71, 0xFD71, 0xFD71, 0xFD71, 0xFD71,
    0xFD71, 0xFD71, 0xFD71, 0xFD71, 0xFD91, 0xFD91, 0xFD91, 0xFD91, 0xFD90, 0xFD90, 0xFD90, 0xFD90,
    0xFD90, 0xFD90, 0xFD90, 0xFD90, 0xFD90, 0xFD90, 0xFD90, 0xFD90, 0xFD90, 0xFD90, 0xFD90, 0xFD90,
    0xFD90, 0xFD90, 0xFD90, 0xFD90, 0xFD90, 0xFD90, 0xFD90, 0xFD91, 0x8377, 0x8377, 0x8B76, 0x8B76,
    0x8B76, 0x8B76, 0x8B77, 0x8B77, 0x8B77, 0x8B77, 0x8B77, 0x8B77, 0x8B77, 0x8B77, 0x8B77, 0x8B77,
    0x8B77, 0x8B77, 0x8B77, 0x8B77, 0x8B77, 0x8B77, 0x8B77, 0x8B77, 0x8B77, 0x8B77, 0x8B77, 0x8B77,
    0x8B77, 0x8B77, 0x8B77, 0x8B77, 0x8B77, 0x8B77, 0x8B76, 0x8B76, 0x8B76, 0x8B76, 0x8376, 0x8B56,
    0xABF7, 0xBC16, 0xBBF5, 0xD434, 0xDC34, 0xDC35, 0xCC35, 0xCC36, 0xC436, 0xD455, 0xEC74, 0xF493,
    0xF493, 0xF493, 0xF4F2, 0xF572, 0xF5D3, 0xF5D3, 0xE5D4, 0x9B93, 0x8335, 0x8B76, 0x9396, 0x9BB7,
    0x9B96, 0xA396, 0xA3B6, 0xA3B6, 0xA3B6, 0x9375, 0xB3D5, 0xC416, 0xC3F6, 0xBBF6, 0xB3F7, 0xB3F6,
    0xB3F6, 0xB3F6, 0xB3F6, 0xB3F6, 0xB3F6, 0xB3F6, 0xB3F7, 0xB3F7, 0xB3F7, 0xB3F7, 0xB3F7, 0xB3F7,
    0xB3F6, 0xB3F6, 0xBBF5, 0xC436, 0xCC36, 0xCC36, 0xD435, 0xD435, 0xD435, 0xDC35, 0xEC54, 0xEC34,
    0xE434, 0xDC35, 0xD435, 0xD435, 0xD435, 0xD435, 0xD435, 0xD435, 0xDC35, 0xD434, 0xDC34, 0xDC34,
    0x82D1, 0x7B32, 0x8434, 0xCC35, 0xE435, 0xDC35, 0xDC35, 0xDC35, 0xDC34, 0xE434, 0xE434, 0xE454,
    0xEC74, 0xF4B3, 0xF4B3, 0xF4D3, 0xF4B3, 0xF4B3, 0xEC93, 0xEC93, 0xEC73, 0xEC74, 0xEC74, 0xEC54,
    0xEC74, 0xEC74, 0xEC73, 0xEC93, 0xF4B3, 0xF4F3, 0xF4F3, 0xF4F3, 0xF4F3, 0xF4F2, 0xF4D2, 0xF4F2,
    0xF4D3, 0xEC93, 0xEC93, 0xEC93, 0xEC73, 0xEC93, 0xF4B3, 0xF4B2, 0xF4D2, 0xF532, 0xF531, 0xF551,
    0xF551, 0xF551, 0xF551, 0xFD51, 0xFD51, 0xF551, 0xF571, 0xF571, 0xF571, 0xF571, 0xFD71, 0xF532,
    0xED12, 0xECF3, 0xDC74, 0xCC16, 0xD416, 0xDC15, 0xDC15, 0xDC15, 0xD415, 0xCBF5, 0xD415, 0xDC14,
    0xDC14, 0xE435, 0xE435, 0xD415, 0xD415, 0xE434, 0xEC35, 0xE435, 0xDC34, 0xDC35, 0xDC34, 0xEC54,
    0xF474, 0xEC54, 0xEC54, 0xEC54, 0xEC34, 0xEC54, 0xEC54, 0xEC54, 0xEC54, 0xEC54, 0xF474, 0xF474,
    0xF474, 0xF474, 0xF474, 0xF474, 0xF474, 0xF474, 0xF474, 0xF474, 0xF474, 0xF474, 0xF474, 0xF474,
    0xF474, 0xF474, 0xF474, 0xEC74, 0xEC74, 0xEC94, 0xEC74, 0xEC74, 0xEC94, 0xF4B4, 0xFD35, 0xF594,
    0xF5B5, 0xFDD6, 0xFE16, 0xFDD6, 0xF555, 0xEC74, 0xF494, 0xEC94, 0xEC74, 0xEC74, 0xF494, 0xF494,
    0xF4B4, 0xECB4, 0xF4D4, 0xF534, 0xFDF5, 0xF575, 0xEC93, 0xF553, 0xFD93, 0xF593, 0xFDB4, 0xFDD4,
    0xFDD4, 0xFDD2, 0xF591, 0xFD91, 0xFD91, 0xFD91, 0xFD90, 0xFD91, 0xFD90, 0xFD90, 0xFD90, 0xFD90,
    0xFD91, 0xFD91, 0xFD90, 0xFD90, 0xFD90, 0xFD90, 0xFD91, 0xF552, 0xF533, 0xF532, 0xFD52, 0xFD51,
    0xFD71, 0xFD71, 0xFD71, 0xFD71, 0xFD71, 0xFD71, 0xFD71, 0xFD71, 0xFD71, 0xFD71, 0xFD71, 0xFD71,
    0xFD91, 0xFD91, 0xFD91, 0xFD91, 0xFD90, 0xFD90, 0xFD90, 0xFD90, 0xFD90, 0xFD90, 0xFD90, 0xFD90,
    0xFD90, 0xFD90, 0xFD90, 0xFD90, 0xFD90, 0xFD90, 0xFD90, 0xFD90, 0xFD90, 0xFD90, 0xFD90, 0xFD90,
    0xFD90, 0xFD90, 0xFD90, 0xFD91, 0x8376, 0x8376, 0x8376, 0x8376, 0x8356, 0x8356, 0x8B76, 0x8B77,
    0x8B77, 0x8B77, 0x8B77, 0x8B77, 0x8B77, 0x8B77, 0x8B77, 0x8B77, 0x8B77, 0x8B77, 0x8B77, 0x8B77,
    0x8B77, 0x8B77, 0x8B77, 0x8B77, 0x8B77, 0x8B77, 0x8B77, 0x8B77, 0x8B77, 0x8B77, 0x8B77, 0x8B77,
    0x8B77, 0x8B77, 0x8B76, 0x8B76, 0x8B76, 0x8376, 0x9396, 0xA3B6, 0xBC16, 0xBC36, 0xC416, 0xD435,
    0xD435, 0xC436, 0xBC37, 0xBC36, 0xCC36, 0xDC55, 0xF494, 0xF493, 0xF493, 0xF4B3, 0xFD33, 0xFDD4,
    0xFDD4, 0xFE14, 0xFE54, 0xD575, 0xC4D6, 0xA3B5, 0xA3B7, 0xABB7, 0xABB6, 0xABD7, 0xABD7, 0xABD7,
    0xABB6, 0xB3D6, 0xBBF6, 0xC416, 0xC3F6, 0xC416, 0xC416, 0xCC16, 0xCC16, 0xCC17, 0xC417, 0xC3F6,
    0xC3F6, 0xC3F6, 0xC3F6, 0xC3F6, 0xCBF6, 0xCBF6, 0xC3F6, 0xCBF6, 0xCC17, 0xCC16, 0xDC35, 0xE455,
    0xE455, 0xE455, 0xE455, 0xE455, 0xEC55, 0xEC35, 0xE454, 0xE454, 0xEC54, 0xEC54, 0xEC54, 0xEC54,
    0xEC54, 0xEC54, 0xEC54, 0xEC54, 0xEC54, 0xEC54, 0xEC54, 0xEC34, 0x6A2F, 0x5A90, 0x73D3, 0xCC34,
    0xEC74, 0xE474, 0xE454, 0xE454, 0xEC74, 0xEC74, 0xEC74, 0xEC74, 0xEC74, 0xF4B4, 0xF4B3, 0xF4B3,
    0xF4B3, 0xF4B3, 0xEC93, 0xEC93, 0xEC73, 0xEC73, 0xEC73, 0xEC73, 0xEC74, 0xEC74, 0xEC74, 0xF493,
    0xECB2, 0xF4F3, 0xF4F3, 0xF4F3, 0xF4D2, 0xF4D2, 0xF4D2, 0xF4D2, 0xF4D3, 0xEC93, 0xEC93, 0xEC73,
    0xEC73, 0xEC94, 0xF4B3, 0xF4B3, 0xF4F2, 0xF552, 0xF551, 0xFD51, 0xFD51, 0xFD51, 0xFD51, 0xFD71,
    0xFD71, 0xF551, 0xFD71, 0xFD71, 0xFD71, 0xF571, 0xF571, 0xF551, 0xF531, 0xF552, 0xDC93, 0xC3D6,
    0xCC16, 0xCC15, 0xCC15, 0xCC15, 0xCC16, 0xC416, 0xCC16, 0xD415, 0xD435, 0xD435, 0xD435, 0xCC16,
    0xCC36, 0xD435, 0xDC35, 0xDC15, 0xD415, 0xD416, 0xD415, 0xE435, 0xEC34, 0xEC34, 0xEC34, 0xEC34,
    0xEC35, 0xEC34, 0xEC34, 0xEC34, 0xEC34, 0xEC54, 0xEC54, 0xEC54, 0xEC54, 0xEC54, 0xEC54, 0xEC74,
    0xEC74, 0xEC93, 0xEC93, 0xEC93, 0xEC93, 0xEC93, 0xEC93, 0xEC93, 0xEC93, 0xEC93, 0xEC93, 0xEC93,
    0xEC93, 0xF4B4, 0xF4D4, 0xEC74, 0xEC74, 0xEC94, 0xF4F4, 0xF554, 0xF554, 0xF534, 0xF4F4, 0xF535,
    0xECF4, 0xEC73, 0xEC73, 0xEC73, 0xEC74, 0xEC94, 0xEC94, 0xEC94, 0xEC94, 0xEC74, 0xF494, 0xF4B4,
    0xECF4, 0xF4B4, 0xEC54, 0xF4B4, 0xF4D3, 0xF4D3, 0xF4F4, 0xF514, 0xFE15, 0xFE34, 0xFDF3, 0xFD91,
    0xFD71, 0xFD91, 0xFD90, 0xFD90, 0xFD90, 0xFD90, 0xFD90, 0xFD90, 0xFD90, 0xFD90, 0xFD90, 0xFD90,
    0xFD90, 0xF571, 0xFD71, 0xF552, 0xF533, 0xFD33, 0xFD33, 0xF551, 0xFD71, 0xFD71, 0xFD71, 0xFD71,
    0xFD71, 0xFD71, 0xFD71, 0xFD91, 0xFD91, 0xFD91, 0xFD91, 0xFD91, 0xFD91, 0xFD91, 0xFD91, 0xFD91,
    0xFD91, 0xFD91, 0xFD91, 0xFD91, 0xFD90, 0xFD90, 0xFD90, 0xFD91, 0xFD91, 0xFD91, 0xFD91, 0xFD91,
    0xFD91, 0xFDB1, 0xFDB1, 0xFDB1, 0xFDB1, 0xFD91, 0xFD91, 0xFD91, 0xFD91, 0xFD91, 0xFD91, 0xFDB1,
    0x8356, 0x8356, 0x8B76, 0x8376, 0x8356, 0x8356, 0x8B76, 0x8B77, 0x8B77, 0x8B77, 0x8B77, 0x8B77,
    0x8B77, 0x8B77, 0x8B77, 0x8B77, 0x8B77, 0x8B77, 0x8B77, 0x8B77, 0x8B77, 0x8B77, 0x8B77, 0x8B77,
    0x8B77, 0x8B77, 0x8B77, 0x8B77, 0x8B77, 0x8B77, 0x8B77, 0x8B77, 0x8B77, 0x8B77, 0x8B76, 0x8B76,
    0x8B76, 0x8356, 0xA3D7, 0xBC37, 0xBC16, 0xBC16, 0xBC16, 0xCC16, 0xC436, 0xBC36, 0xBC36, 0xBC36,
    0xCC16, 0xD436, 0xDC55, 0xF494, 0xFCB4, 0xFCD4, 0xF533, 0xF5B3, 0xFDF4, 0xFDF4, 0xF5B3, 0xF674,
    0xEE16, 0xABB5, 0xABB6, 0xABB6, 0xABD6, 0xABD6, 0xABD6, 0xABD7, 0xB3D6, 0xC3F6, 0xC416, 0xC416,
    0xC3F6, 0xC416, 0xC416, 0xCC16, 0xCC16, 0xCC16, 0xCC16, 0xCBF6, 0xCBF6, 0xCBF6, 0xCBF6, 0xCBF6,
    0xCBF6, 0xCBF6, 0xCBF6, 0xCBF6, 0xCBF6, 0xD436, 0xE455, 0xE435, 0xE434, 0xEC34, 0xE435, 0xE434,
    0xE434, 0xE454, 0xEC54, 0xE454, 0xE454, 0xE454, 0xE454, 0xEC54, 0xEC34, 0xEC54, 0xEC54, 0xEC54,
    0xEC54, 0xEC34, 0xEC54, 0xE454, 0x49CE, 0x422F, 0x6372, 0xCC13, 0xEC74, 0xE454, 0xEC54, 0xEC54,
    0xEC54, 0xEC54, 0xEC74, 0xEC74, 0xEC74, 0xEC74, 0xECB3, 0xF4D3, 0xF4B3, 0xF493, 0xEC93, 0xEC93,
    0xEC93, 0xEC93, 0xEC73, 0xEC74, 0xEC74, 0xEC74, 0xEC74, 0xEC93, 0xECB2, 0xF4D3, 0xF4F3, 0xF4D3,
    0xF4D2, 0xF4D2, 0xF4D2, 0xF4D3, 0xF4B3, 0xEC93, 0xEC94, 0xEC74, 0xEC74, 0xF494, 0xF4B3, 0xF4B3,
    0xF4F2, 0xF551, 0xF551, 0xFD51, 0xFD51, 0xFD51, 0xFD51, 0xFD71, 0xFD71, 0xF551, 0xFD71, 0xFD71,
    0xFD71, 0xFD71, 0xF571, 0xF551, 0xF551, 0xF532, 0xE4D3, 0xD455, 0xC414, 0xCBF5, 0xCBF5, 0xCBF5,
    0xCBF5, 0xC3F6, 0xC3F5, 0xCBF5, 0xCC15, 0xCC15, 0xCBF5, 0xC416, 0xCC36, 0xCC16, 0xCC35, 0xCC15,
    0xCC16, 0xD416, 0xD415, 0xDC14, 0xE434, 0xE434, 0xE434, 0xE434, 0xE434, 0xE434, 0xE434, 0xE434,
    0xEC34, 0xEC34, 0xEC34, 0xEC34, 0xEC34, 0xEC34, 0xEC54, 0xEC73, 0xECB3, 0xF512, 0xF511, 0xF531,
    0xF511, 0xF511, 0xF511, 0xF531, 0xF531, 0xF531, 0xF531, 0xF511, 0xF511, 0xF512, 0xF513, 0xEC94,
    0xEC54, 0xEC74, 0xEC94, 0xEC94, 0xECB4, 0xEC94, 0xEC74, 0xEC74, 0xECB3, 0xF512, 0xF512, 0xF512,
    0xF513, 0xF4F3, 0xF4F3, 0xF4F3, 0xF4F3, 0xF4B4, 0xEC94, 0xEC94, 0xEC74, 0xEC74, 0xF494, 0xF4B5,
    0xF494, 0xEC74, 0xEC74, 0xEC94, 0xF574, 0xF5B4, 0xFDB5, 0xF572, 0xF552, 0xF572, 0xFD91, 0xFD91,
    0xFD91, 0xFD91, 0xFD91, 0xFD91, 0xFD91, 0xFD91, 0xFD91, 0xFD91, 0xF571, 0xF551, 0xF552, 0xF532,
    0xF533, 0xFD33, 0xFD32, 0xF552, 0xFD71, 0xFD71, 0xFD71, 0xFD71, 0xFD71, 0xFD71, 0xFD71, 0xFD91,
    0xFD91, 0xFD91, 0xFD91, 0xFD91, 0xFD91, 0xFD91, 0xFD91, 0xFD91, 0xFD91, 0xFD91, 0xFD91, 0xFD91,
    0xFD90, 0xFD90, 0xFD90, 0xFD91, 0xFD91, 0xFD91, 0xFD91, 0xFD91, 0xFD91, 0xFDB1, 0xFDB1, 0xFDB1,
    0xFDB1, 0xFD91, 0xFD91, 0xFD91, 0xFD91, 0xFD91, 0xFD91, 0xFDB1, 0xB435, 0x9BB5, 0x8356, 0x8B76,
    0x8B56, 0x8B56, 0x8B76, 0x8B77, 0x8B77, 0x8B77, 0x8B77, 0x8B77, 0x8B77, 0x8B77, 0x8B77, 0x8B77,
    0x8B77, 0x8B77, 0x8B77, 0x8B77, 0x8B77, 0x8B77, 0x8B77, 0x8B77, 0x8B77, 0x8B77, 0x8B77, 0x8B77,
    0x8B77, 0x8B77, 0x8B77, 0x8B77, 0x8B77, 0x8B77, 0x8B76, 0x8B76, 0x8B76, 0x8356, 0xA3D7, 0xBC37,
    0xBC16, 0xBC36, 0xBC36, 0xBC16, 0xB416, 0xBC36, 0xBC16, 0xC416, 0xBC16, 0xC416, 0xC415, 0xDC54,
    0xE474, 0xE474, 0xE493, 0xE4B3, 0xFD94, 0xF5B3, 0xED73, 0xFE54, 0xEE14, 0xABD5, 0xABD6, 0xABD6,
    0xABD6, 0xABD6, 0xABD6, 0xABD6, 0xB3F6, 0xC3F6, 0xC416, 0xC416, 0xC416, 0xC3F6, 0xC416, 0xCC16,
    0xCC16, 0xC416, 0xC416, 0xC416, 0xC416, 0xCC16, 0xCC16, 0xCC16, 0xCC16, 0xCC16, 0xC3F6, 0xCBF6,
    0xC416, 0xCC15, 0xDC54, 0xE435, 0xE435, 0xE435, 0xE454, 0xEC54, 0xEC54, 0xE455, 0xE454, 0xE454,
    0xE454, 0xEC54, 0xEC54, 0xEC54, 0xEC54, 0xEC54, 0xEC54, 0xEC54, 0xEC54, 0xEC53, 0xEC73, 0xE474,
    0x41CF, 0x3A2F, 0x6332, 0xCC14, 0xEC54, 0xEC54, 0xEC54, 0xEC54, 0xEC53, 0xEC53, 0xEC54, 0xEC54,
    0xEC74, 0xEC74, 0xEC93, 0xF4B3, 0xF4B3, 0xF493, 0xEC73, 0xEC93, 0xEC93, 0xF4B3, 0xF494, 0xEC74,
    0xEC74, 0xEC54, 0xEC74, 0xF493, 0xF4B3, 0xF4F2, 0xF4F2, 0xF4D3, 0xF4D3, 0xF4B3, 0xF4B3, 0xF4B3,
    0xEC94, 0xEC94, 0xEC74, 0xEC53, 0xEC73, 0xEC93, 0xF4B3, 0xF4D2, 0xF512, 0xF552, 0xF551, 0xF551,
    0xF551, 0xF551, 0xF551, 0xF551, 0xF551, 0xF571, 0xFD71, 0xFD71, 0xFD71, 0xFD71, 0xFD52, 0xFD52,
    0xF552, 0xF532, 0xF532, 0xED14, 0xDC73, 0xD434, 0xD454, 0xD454, 0xD433, 0xD453, 0xD454, 0xDC53,
    0xD454, 0xD474, 0xDC74, 0xD435, 0xCC35, 0xCBF6, 0xC435, 0xCC36, 0xCC16, 0xD416, 0xD435, 0xE493,
    0xECB2, 0xECB3, 0xECB3, 0xECB3, 0xECB3, 0xECB3, 0xECD3, 0xECD3, 0xF4B2, 0xF4D2, 0xECD2, 0xECD2,
    0xECD2, 0xECD2, 0xF4D2, 0xECD1, 0xF511, 0xFD71, 0xFD90, 0xFD90, 0xFD90, 0xFD90, 0xFD90, 0xFD90,
    0xFD90, 0xFD90, 0xFD90, 0xFD90, 0xFDB0, 0xF532, 0xECB4, 0xEC74, 0xEC54, 0xEC73, 0xEC54, 0xEC54,
    0xEC74, 0xEC94, 0xF4B4, 0xEC73, 0xECD2, 0xFDB2, 0xF5B1, 0xF5B2, 0xFD92, 0xFD71, 0xFD72, 0xFD52,
    0xFD32, 0xF4F3, 0xF4D3, 0xF4B3, 0xF4B3, 0xF4D3, 0xF4F4, 0xFD14, 0xF4F4, 0xF4B3, 0xF4B4, 0xECD3,
    0xF4F3, 0xF533, 0xF533, 0xF533, 0xFD33, 0xF533, 0xFD72, 0xFD91, 0xFD91, 0xFD91, 0xFDB1, 0xFDB1,
    0xFD91, 0xFD91, 0xFD91, 0xFD71, 0xF552, 0xF532, 0xF532, 0xF532, 0xFD33, 0xFD32, 0xF532, 0xF532,
    0xFD51, 0xFD71, 0xFD71, 0xFD71, 0xFD71, 0xFD70, 0xFD71, 0xFD90, 0xFD90, 0xFD90, 0xFD90, 0xFD90,
    0xFD90, 0xFD90, 0xFD90, 0xFD90, 0xFD91, 0xFD91, 0xFD91, 0xFD91, 0xFD90, 0xFD90, 0xFD90, 0xFDB1,
    0xFDB1, 0xFDB1, 0xFD90, 0xFD90, 0xFD90, 0xFD90, 0xFD90, 0xFD90, 0xFD90, 0xFD90, 0xFD90, 0xFD90,
    0xFD90, 0xFD90, 0xFDB1, 0xFDB1, 0xFDB5, 0xC495, 0x8335, 0x8B76, 0x8B76, 0x8B56, 0x8B76, 0x8B77,
    0x8B77, 0x8B77, 0x8B77, 0x8B77, 0x8B77, 0x8B77, 0x8B77, 0x8B77, 0x8B77, 0x8B77, 0x8B77, 0x8B77,
    0x8B77, 0x8B77, 0x8B77, 0x8B77, 0x8B77, 0x8B77, 0x8B77, 0x8B77, 0x8B77, 0x8B77, 0x8B77, 0x8B77,
    0x8B77, 0x8B77, 0x8B76, 0x8B76, 0x8B76, 0x8356, 0xA3B7, 0xBC37, 0xBC36, 0xBC36, 0xBC36, 0xBC36,
    0xBC36, 0xBC16, 0xBC16, 0xBC17, 0xBC37, 0xBC17, 0xC436, 0xC415, 0xCC34, 0xCC14, 0xD435, 0xDC74,
    0xF534, 0xF594, 0xF5D4, 0xFE53, 0xEDF5, 0xABB5, 0xABB6, 0xABD6, 0xABD6, 0xABD6, 0xABD6, 0xABD6,
    0xB3F6, 0xC3F6, 0xC3F6, 0xC416, 0xC416, 0xC3F6, 0xC416, 0xCC15, 0xCC15, 0xCC15, 0xCC16, 0xCC16,
    0xC416, 0xCC16, 0xCC16, 0xCC16, 0xCC16, 0xCC16, 0xCBF6, 0xCBF6, 0xC416, 0xD415, 0xDC34, 0xE434,
    0xE434, 0xE455, 0xEC54, 0xEC34, 0xCBF4, 0xD415, 0xE454, 0xE455, 0xE454, 0xEC54, 0xEC54, 0xEC54,
    0xEC54, 0xEC54, 0xEC54, 0xEC54, 0xEC74, 0xEC73, 0xEC93, 0xEC94, 0x39EF, 0x3230, 0x5B32, 0xBC13,
    0xE454, 0xEC54, 0xE454, 0xE454, 0xEC54, 0xEC54, 0xEC54, 0xEC54, 0xEC54, 0xEC74, 0xEC74, 0xEC74,
    0xEC73, 0xF473, 0xEC73, 0xEC93, 0xEC93, 0xF4D2, 0xF493, 0xEC74, 0xEC73, 0xEC73, 0xF474, 0xF493,
    0xF4B3, 0xF4D3, 0xF4B3, 0xF4B3, 0xEC93, 0xEC94, 0xEC73, 0xEC73, 0xEC74, 0xEC73, 0xE434, 0xE434,
    0xEC54, 0xEC74, 0xF4B3, 0xF4B4, 0xF4D3, 0xFD13, 0xFD13, 0xF4F2, 0xF513, 0xFD13, 0xFD13, 0xFD13,
    0xFD13, 0xFD12, 0xFD12, 0xFD13, 0xFD13, 0xFD13, 0xFD13, 0xFD13, 0xF513, 0xF512, 0xF4F2, 0xF4F2,
    0xF512, 0xF513, 0xF512, 0xF512, 0xF512, 0xF512, 0xF532, 0xF532, 0xF512, 0xF512, 0xFD13, 0xECB4,
    0xDC75, 0xC3F6, 0xC416, 0xCC16, 0xCC16, 0xD455, 0xE4B4, 0xF551, 0xFDB0, 0xFD91, 0xFD91, 0xFD91,
    0xFD91, 0xFD91, 0xFD91, 0xFD91, 0xFD91, 0xFD91, 0xFD91, 0xFD91, 0xFD90, 0xFD90, 0xFD90, 0xFD90,
    0xFD70, 0xFD71, 0xFD70, 0xFD90, 0xFD90, 0xFD90, 0xFD90, 0xFD90, 0xFD90, 0xFD90, 0xFD90, 0xFD90,
    0xFDB0, 0xED12, 0xDC74, 0xE455, 0xE455, 0xE454, 0xE454, 0xE454, 0xEC74, 0xEC74, 0xEC94, 0xEC93,
    0xECF2, 0xFDB1, 0xF5B0, 0xF591, 0xFD91, 0xF571, 0xFD71, 0xFD71, 0xFD71, 0xF531, 0xFD32, 0xFD32,
    0xF532, 0xF532, 0xFD52, 0xF532, 0xF532, 0xF552, 0xF552, 0xFD52, 0xFD52, 0xFD52, 0xF552, 0xFD52,
    0xFD52, 0xF532, 0xFD72, 0xFD91, 0xFD91, 0xFD91, 0xFDB1, 0xFDB1, 0xFD90, 0xFD90, 0xFD72, 0xFD52,
    0xF533, 0xF533, 0xF533, 0xFD33, 0xFD33, 0xFD32, 0xF533, 0xF532, 0xFD51, 0xFD71, 0xFD71, 0xFD71,
    0xFD71, 0xFD70, 0xFD71, 0xFD90, 0xFD90, 0xFD90, 0xFD90, 0xFD90, 0xFD90, 0xFD90, 0xFD90, 0xFD90,
    0xFD91, 0xFD91, 0xFD91, 0xFD91, 0xFD90, 0xFD90, 0xFD91, 0xFDB1, 0xFDB1, 0xFDB1, 0xFDB1, 0xFD90,
    0xFD90, 0xFD90, 0xFD90, 0xFD90, 0xFD90, 0xFD90, 0xFD90, 0xFD90, 0xFD90, 0xFDB1, 0xFDB1, 0xFDB1,
    0xFD94, 0xCC74, 0x9353, 0x8B75, 0x8B56, 0x8B56, 0x8B76, 0x8B77, 0x8B77, 0x8B77, 0x8B77, 0x8B77,
    0x8B77, 0x8B77, 0x8B77, 0x8B77, 0x8B77, 0x8B77, 0x8B77, 0x8B77, 0x8B77, 0x8B77, 0x8B77, 0x8B77,
    0x8B77, 0x8B77, 0x8B77, 0x8B77, 0x8B77, 0x8B77, 0x8B77, 0x8B77, 0x8B77, 0x8B77, 0x8B76, 0x8B76,
    0x8B76, 0x8356, 0xA3B7, 0xBC37, 0xBC36, 0xBC36, 0xBC36, 0xBC36, 0xBC36, 0xBC16, 0xBC16, 0xBC16,
    0xBC16, 0xC435, 0xCC15, 0xECB5, 0xFCD4, 0xF4B4, 0xF534, 0xFD95, 0xF534, 0xF5B4, 0xFE55, 0xFE54,
    0xEDF4, 0xABB5, 0xABB6, 0xABD6, 0xABD6, 0xABD6, 0xABD6, 0xABD6, 0xB3F6, 0xC3F6, 0xC3F6, 0xC416,
    0xC416, 0xC3F6, 0xC416, 0xCC15, 0xCC15, 0xCC15, 0xCBF6, 0xCC16, 0xC416, 0xCC16, 0xCC16, 0xCC16,
    0xCC16, 0xCC16, 0xCC16, 0xCC16, 0xC416, 0xD415, 0xDC34, 0xE434, 0xE434, 0xE435, 0xE454, 0xDC34,
    0x5A2F, 0x8AF1, 0xE454, 0xDC54, 0xE434, 0xE454, 0xE454, 0xEC54, 0xEC54, 0xEC54, 0xEC54, 0xEC74,
    0xEC73, 0xECB3, 0xF4B3, 0xEC93, 0x3A0F, 0x322F, 0x6352, 0xBC13, 0xDC54, 0xE454, 0xE454, 0xE454,
    0xEC54, 0xEC54, 0xEC54, 0xEC54, 0xEC54, 0xEC74, 0xEC74, 0xEC74, 0xEC74, 0xF474, 0xEC73, 0xEC93,
    0xEC93, 0xF4D2, 0xF4B3, 0xEC93, 0xEC72, 0xEC73, 0xF473, 0xF493, 0xF4B3, 0xF4B2, 0xECB3, 0xEC93,
    0xEC74, 0xE454, 0xE434, 0xE434, 0xE434, 0xE434, 0xE434, 0xE434, 0xEC74, 0xEC93, 0xF4B3, 0xEC72,
    0xEC53, 0xEC74, 0xEC74, 0xEC73, 0xEC73, 0xEC73, 0xEC73, 0xEC73, 0xEC73, 0xEC93, 0xEC93, 0xEC93,
    0xEC93, 0xEC93, 0xEC93, 0xEC73, 0xEC73, 0xEC73, 0xEC93, 0xEC93, 0xECB3, 0xF4D3, 0xF512, 0xF4F2,
    0xF4F2, 0xF4F2, 0xF4F2, 0xF4F2, 0xF4F2, 0xF4F2, 0xECD3, 0xECD3, 0xE494, 0xCBF5, 0xCC16, 0xCC16,
    0xC416, 0xDCB4, 0xF592, 0xF571, 0xF591, 0xF591, 0xFD91, 0xF591, 0xF591, 0xF591, 0xF571, 0xFD91,
    0xFD91, 0xFD91, 0xFD91, 0xFD91, 0xFD71, 0xFD71, 0xFD91, 0xFD91, 0xFDB1, 0xFD90, 0xFD90, 0xFDB1,
    0xFD90, 0xFD90, 0xFD90, 0xFD90, 0xFD90, 0xFD90, 0xFD90, 0xFD90, 0xFD90, 0xF552, 0xF533, 0xDC74,
    0xD415, 0xDC34, 0xDC34, 0xDC34, 0xDC55, 0xDC54, 0xDC53, 0xF552, 0xFD91, 0xFD91, 0xFDB0, 0xFDB1,
    0xFD91, 0xFD91, 0xFDB1, 0xFDB1, 0xFD91, 0xFD90, 0xFD91, 0xFD91, 0xFDB1, 0xFD91, 0xFD91, 0xFD91,
    0xFD91, 0xFD90, 0xFD90, 0xFDB1, 0xFD90, 0xFD91, 0xFD91, 0xFD91, 0xFD91, 0xFD91, 0xFDB1, 0xFD91,
    0xFD91, 0xFD91, 0xFDB1, 0xFDB1, 0xFD91, 0xFD72, 0xF533, 0xF514, 0xF514, 0xF514, 0xF514, 0xFD13,
    0xFD32, 0xFD32, 0xF533, 0xF533, 0xFD52, 0xFD71, 0xFD71, 0xFD71, 0xFD71, 0xFD70, 0xFD71, 0xFD91,
    0xFD90, 0xFD90, 0xFD90, 0xFD90, 0xFD90, 0xFD90, 0xFD90, 0xFD90, 0xFD91, 0xFD91, 0xFD91, 0xFD91,
    0xFD91, 0xFD91, 0xFDB1, 0xFDB1, 0xFDB1, 0xFDB1, 0xFDB1, 0xFDB1, 0xFDB1, 0xFD91, 0xFD91, 0xFD91,
    0xFD91, 0xFDB1, 0xFDB1, 0xFDB1, 0xFDB1, 0xFDB1, 0xFDB1, 0xFDB1, 0xFD73, 0xE4F5, 0xD496, 0xA3B6,
    0x8356, 0x8376, 0x8B76, 0x8B56, 0x8B76, 0x8B56, 0x8B76, 0x8B76, 0x8B76, 0x8B76, 0x8B76, 0x8B77,
    0x8B77, 0x8B77, 0x8B77, 0x8B77, 0x8B77, 0x8B76, 0x8B76, 0x8B76, 0x8B77, 0x8B77, 0x8B77, 0x8B77,
    0x8B77, 0x8B77, 0x8B77, 0x8B77, 0x8B77, 0x8B77, 0x8B76, 0x8B76, 0x8B76, 0x8356, 0xA3D6, 0xBC37,
    0xBC36, 0xBC36, 0xBC36, 0xBC36, 0xBC36, 0xBC36, 0xBC16, 0xBC36, 0xD455, 0xDC55, 0xE455, 0xF494,
    0xF4B3, 0xF493, 0xFCF4, 0xFD94, 0xF574, 0xF573, 0xF593, 0xEE15, 0xE5D6, 0xABB5, 0xABD6, 0xABD6,
    0xABD6, 0xABD6, 0xABD6, 0xABD7, 0xB3D6, 0xC3F6, 0xC416, 0xC416, 0xC416, 0xC416, 0xCC16, 0xCC16,
    0xCC16, 0xCBF6, 0xCBF6, 0xCC16, 0xCC16, 0xCC16, 0xCC16, 0xCC16, 0xCC16, 0xCC16, 0xCC16, 0xCC16,
    0xC3F6, 0xCC16, 0xDC34, 0xE434, 0xE434, 0xE434, 0xEC34, 0xE414, 0x6A2F, 0x5A0F, 0x6A2F, 0xA352,
    0xBB92, 0xE454, 0xEC54, 0xEC54, 0xEC54, 0xEC74, 0xEC53, 0xEC93, 0xF4B3, 0xF4D3, 0xECB3, 0xEC94,
    0x3A0F, 0x2A4F, 0x5B32, 0x9B91, 0xC3F2, 0xE454, 0xEC54, 0xEC34, 0xEC54, 0xEC54, 0xEC54, 0xEC54,
    0xEC54, 0xEC54, 0xEC54, 0xEC73, 0xF493, 0xEC73, 0xEC53, 0xEC93, 0xF4B3, 0xF4D2, 0xF4B3, 0xEC93,
    0xF4D3, 0xF4D3, 0xF493, 0xF4B3, 0xF4B3, 0xF4B2, 0xF4D2, 0xF4D3, 0xF4B3, 0xF4B3, 0xEC93, 0xF4B3,
    0xF4B3, 0xF4B3, 0xEC93, 0xF494, 0xEC93, 0xECB2, 0xF4F2, 0xF4F2, 0xF512, 0xF532, 0xF532, 0xF532,
    0xF532, 0xF552, 0xF552, 0xF552, 0xF552, 0xFD32, 0xFD32, 0xFD32, 0xF532, 0xF533, 0xF513, 0xF512,
    0xF512, 0xF512, 0xF512, 0xF511, 0xF512, 0xF511, 0xF511, 0xF512, 0xF513, 0xECF4, 0xF513, 0xF512,
    0xECD3, 0xD474, 0xCC15, 0xD434, 0xD434, 0xCBF5, 0xCC15, 0xCC15, 0xDC95, 0xECF3, 0xF590, 0xF591,
    0xF590, 0xFD90, 0xFD91, 0xF591, 0xFD91, 0xF591, 0xFD91, 0xF591, 0xF592, 0xFDB3, 0xFD92, 0xFD91,
    0xFD91, 0xFD91, 0xFDB1, 0xFDB1, 0xFDB1, 0xFDB0, 0xFDB0, 0xFD91, 0xFD91, 0xFD91, 0xFD90, 0xFD90,
    0xFD90, 0xFD90, 0xFD90, 0xFD90, 0xFD90, 0xFD91, 0xFD91, 0xDC73, 0xCBF5, 0xD415, 0xD3F4, 0xD414,
    0xD3F4, 0xDC54, 0xED14, 0xF571, 0xFDB1, 0xFD91, 0xFDB0, 0xFDB1, 0xFDB1, 0xFDB1, 0xFDB1, 0xFDB1,
    0xFDB1, 0xFD90, 0xFDB1, 0xFDB1, 0xFDB1, 0xFDB1, 0xFDB1, 0xFDB1, 0xFDB1, 0xFD90, 0xFD90, 0xFDB0,
    0xFDB0, 0xFDB0, 0xFDB0, 0xFDB0, 0xFDB0, 0xFDB1, 0xFD91, 0xFD91, 0xFDB1, 0xFDB1, 0xFD90, 0xFDB1,
    0xFD71, 0xF4F2, 0xF4F4, 0xF4F5, 0xF514, 0xF515, 0xFD35, 0xFD14, 0xFD33, 0xFD32, 0xFD32, 0xF532,
    0xFD52, 0xFD71, 0xFD71, 0xFD71, 0xFD71, 0xFD70, 0xFD70, 0xFD91, 0xFDB1, 0xFD91, 0xFD91, 0xFD91,
    0xFD91, 0xFD91, 0xFD90, 0xFD91, 0xFD91, 0xFD91, 0xFDB1, 0xFDB1, 0xFDB1, 0xFDB1, 0xFDB1, 0xFD91,
    0xFD91, 0xFD91, 0xFDB1, 0xFDB1, 0xFDB1, 0xFDB1, 0xFDB1, 0xFDB1, 0xFDB1, 0xFDB1, 0xFDB1, 0xFDB1,
    0xFDB1, 0xFDB1, 0xFDB1, 0xFDB1, 0xFD74, 0xED15, 0xDCF6, 0xA3D5, 0x8356, 0x8B35, 0x8B55, 0x8B75,
    0x8356, 0x8B76, 0x8377, 0x8376, 0x8376, 0x8356, 0x8356, 0x8B77, 0x8B77, 0x8B77, 0x8B77, 0x8B77,
    0x8B77, 0x8B76, 0x8356, 0x8B76, 0x8B77, 0x8B77, 0x8B77, 0x8B77, 0x8B77, 0x8B77, 0x8B77, 0x8B77,
    0x8B77, 0x8B77, 0x8B76, 0x8B76, 0x8B76, 0x8356, 0xA3D6, 0xBC37, 0xBC36, 0xBC36, 0xBC36, 0xBC16,
    0xBC16, 0xBC36, 0xBC16, 0xC436, 0xDC55, 0xE454, 0xEC54, 0xF494, 0xF494, 0xF493, 0xF4D4, 0xF534,
    0xF594, 0xF594, 0xF573, 0xE5B5, 0xDD75, 0xABB6, 0xABD6, 0xABD6, 0xABB6, 0xABD6, 0xABD6, 0xABD6,
    0xB3D6, 0xC3F6, 0xC416, 0xC416, 0xC416, 0xC416, 0xCC16, 0xCC16, 0xCC16, 0xCBF6, 0xCC16, 0xCC16,
    0xCC16, 0xCC16, 0xC416, 0xC416, 0xC416, 0xCC16, 0xCC16, 0xCC16, 0xC416, 0xCC16, 0xDC35, 0xE435,
    0xE454, 0xE434, 0xEC34, 0xE414, 0x7290, 0x7AB1, 0x9B31, 0xBBB4, 0xCBF3, 0xE454, 0xEC54, 0xE454,
    0xEC54, 0xEC74, 0xEC73, 0xECB2, 0xF4B2, 0xECB2, 0xECD4, 0xE4F5, 0x3A0E, 0x21EF, 0x4250, 0x8391,
    0xB412, 0xEC54, 0xEC54, 0xEC34, 0xEC54, 0xEC54, 0xEC74, 0xEC74, 0xEC54, 0xEC54, 0xEC54, 0xEC53,
    0xF473, 0xEC73, 0xEC73, 0xF493, 0xF4B3, 0xF4B3, 0xEC93, 0xEC92, 0xF4F3, 0xF4D3, 0xF493, 0xF4B3,
    0xF4B2, 0xF4B2, 0xF4D2, 0xF4D2, 0xF4D2, 0xF4B3, 0xF4B3, 0xF4B3, 0xECB3, 0xECB3, 0xF4B3, 0xF4B3,
    0xF493, 0xF4B2, 0xF4F2, 0xF532, 0xF551, 0xF551, 0xF551, 0xFD71, 0xFD71, 0xF571, 0xF571, 0xFD71,
    0xFD71, 0xFD71, 0xFD71, 0xFD71, 0xF571, 0xF551, 0xED32, 0xF532, 0xF552, 0xFD52, 0xFD32, 0xFD32,
    0xFD32, 0xF512, 0xED13, 0xE4B4, 0xDC75, 0xDC55, 0xDC95, 0xDC94, 0xDC75, 0xCC36, 0xC3F6, 0xCC15,
    0xCC15, 0xD415, 0xD415, 0xD435, 0xE4B5, 0xF513, 0xFD90, 0xFD91, 0xFD91, 0xFD91, 0xFD91, 0xFD91,
    0xFD91, 0xFD91, 0xFD92, 0xFD92, 0xF5B3, 0xFDB4, 0xFDB3, 0xFDB2, 0xFD91, 0xFD91, 0xFDB1, 0xFDB1,
    0xFDB1, 0xFDB1, 0xFDB0, 0xFDB1, 0xFDB1, 0xFDB1, 0xFDB1, 0xFD90, 0xFD90, 0xFDB1, 0xFDB1, 0xFD91,
    0xFD90, 0xFDB1, 0xFDB0, 0xED12, 0xE4D3, 0xE4D3, 0xECD3, 0xECD2, 0xECD3, 0xED13, 0xF572, 0xFD91,
    0xFDB1, 0xFDB1, 0xFDB1, 0xFDB1, 0xFDB1, 0xFDB1, 0xFDB1, 0xFDB1, 0xFDB1, 0xFDB1, 0xFDB1, 0xFDB1,
    0xFDB1, 0xFD91, 0xFDB1, 0xFDB1, 0xFDB1, 0xFDB0, 0xFDB0, 0xFDB1, 0xFDB1, 0xFDB1, 0xFDB1, 0xFDB1,
    0xFDB1, 0xFDB1, 0xFD91, 0xFDB1, 0xFDB1, 0xFDB1, 0xFD90, 0xFD91, 0xF572, 0xECB3, 0xF4D4, 0xF4D5,
    0xF4F4, 0xF4F5, 0xF4F5, 0xFD14, 0xF513, 0xF512, 0xF532, 0xF512, 0xFD52, 0xFD71, 0xF551, 0xF551,
    0xFD70, 0xFD71, 0xFD71, 0xFD91, 0xFDB1, 0xFD91, 0xFD91, 0xFD90, 0xFD90, 0xFD90, 0xFD90, 0xFDB0,
    0xFD90, 0xFD90, 0xFD91, 0xFD91, 0xFDB1, 0xFDB1, 0xFDB1, 0xFD91, 0xFD71, 0xFD91, 0xFDB1, 0xFDB1,
    0xFDB1, 0xFDB1, 0xFDB1, 0xFDB1, 0xFDB1, 0xFDB1, 0xFDB1, 0xFDB1, 0xFDB1, 0xFDB1, 0xFDB1, 0xFDB1,
    0xF554, 0xF514, 0xED15, 0xABD5, 0x9335, 0xB3D4, 0xB3F4, 0xB3F4, 0x9B75, 0x9375, 0x8356, 0x8376,
    0x8376, 0x8356, 0x8356, 0x8B77, 0x8B77, 0x8B77, 0x8B77, 0x8B77, 0x8B77, 0x8B76, 0x8356, 0x8B76,
    0x8B77, 0x8B77, 0x8B77, 0x8B77, 0x8B77, 0x8B77, 0x8B77, 0x8B77, 0x8B77, 0x8B77, 0x8B76, 0x8B76,
    0x8B76, 0x8356, 0xA3D6, 0xBC37, 0xBC36, 0xBC36, 0xBC36, 0xBC16, 0xBC16, 0xBC36, 0xBC16, 0xC416,
    0xE434, 0xE454, 0xEC53, 0xF494, 0xF4B4, 0xF494, 0xF493, 0xF4B3, 0xFD74, 0xF5B4, 0xF593, 0xEDB4,
    0xDD55, 0xA3B5, 0xABB7, 0xABD7, 0xABB6, 0xABB6, 0xABD6, 0xABB6, 0xABD6, 0xC3F6, 0xC416, 0xC416,
    0xC416, 0xC416, 0xCC16, 0xCC16, 0xCC16, 0xCC16, 0xCC16, 0xCC16, 0xCC16, 0xCC16, 0xC416, 0xC416,
    0xC416, 0xCC16, 0xCC16, 0xCC16, 0xCC16, 0xCC15, 0xD436, 0xDC35, 0xE454, 0xE435, 0xEC34, 0xE435,
    0x9B74, 0xBBD4, 0xEC75, 0xEC35, 0xE454, 0xE434, 0xE454, 0xEC54, 0xEC74, 0xEC73, 0xEC93, 0xF4B3,
    0xF4D3, 0xF4B2, 0xDC93, 0xC474, 0x322E, 0x320E, 0x5A90, 0x8BF2, 0xBC53, 0xEC54, 0xE454, 0xEC54,
    0xEC54, 0xEC54, 0xEC74, 0xEC74, 0xEC54, 0xEC54, 0xEC54, 0xEC53, 0xEC73, 0xEC73, 0xF493, 0xF4D3,
    0xF4B3, 0xEC73, 0xEC93, 0xF4B2, 0xF4F2, 0xF4D2, 0xF473, 0xF4B3, 0xF4B2, 0xF4D3, 0xF4D3, 0xF4D2,
    0xF4D2, 0xF4B3, 0xF4B3, 0xF4B3, 0xECB3, 0xECB3, 0xF4B3, 0xF4B3, 0xF493, 0xF4D3, 0xFD12, 0xFD52,
    0xF551, 0xF551, 0xF551, 0xFD71, 0xFD71, 0xF571, 0xF571, 0xFD71, 0xFD71, 0xF571, 0xF591, 0xF571,
    0xED12, 0xE4D3, 0xD495, 0xDCB4, 0xE4D3, 0xE4D3, 0xECF3, 0xED33, 0xF513, 0xECD4, 0xDC95, 0xCC15,
    0xBBF6, 0xBBF6, 0xC3F6, 0xC415, 0xC3F6, 0xC416, 0xCC16, 0xCC15, 0xD415, 0xDC35, 0xDC16, 0xDC35,
    0xEC94, 0xF513, 0xFD92, 0xF552, 0xF552, 0xED13, 0xF551, 0xFD91, 0xFD72, 0xF553, 0xF514, 0xF535,
    0xF555, 0xF575, 0xFDB5, 0xFDD5, 0xFD93, 0xFD93, 0xFD91, 0xFD91, 0xFD91, 0xFD91, 0xFDB1, 0xFD92,
    0xFDB3, 0xFDB3, 0xFDB3, 0xFD92, 0xFD92, 0xFDB1, 0xFDB1, 0xFD91, 0xFD90, 0xFDB1, 0xFDB0, 0xFDB1,
    0xFDB1, 0xFDB2, 0xFDB1, 0xFDB1, 0xFDB2, 0xFDB1, 0xFD91, 0xFDB1, 0xFDB1, 0xFDB1, 0xFDB1, 0xFDB1,
    0xFDB1, 0xFDB1, 0xFDB1, 0xFDB1, 0xFDB1, 0xFDB1, 0xFDB1, 0xFDB1, 0xFDB1, 0xFD91, 0xFDB1, 0xFDB1,
    0xFDB1, 0xFDB0, 0xFDB0, 0xFDB1, 0xFDB1, 0xFDB1, 0xFDB1, 0xFDB1, 0xFDB1, 0xFDB1, 0xFD91, 0xFDB1,
    0xFDB1, 0xFDB1, 0xFDB0, 0xFD91, 0xF552, 0xE494, 0xECB4, 0xF4D4, 0xECD4, 0xECB5, 0xEC94, 0xF4F4,
    0xFD33, 0xFD33, 0xFD32, 0xF513, 0xF513, 0xF533, 0xF552, 0xF551, 0xFD71, 0xFD71, 0xFD71, 0xFD71,
    0xFD51, 0xFD71, 0xFD71, 0xFD71, 0xF571, 0xF551, 0xFD71, 0xFD90, 0xFD91, 0xFD91, 0xFD91, 0xFD91,
    0xFD91, 0xFDB1, 0xFDB1, 0xFD91, 0xFD91, 0xFDB1, 0xFDB0, 0xFDB1, 0xFDB1, 0xFDB1, 0xFDB1, 0xFDB1,
    0xFDB1, 0xFDB1, 0xFDB1, 0xFDB1, 0xFDB1, 0xFDB1, 0xFDB1, 0xFDB1, 0xF514, 0xF4F3, 0xFD14, 0xBBD4,
    0xB3B4, 0xF535, 0xFD14, 0xECF4, 0xC434, 0xABF4, 0x9375, 0x8B76, 0x8376, 0x8B56, 0x8356, 0x8B77,
    0x8B77, 0x8356, 0x8356, 0x8356, 0x8356, 0x8356, 0x8356, 0x8B76, 0x8B77, 0x8B77, 0x8B77, 0x8B77,
    0x8B77, 0x8B77, 0x8B77, 0x8B77, 0x8B76, 0x8B76, 0x8B77, 0x8B76, 0x8B76, 0x8356, 0xA3B6, 0xBC37,
    0xBC16, 0xBC36, 0xBC36, 0xBC36, 0xBC36, 0xBC36, 0xBC36, 0xC436, 0xE435, 0xE434, 0xEC54, 0xF494,
    0xF494, 0xF4B3, 0xF4B3, 0xF4B3, 0xF4F3, 0xF573, 0xF5D3, 0xFE14, 0xEDD5, 0xB434, 0xABD6, 0xABB6,
    0xA3B6, 0xA3B6, 0xA396, 0x9B96, 0xABB7, 0xCBF6, 0xC416, 0xC416, 0xC416, 0xC3F6, 0xC3F6, 0xCC16,
    0xCC16, 0xCC16, 0xCC16, 0xCC16, 0xCC16, 0xCC16, 0xCC16, 0xCC16, 0xCBF6, 0xCC16, 0xCC16, 0xCC16,
    0xCC16, 0xCC16, 0xCC15, 0xDC14, 0xE434, 0xE434, 0xE454, 0xE434, 0xD435, 0xD415, 0xE414, 0xE434,
    0xE434, 0xE434, 0xE454, 0xEC54, 0xEC54, 0xEC94, 0xECD3, 0xECD2, 0xF4B3, 0xECB3, 0xC432, 0xABD2,
    0x320F, 0x52D0, 0xAC74, 0xAC53, 0xC454, 0xDC73, 0xE454, 0xE454, 0xEC54, 0xEC54, 0xEC74, 0xEC74,
    0xEC54, 0xEC54, 0xEC54, 0xEC73, 0xEC73, 0xEC93, 0xF4B3, 0xF4B3, 0xF4B3, 0xEC73, 0xF493, 0xF4F3,
    0xF4F3, 0xF4B3, 0xEC73, 0xF4B2, 0xF4D2, 0xF4D2, 0xF4F2, 0xF4D2, 0xF4D2, 0xF4B3, 0xF4B3, 0xECB3,
    0xF4B3, 0xF4B3, 0xF4B2, 0xF4B3, 0xF4B3, 0xF4F3, 0xF532, 0xF551, 0xF571, 0xF571, 0xF571, 0xF570,
    0xF570, 0xF571, 0xFD71, 0xFD91, 0xFD91, 0xFD91, 0xFD91, 0xF552, 0xCC54, 0xBC34, 0xABD6, 0xB3D5,
    0xBBD5, 0xBBD6, 0xC455, 0xD4B4, 0xD494, 0xD455, 0xC415, 0xBC16, 0xC416, 0xC416, 0xC416, 0xC416,
    0xC3F7, 0xC3F7, 0xC416, 0xD416, 0xDC36, 0xDC34, 0xDC35, 0xDC35, 0xDC34, 0xE4B3, 0xF553, 0xE4D3,
    0xDC94, 0xD434, 0xE4B4, 0xED34, 0xECF4, 0xE494, 0xDC54, 0xDC55, 0xDC75, 0xE4D5, 0xED56, 0xF596,
    0xFD95, 0xFD94, 0xFD92, 0xFD91, 0xFD92, 0xFD92, 0xFD93, 0xFDB4, 0xFDB4, 0xF5B4, 0xF5B4, 0xFDB4,
    0xFD93, 0xFD92, 0xFD91, 0xFD90, 0xFD91, 0xFDB1, 0xFDB0, 0xFDB0, 0xFDB0, 0xFDB0, 0xFD90, 0xFDB1,
    0xFDB1, 0xFD91, 0xFD91, 0xFD91, 0xFDB1, 0xFDB1, 0xFDB1, 0xFDB1, 0xFD90, 0xFD90, 0xFD90, 0xFD90,
    0xFDB1, 0xFDB1, 0xFDB1, 0xFDB1, 0xFDB1, 0xFDB1, 0xFDB1, 0xFDB1, 0xFDB1, 0xFDB1, 0xFDB1, 0xFDB0,
    0xFDB0, 0xFDB1, 0xFDB1, 0xFDB1, 0xFDB1, 0xFDB1, 0xFDB1, 0xFDB1, 0xFDB1, 0xFDB1, 0xFD91, 0xFD52,
    0xF513, 0xE475, 0xEC95, 0xECB4, 0xE474, 0xE475, 0xE475, 0xF4D5, 0xF514, 0xF514, 0xF513, 0xF4F4,
    0xEC94, 0xECB4, 0xF4F3, 0xF4F3, 0xFD32, 0xFD72, 0xFD52, 0xF512, 0xF4F2, 0xF512, 0xF532, 0xF512,
    0xF512, 0xF512, 0xFD52, 0xFD71, 0xF571, 0xF571, 0xFD71, 0xFD71, 0xFD91, 0xFD71, 0xFD91, 0xFD91,
    0xFDB1, 0xFDB0, 0xFDB0, 0xFDB0, 0xFDB1, 0xFDB1, 0xFDB1, 0xFDB1, 0xFDB1, 0xFDB1, 0xFDB1, 0xFDB1,
    0xFDB1, 0xFDB0, 0xFDB0, 0xFDB1, 0xF4D3, 0xF4F4, 0xFCD3, 0xF4B4, 0xF4B4, 0xFCF3, 0xF4F4, 0xF4F3,
    0xF513, 0xE4D4, 0xC495, 0x9BB5, 0x8356, 0x8B56, 0x8356, 0x8B77, 0x8B77, 0x8356, 0x8356, 0x8356,
    0x8356, 0x8356, 0x8356, 0x8B76, 0x8B77, 0x8B77, 0x8B77, 0x8B77, 0x8B77, 0x8B77, 0x8B77, 0x8B77,
    0x8B76, 0x8B76, 0x8B76, 0x8B76, 0x8B76, 0x8376, 0x9BB6, 0xB3F6, 0xBC16, 0xBC36, 0xBC36, 0xBC36,
    0xBC36, 0xBC37, 0xBC16, 0xC436, 0xCC15, 0xDC35, 0xE454, 0xEC54, 0xEC74, 0xF4B4, 0xF494, 0xF4B4,
    0xF4B3, 0xF553, 0xFDF4, 0xFE14, 0xF614, 0xF616, 0xC4B5, 0xA3B5, 0xABD6, 0xA3B5, 0xA3B5, 0x9BB6,
    0xABB6, 0xC416, 0xC3F6, 0xC416, 0xC416, 0xC3F6, 0xC3F6, 0xCC16, 0xCC16, 0xCC16, 0xCC16, 0xCC16,
    0xCC16, 0xCC16, 0xCC16, 0xCC16, 0xCBF6, 0xCC16, 0xCC16, 0xCC16, 0xCC16, 0xCC16, 0xCC15, 0xDC35,
    0xE434, 0xE434, 0xE434, 0xE434, 0xDC34, 0xDC34, 0xE414, 0xDC34, 0xE434, 0xE434, 0xE454, 0xEC54,
    0xEC54, 0xEC73, 0xECB3, 0xECB2, 0xE4B3, 0xDC93, 0xCC73, 0xBC74, 0x3A50, 0x52B0, 0x9BD1, 0xABF2,
    0xB413, 0xB3F2, 0xCC34, 0xDC94, 0xE454, 0xEC54, 0xEC74, 0xEC74, 0xEC54, 0xEC54, 0xEC54, 0xEC73,
    0xEC73, 0xF4B3, 0xF4D3, 0xF4B3, 0xF4B3, 0xEC73, 0xF493, 0xF4D3, 0xF4D3, 0xEC93, 0xEC93, 0xF4D2,
    0xF4F2, 0xF4F2, 0xF4F2, 0xF4D2, 0xF4D3, 0xF4B3, 0xF4B3, 0xECB3, 0xECB2, 0xF4F3, 0xF4D2, 0xF4B3,
    0xF4B3, 0xF4F2, 0xF532, 0xF552, 0xF571, 0xF571, 0xF571, 0xF571, 0xF571, 0xF571, 0xFD71, 0xFD91,
    0xFD91, 0xFD91, 0xFD91, 0xED52, 0xB416, 0xB3F6, 0xB3D6, 0xB3F7, 0xB3F6, 0xB3F7, 0xBBF6, 0xC415,
    0xC415, 0xC416, 0xC416, 0xBC16, 0xC416, 0xC416, 0xBBF6, 0xBBF6, 0xBBF6, 0xB3F6, 0xBBF6, 0xC416,
    0xD416, 0xD435, 0xD415, 0xD416, 0xD416, 0xD435, 0xD454, 0xD435, 0xD436, 0xD435, 0xD435, 0xD454,
    0xD434, 0xDC55, 0xE495, 0xE475, 0xDC55, 0xDC55, 0xE495, 0xECD5, 0xFD75, 0xF574, 0xFD73, 0xFD73,
    0xFD74, 0xFD74, 0xF574, 0xF575, 0xF575, 0xF575, 0xF575, 0xFD95, 0xFD94, 0xFD93, 0xFD92, 0xFD91,
    0xFD91, 0xFD91, 0xFD91, 0xFDB1, 0xFDB1, 0xFDB1, 0xFDB1, 0xFDB1, 0xFDB1, 0xFDB1, 0xFDB0, 0xFDB0,
    0xFDB1, 0xFDB1, 0xFDB1, 0xFDB1, 0xFD90, 0xFD90, 0xFD90, 0xFD90, 0xFDB1, 0xFDB1, 0xFDB1, 0xFDB1,
    0xFDB1, 0xFDB1, 0xFDB1, 0xFDB1, 0xFDB1, 0xFDB1, 0xFDB1, 0xFDB0, 0xFDB0, 0xFDB1, 0xFDB1, 0xFDB1,
    0xFDB1, 0xFDB1, 0xFDB1, 0xFDB1, 0xFDB1, 0xFDB1, 0xFD92, 0xECB4, 0xDC55, 0xDC55, 0xE455, 0xE455,
    0xDC55, 0xE455, 0xEC75, 0xEC95, 0xEC94, 0xEC94, 0xECB3, 0xECB3, 0xEC94, 0xEC93, 0xEC92, 0xEC93,
    0xECB2, 0xFD72, 0xF511, 0xF4F2, 0xF4F2, 0xF4F1, 0xF511, 0xF511, 0xF512, 0xF511, 0xF551, 0xFD71,
    0xF571, 0xF571, 0xF571, 0xF571, 0xFD71, 0xFD71, 0xFD91, 0xFDB1, 0xFDB0, 0xFDB0, 0xFDB0, 0xFDB0,
    0xFDB1, 0xFDB1, 0xFDB1, 0xFDB1, 0xFDB1, 0xFDB1, 0xFDB1, 0xFDB1, 0xFDB1, 0xFDB1, 0xFDB1, 0xFDB1,
    0xF4D4, 0xF4D4, 0xF4D4, 0xF4B3, 0xF4B3, 0xF4B3, 0xF4D4, 0xF4F4, 0xFD53, 0xFD53, 0xF5B4, 0xA3F4,
    0x8355, 0x8B56, 0x8356, 0x8B77, 0x8B77, 0x8356, 0x8356, 0x8356, 0x8356, 0x8356, 0x8356, 0x8B76,
    0x8B77, 0x8B77, 0x8B77, 0x8B77, 0x8B77, 0x8B77, 0x8356, 0x8356, 0x8B76, 0x8B56, 0x8356, 0x8B55,
    0x8B55, 0x8B55, 0xA3B6, 0xBC37, 0xBC16, 0xBC36, 0xBC36, 0xBC36, 0xBC36, 0xBC16, 0xC436, 0xCC56,
    0xD435, 0xDC36, 0xE435, 0xE454, 0xEC54, 0xEC54, 0xF474, 0xF494, 0xF494, 0xF534, 0xFDF4, 0xFDF4,
    0xFDF4, 0xFE34, 0xED95, 0xDD15, 0xDCF6, 0xE555, 0xF5D5, 0xBC34, 0xAB94, 0xBC36, 0xBC16, 0xC416,
    0xC416, 0xC3F6, 0xC3F6, 0xCC16, 0xCC16, 0xCC16, 0xCC16, 0xCC16, 0xCC16, 0xCC16, 0xCC16, 0xCC16,
    0xCC16, 0xCC16, 0xCC16, 0xCC16, 0xCC16, 0xCC16, 0xCC16, 0xDC35, 0xE434, 0xE434, 0xE434, 0xE434,
    0xD435, 0xDC35, 0xE434, 0xE434, 0xE434, 0xE435, 0xE455, 0xEC54, 0xEC54, 0xEC53, 0xEC74, 0xB392,
    0xAB70, 0xD472, 0xCC73, 0xC454, 0x4AB0, 0x5AF0, 0xA412, 0xAC12, 0xABD2, 0x8B51, 0xA391, 0xBBD0,
    0xE454, 0xEC54, 0xEC74, 0xEC74, 0xEC54, 0xEC54, 0xEC54, 0xEC73, 0xEC73, 0xEC93, 0xF4F2, 0xF4B3,
    0xECB3, 0xEC73, 0xF493, 0xF4D2, 0xEC93, 0xEC93, 0xF493, 0xF4F2, 0xF4F2, 0xF4F2, 0xF4F2, 0xF4D2,
    0xF4B3, 0xECB3, 0xECB2, 0xECD3, 0xF4F3, 0xF512, 0xF4F2, 0xF4B2, 0xF4B3, 0xF4F2, 0xF532, 0xFD52,
    0xF571, 0xF571, 0xF571, 0xF551, 0xF551, 0xF570, 0xFD71, 0xFD71, 0xFD71, 0xF570, 0xFD91, 0xED32,
    0xB3F6, 0xAC17, 0xB416, 0xB417, 0xB3F7, 0xABF6, 0xBC16, 0xC436, 0xC3F6, 0xC416, 0xC3F6, 0xBBF6,
    0xB3F6, 0xB3F6, 0xB3F6, 0xB3F6, 0xB3F6, 0xB3F6, 0xB417, 0xBC17, 0xC416, 0xCC36, 0xC3F6, 0xC3F6,
    0xC3F6, 0xC417, 0xC416, 0xD436, 0xD456, 0xDC96, 0xE475, 0xE475, 0xE495, 0xEC95, 0xECB5, 0xECB5,
    0xEC95, 0xDC36, 0xDC56, 0xE4B6, 0xFD56, 0xFD55, 0xF555, 0xFD55, 0xF555, 0xF555, 0xF535, 0xF515,
    0xE4B4, 0xE494, 0xECB4, 0xF576, 0xF596, 0xFD94, 0xFD93, 0xFD91, 0xFDB1, 0xFDB1, 0xFDB1, 0xFDB1,
    0xFDB1, 0xFDB1, 0xFDB2, 0xFDB2, 0xFDB1, 0xFDB1, 0xFDB1, 0xFDB1, 0xFDB1, 0xFDB1, 0xFDB1, 0xFDB1,
    0xFDB1, 0xFDB1, 0xFDB1, 0xFDB1, 0xFDB1, 0xFDB1, 0xFDB1, 0xFDB1, 0xFDB1, 0xFDB1, 0xFDB1, 0xFDB1,
    0xFDB1, 0xFDB1, 0xFDB1, 0xFDB0, 0xFDB0, 0xFDB1, 0xFDB1, 0xFDB1, 0xFDB1, 0xFDB1, 0xFDB1, 0xFDB1,
    0xFDB1, 0xFDB1, 0xFDB1, 0xE4B4, 0xD435, 0xDC54, 0xDC54, 0xDC54, 0xDC54, 0xDC54, 0xE474, 0xE474,
    0xEC94, 0xECD3, 0xF512, 0xFD52, 0xF551, 0xFD72, 0xFD72, 0xF572, 0xFD72, 0xFD91, 0xFD91, 0xFD71,
    0xFD91, 0xFD91, 0xFD91, 0xFD91, 0xFD91, 0xFD91, 0xFDB1, 0xFD91, 0xFDB1, 0xFDB1, 0xF591, 0xF591,
    0xFD91, 0xFDB1, 0xFDB1, 0xFDB1, 0xFDB1, 0xFDB1, 0xFDB1, 0xFDB0, 0xFDB1, 0xFDB1, 0xFDB1, 0xFDB1,
    0xFDB1, 0xFDB1, 0xFDB1, 0xFDB1, 0xFDB1, 0xFDB1, 0xFDB1, 0xFDB1, 0xE454, 0xEC94, 0xFCF4, 0xF4D3,
    0xF4B4, 0xECB3, 0xF4D4, 0xF4F4, 0xFD54, 0xFD73, 0xFDD4, 0xC474, 0xA3B5, 0x8B56, 0x8B76, 0x8356,
    0x8356, 0x8356, 0x8356, 0x8356, 0x8356, 0x8B76, 0x8B77, 0x8B77, 0x8B77, 0x8B77, 0x8B77, 0x8B76,
    0x8B76, 0x8B76, 0x8B76, 0x8377, 0x8B56, 0x9376, 0x93B6, 0xA3F7, 0xABF7, 0xABF7, 0xB417, 0xBC36,
    0xBC36, 0xBC36, 0xBC36, 0xBC16, 0xBC16, 0xBC16, 0xCC36, 0xD456, 0xD456, 0xD436, 0xDC35, 0xE455,
    0xE455, 0xEC54, 0xEC54, 0xEC73, 0xF473, 0xF514, 0xFDD4, 0xF553, 0xF553, 0xF574, 0xF534, 0xED34,
    0xE514, 0xED94, 0xFE14, 0xEDB4, 0xDD15, 0xA3B5, 0xBBF5, 0xC416, 0xC416, 0xC3F6, 0xC3F6, 0xC416,
    0xC416, 0xCC16, 0xCC16, 0xCC16, 0xCC16, 0xCC16, 0xCC16, 0xCC16, 0xCC16, 0xCC16, 0xCC16, 0xCC16,
    0xCC16, 0xCC16, 0xCC15, 0xDC35, 0xE435, 0xE434, 0xE434, 0xE434, 0xC436, 0xC415, 0xCBD4, 0xCBF5,
    0xCBF4, 0xCBF4, 0xCBF4, 0xCBF4, 0xE434, 0xEC33, 0xEC54, 0x8AB0, 0x728F, 0xBC33, 0xCC94, 0xCCB6,
    0x4270, 0x52B0, 0x93B2, 0xABD1, 0xA371, 0x72AF, 0x9370, 0xB3F0, 0xE454, 0xEC54, 0xEC54, 0xEC54,
    0xEC54, 0xEC74, 0xEC73, 0xEC54, 0xEC73, 0xEC93, 0xF4F2, 0xF4D3, 0xF4B3, 0xEC73, 0xEC74, 0xEC93,
    0xEC73, 0xEC93, 0xF4F4, 0xFD13, 0xFD13, 0xFD13, 0xF4F3, 0xF4D3, 0xF4D4, 0xF4D3, 0xF4B3, 0xF4D2,
    0xF512, 0xF532, 0xF513, 0xF4F3, 0xF4D3, 0xFCF3, 0xFD32, 0xFD52, 0xFD72, 0xFD71, 0xF572, 0xF573,
    0xF573, 0xF573, 0xF573, 0xF593, 0xF593, 0xF593, 0xF553, 0xE514, 0xB3F6, 0xB3F6, 0xB3F6, 0xB3F7,
    0xB3F7, 0xABF6, 0xB3F6, 0xB3F6, 0xB3F6, 0xB3F6, 0xBBF6, 0xB3F6, 0xB3F6, 0xB3F6, 0xB3F6, 0xB3F6,
    0xB3F6, 0xB3F6, 0xB416, 0xBC16, 0xBC17, 0xBC16, 0xBBF6, 0xBBF7, 0xBBF7, 0xBC17, 0xBBF7, 0xCC16,
    0xD436, 0xD435, 0xDC55, 0xDC75, 0xDC35, 0xDC35, 0xD455, 0xDC55, 0xDC55, 0xD436, 0xD456, 0xDC96,
    0xECF6, 0xECF5, 0xECF6, 0xECF6, 0xED15, 0xFD55, 0xF4F5, 0xE495, 0xE474, 0xE455, 0xE475, 0xECB4,
    0xECF5, 0xFD96, 0xF534, 0xF4F2, 0xFD53, 0xF532, 0xED11, 0xFD72, 0xFDB1, 0xFDB1, 0xF532, 0xECF2,
    0xFD91, 0xFD92, 0xFD53, 0xFD72, 0xFD92, 0xFD91, 0xFD91, 0xFDB2, 0xFDB1, 0xFDB1, 0xFDB1, 0xFDB1,
    0xFDB1, 0xFDB1, 0xFDB1, 0xFDB1, 0xFDB1, 0xFDB0, 0xFDB0, 0xFDB0, 0xFDB0, 0xFDB0, 0xFDB0, 0xFDB0,
    0xFDB0, 0xFDB0, 0xFDB0, 0xFDB0, 0xFDB0, 0xFDB0, 0xFDB1, 0xFDB1, 0xFDB0, 0xFDB0, 0xFDB0, 0xF572,
    0xF553, 0xF553, 0xF553, 0xF553, 0xF553, 0xF532, 0xF532, 0xFD33, 0xF532, 0xF552, 0xF552, 0xFD71,
    0xFD71, 0xFD91, 0xFD91, 0xFDB1, 0xFDB1, 0xFD91, 0xFD91, 0xFDB1, 0xFDB1, 0xFDB1, 0xFDB1, 0xFDB1,
    0xFDB1, 0xFDB1, 0xFDB1, 0xFDB1, 0xFDB1, 0xFDB1, 0xFDB1, 0xFDB1, 0xFDB1, 0xFDB1, 0xFDB1, 0xFDB0,
    0xFDB0, 0xFDB0, 0xFDB0, 0xFDB0, 0xFDB0, 0xFDB0, 0xFDB0, 0xFDB0, 0xFDB0, 0xFDB0, 0xFDB0, 0xFDB0,
    0xFDB0, 0xFDB0, 0xFDB1, 0xFDB1, 0xD415, 0xE474, 0xF4B4, 0xF4B4, 0xF4B4, 0xEC94, 0xF494, 0xF4B3,
    0xFD14, 0xFD53, 0xF5B3, 0xDD34, 0xBC76, 0x8B56, 0x8B76, 0x8356, 0x8356, 0x8356, 0x8356, 0x8356,
    0x8356, 0x8B76, 0x8B77, 0x8B77, 0x8B77, 0x8B77, 0x8B77, 0x8B77, 0x8B76, 0x8B76, 0x8B76, 0x8B75,
    0xA3D7, 0xABF7, 0xB416, 0xBC16, 0xBC36, 0xBC36, 0xBC36, 0xBC36, 0xBC36, 0xBC36, 0xBC36, 0xBC16,
    0xBC16, 0xBC17, 0xC436, 0xCC56, 0xC436, 0xC436, 0xCC35, 0xCC36, 0xDC55, 0xE455, 0xE434, 0xEC54,
    0xEC74, 0xF4B4, 0xF513, 0xF513, 0xF534, 0xF534, 0xF4F3, 0xF4F4, 0xECB3, 0xF513, 0xF553, 0xFE14,
    0xED94, 0xA392, 0xBBF5, 0xCC16, 0xC416, 0xC3F6, 0xC3F6, 0xC416, 0xC416, 0xCC16, 0xCC16, 0xCC16,
    0xCC16, 0xCC16, 0xCC16, 0xCC16, 0xCC16, 0xCC16, 0xCC16, 0xCC16, 0xCC16, 0xCC16, 0xCC16, 0xDC35,
    0xDC35, 0xE434, 0xE434, 0xE454, 0x8B53, 0x9374, 0xBBB5, 0xBBD5, 0xBBD4, 0xC3D4, 0xCC15, 0xCC15,
    0xDC35, 0xE433, 0xF454, 0x7A70, 0x5A70, 0xAC95, 0x8392, 0x7311, 0x3A71, 0x4A91, 0x8311, 0xA391,
    0xB412, 0xC4B4, 0xBC31, 0xB3F0, 0xE454, 0xEC54, 0xEC54, 0xEC54, 0xEC54, 0xEC74, 0xEC73, 0xEC54,
    0xEC73, 0xEC93, 0xF4F2, 0xF4D3, 0xF4B3, 0xEC74, 0xEC74, 0xEC74, 0xF4B4, 0xE453, 0xD3F3, 0xD413,
    0xD433, 0xD433, 0xD414, 0xCC14, 0xCC14, 0xCC14, 0xCC13, 0xE4B3, 0xE4D3, 0xCC33, 0xD433, 0xD433,
    0xD433, 0xD433, 0xD433, 0xCC13, 0xD473, 0xED32, 0xDCB2, 0xCC34, 0xCC54, 0xCC54, 0xCC54, 0xCC54,
    0xCC54, 0xCC54, 0xC454, 0xBC35, 0xABD6, 0xABD6, 0xABD6, 0xABD6, 0xABD6, 0xABD7, 0xABB7, 0xABB6,
    0xABB6, 0xABB6, 0xABD6, 0xABD6, 0xABD6, 0xABD6, 0xABD6, 0xABB6, 0xB3D6, 0xB3F6, 0xB3D6, 0xB3F6,
    0xB3F6, 0xB3D6, 0xB3D6, 0xB3D6, 0xB3D6, 0xB3F6, 0xBBD6, 0xC3F6, 0xC3F6, 0xC3F6, 0xC416, 0xCC15,
    0xC3F5, 0xC3F6, 0xC3F5, 0xCC16, 0xCC16, 0xCC16, 0xCC16, 0xD416, 0xD436, 0xD455, 0xDC76, 0xDC75,
    0xDC95, 0xE4B5, 0xE495, 0xE474, 0xECB5, 0xE495, 0xE455, 0xEC74, 0xEC94, 0xECD5, 0xE495, 0xE474,
    0xE493, 0xEC73, 0xE473, 0xEC93, 0xECB3, 0xECB2, 0xEC74, 0xEC74, 0xF4D2, 0xECD3, 0xE4B3, 0xEC93,
    0xECB3, 0xF4F3, 0xF4F2, 0xF4F3, 0xF512, 0xF512, 0xF512, 0xF532, 0xF532, 0xF551, 0xFD71, 0xFDB1,
    0xFDB1, 0xFDB0, 0xFDB0, 0xFDB0, 0xFDB0, 0xFDB0, 0xFDB0, 0xFDB0, 0xFDB0, 0xFDB0, 0xFDB0, 0xFDB0,
    0xFDB0, 0xFDB0, 0xFDB1, 0xFDB1, 0xFDB0, 0xFDB0, 0xFDB1, 0xFDD0, 0xFDB1, 0xFDB1, 0xFDB1, 0xFDB1,
    0xFDB1, 0xFD91, 0xFD91, 0xFD91, 0xFD91, 0xFD71, 0xFD71, 0xFD71, 0xFD71, 0xFD91, 0xFD91, 0xFD91,
    0xFD91, 0xFD91, 0xFD91, 0xFD91, 0xFD91, 0xFDB1, 0xFDB1, 0xFDB1, 0xFDB1, 0xFDB1, 0xFDB1, 0xFDB1,
    0xFDB1, 0xFDB1, 0xFDB1, 0xFDB1, 0xFDB1, 0xFDB1, 0xFDB1, 0xFDB0, 0xFDB0, 0xFDB0, 0xFDB0, 0xFDB0,
    0xFDB0, 0xFDB0, 0xFDB0, 0xFDB0, 0xFDB0, 0xFDB0, 0xFDB0, 0xFDB0, 0xFDB0, 0xFDB0, 0xFDD0, 0xFDD1,
    0xE494, 0xE474, 0xE455, 0xE474, 0xEC74, 0xEC54, 0xF495, 0xF4B4, 0xF4D4, 0xFD13, 0xFD93, 0xF575,
    0xCCD6, 0x8B56, 0x8B76, 0x8356, 0x8356, 0x8356, 0x8356, 0x8356, 0x8356, 0x8B76, 0x8B77, 0x8B77,
    0x8B77, 0x8B77, 0x8B77, 0x8B77, 0x8B76, 0x8376, 0x9396, 0x9B95, 0xB437, 0xBC36, 0xBC36, 0xBC16,
    0xBC36, 0xBC36, 0xBC36, 0xBC36, 0xBC36, 0xBC36, 0xBC36, 0xBC16, 0xBC16, 0xBC37, 0xC436, 0xCC36,
    0xBC16, 0xBC17, 0xBC37, 0xBC37, 0xCC36, 0xD435, 0xDC35, 0xE434, 0xEC54, 0xEC54, 0xEC73, 0xFD33,
    0xF573, 0xF593, 0xFD54, 0xF514, 0xECB3, 0xECD4, 0xF4F4, 0xFDB4, 0xED94, 0xC473, 0xC436, 0xC416,
    0xC416, 0xC3F6, 0xC3F6, 0xC416, 0xC416, 0xCC16, 0xCC16, 0xCC16, 0xCC16, 0xCC16, 0xCC16, 0xCC16,
    0xCC16, 0xCC16, 0xCC16, 0xCC16, 0xCC16, 0xCC16, 0xCC16, 0xD435, 0xD434, 0xE454, 0xE454, 0xDC35,
    0x8BB4, 0x9BD5, 0xCBD5, 0xCBD5, 0xD3F4, 0xD3F4, 0xDC15, 0xE435, 0xE434, 0xE434, 0xF455, 0x7A70,
    0x522F, 0x7393, 0x4291, 0x2A0F, 0x3251, 0x4291, 0x6290, 0x9371, 0xC452, 0xFE15, 0xCCB1, 0xB390,
    0xE454, 0xEC54, 0xEC54, 0xEC54, 0xEC54, 0xEC74, 0xEC74, 0xEC54, 0xEC73, 0xEC93, 0xF4D2, 0xF4D3,
    0xF4B3, 0xEC74, 0xEC74, 0xEC73, 0xF4D3, 0xEC92, 0xD432, 0xDC52, 0xDC52, 0xD453, 0xD453, 0xD433,
    0xCC34, 0xCC54, 0xD453, 0xE4B4, 0xECB3, 0xD433, 0xD453, 0xD453, 0xD453, 0xD453, 0xD434, 0xD433,
    0xDC73, 0xED52, 0xDCB3, 0xD453, 0xD473, 0xD473, 0xD473, 0xD473, 0xD473, 0xD454, 0xD454, 0xCC54,
    0xCC75, 0xCC75, 0xCC75, 0xCC74, 0xCC94, 0xCC95, 0xCC95, 0xD494, 0xCC94, 0xCC94, 0xCC94, 0xD4B5,
    0xD494, 0xCC94, 0xCC94, 0xCC94, 0xD4B4, 0xD4B4, 0xD4B4, 0xD4B4, 0xD4B4, 0xD4B5, 0xD4B4, 0xD4B4,
    0xD4B4, 0xD4B4, 0xD4B4, 0xDC94, 0xDCB4, 0xDCB4, 0xDCB4, 0xDCB4, 0xDCB4, 0xDCB4, 0xDCB4, 0xDCB4,
    0xDCB4, 0xDCB4, 0xDCB4, 0xDC94, 0xDCB4, 0xD495, 0xD435, 0xD436, 0xD436, 0xD435, 0xDC55, 0xE495,
    0xECB4, 0xE494, 0xE455, 0xEC95, 0xEC95, 0xE454, 0xDC55, 0xDC55, 0xECD2, 0xECF2, 0xECF3, 0xECF2,
    0xECF2, 0xECF2, 0xECD3, 0xECD4, 0xECF3, 0xED12, 0xECF2, 0xECF2, 0xECF2, 0xED12, 0xED12, 0xF512,
    0xF532, 0xF532, 0xF532, 0xF532, 0xF552, 0xF571, 0xFD91, 0xFDB1, 0xFDB1, 0xFDB0, 0xFDB0, 0xFDB0,
    0xFDB0, 0xFDB0, 0xFDB0, 0xFDB0, 0xFDB0, 0xFDB0, 0xFDB0, 0xFDB0, 0xFDB0, 0xFDB0, 0xFDB1, 0xFDB1,
    0xFDB0, 0xFDB1, 0xFDB1, 0xFDB1, 0xFDB1, 0xFDB1, 0xFDB1, 0xFDB1, 0xFDB1, 0xFDB1, 0xFD91, 0xF591,
    0xFD91, 0xFD71, 0xFD71, 0xFD72, 0xFD71, 0xFD91, 0xFD91, 0xFD91, 0xFD91, 0xFD91, 0xFD91, 0xFD91,
    0xFD91, 0xFDB1, 0xFDB1, 0xFDB1, 0xFDB1, 0xFDB1, 0xFDB1, 0xFDB1, 0xFDB1, 0xFDB1, 0xFDB1, 0xFDB1,
    0xFDB1, 0xFDB1, 0xFDB1, 0xFDB0, 0xFDB0, 0xFDB1, 0xFDB1, 0xFDB1, 0xFDB1, 0xFDB1, 0xFDB1, 0xFDB0,
    0xFDB0, 0xFDB0, 0xFDB1, 0xFDB1, 0xFDB0, 0xFDD1, 0xED73, 0xE513, 0xFCF4, 0xEC95, 0xE434, 0xE474,
    0xEC74, 0xEC54, 0xEC94, 0xF4D4, 0xFCD4, 0xFD14, 0xFD54, 0xF554, 0xCCB5, 0x8336, 0x8376, 0x8B76,
    0x8376, 0x8356, 0x8356, 0x8356, 0x8356, 0x8B76, 0x8B77, 0x8B77, 0x8B77, 0x8B76, 0x8B76, 0x8B76,
    0x8B76, 0x8375, 0x9BD6, 0xB3F6, 0xBC16, 0xBC16, 0xBC36, 0xBC36, 0xBC36, 0xBC36, 0xBC36, 0xBC36,
    0xBC36, 0xBC36, 0xBC36, 0xBC36, 0xBC36, 0xBC16, 0xBC16, 0xBC16, 0xBC16, 0xBC36, 0xBC36, 0xC437,
    0xC436, 0xD435, 0xDC35, 0xE434, 0xEC54, 0xEC54, 0xE454, 0xF4B4, 0xF4F3, 0xF553, 0xFD94, 0xFDB4,
    0xED13, 0xF4F3, 0xECF3, 0xFDD3, 0xF5D4, 0xDD15, 0xCC76, 0xC3F6, 0xC416, 0xC416, 0xC416, 0xC416,
    0xC416, 0xCC16, 0xCC16, 0xCC16, 0xCC16, 0xCC16, 0xCC16, 0xCC16, 0xCC16, 0xCC16, 0xCC16, 0xCC16,
    0xCC16, 0xCC16, 0xCC16, 0xCC16, 0xD415, 0xE434, 0xE434, 0xDC35, 0xB4F8, 0xBCB6, 0xDC14, 0xDC15,
    0xDC14, 0xDC14, 0xDC15, 0xE415, 0xE414, 0xE434, 0xEC55, 0x7A70, 0x39EE, 0x320F, 0x3230, 0x3271,
    0x3A51, 0x4291, 0x5AB1, 0x9372, 0xBC32, 0xED53, 0xC450, 0xB38F, 0xE454, 0xEC54, 0xEC54, 0xEC54,
    0xEC54, 0xEC74, 0xEC54, 0xEC54, 0xEC74, 0xECB3, 0xF4D3, 0xF4B3, 0xF494, 0xEC74, 0xEC74, 0xEC73,
    0xF4D2, 0xF512, 0xF532, 0xFD32, 0xFD32, 0xFD32, 0xFD12, 0xFCF3, 0xFCF3, 0xF4F3, 0xFCF3, 0xF4F3,
    0xF4F3, 0xFD13, 0xF513, 0xF513, 0xFD13, 0xFD13, 0xFD13, 0xFD53, 0xFD72, 0xFD71, 0xFD91, 0xFD92,
    0xFD92, 0xFD72, 0xFD72, 0xFD92, 0xFD92, 0xFD73, 0xFD53, 0xF533, 0xFD33, 0xFD53, 0xFD33, 0xFD53,
    0xF592, 0xF5B2, 0xFDB2, 0xFDB2, 0xFDB2, 0xFDB2, 0xFDB2, 0xFDB2, 0xFDB2, 0xFDB2, 0xFDB2, 0xFD92,
    0xFDB3, 0xFD93, 0xFD93, 0xFDB3, 0xFDD2, 0xFDB2, 0xFDB2, 0xFDD2, 0xFDD2, 0xFDB2, 0xFDB2, 0xFD92,
    0xFD92, 0xFDB2, 0xFDB2, 0xFDB2, 0xFD92, 0xF592, 0xF592, 0xF592, 0xFD92, 0xFD92, 0xFD92, 0xF592,
    0xF5B2, 0xED33, 0xDC74, 0xD456, 0xD436, 0xD455, 0xD456, 0xDC56, 0xDC75, 0xDC55, 0xDC36, 0xE495,
    0xEC95, 0xEC75, 0xE475, 0xDC95, 0xF5B2, 0xFDD1, 0xFDB1, 0xFDD2, 0xFDD2, 0xFDD1, 0xFDB1, 0xF592,
    0xF5B1, 0xFDD1, 0xFDD1, 0xFDD1, 0xFDD1, 0xFDD1, 0xFDD1, 0xFDD1, 0xFDD1, 0xFDD1, 0xFDD1, 0xFDD1,
    0xFDD1, 0xFDD1, 0xFDD1, 0xFDD1, 0xFDD1, 0xFDD1, 0xFDD1, 0xFDD1, 0xFDD1, 0xFDD1, 0xFDD1, 0xFDD1,
    0xFDD1, 0xFDD1, 0xFDD1, 0xFDD1, 0xFDD1, 0xFDD1, 0xFDD1, 0xFDD1, 0xFDD1, 0xFDD1, 0xFDD1, 0xFDD1,
    0xFDB1, 0xFDB1, 0xFDB1, 0xFDB1, 0xFDB1, 0xFDB0, 0xFDB0, 0xFD92, 0xFD72, 0xFD72, 0xFD72, 0xFD72,
    0xFD71, 0xFD91, 0xFD91, 0xFDB1, 0xFDB1, 0xFDB1, 0xFDB1, 0xFDB1, 0xFDB1, 0xFDB1, 0xFDB1, 0xFDB1,
    0xFDD1, 0xFDD1, 0xFDB1, 0xFDB1, 0xFDB1, 0xFDB1, 0xFDD1, 0xFDD1, 0xFDD1, 0xFDD1, 0xFDD1, 0xFDD1,
    0xFDD1, 0xFDD1, 0xFDD1, 0xFDD1, 0xFDD1, 0xFDD1, 0xFDB1, 0xFDB1, 0xFDB1, 0xFDB1, 0xFDD1, 0xFDD1,
    0xF592, 0xED53, 0xDCB5, 0xCC35, 0xF493, 0xF494, 0xECB4, 0xF4F4, 0xF4D4, 0xEC94, 0xEC94, 0xF4B4,
    0xF4D4, 0xF4F4, 0xF513, 0xF533, 0xD4B4, 0x8B75, 0x8396, 0x8376, 0x8376, 0x8356, 0x8356, 0x8356,
    0x8356, 0x8B76, 0x8B77, 0x8B77, 0x8B77, 0x8B76, 0x8B76, 0x8B76, 0x8B76, 0x8B76, 0xA3F7, 0xBC37,
    0xBC16, 0xBC16, 0xBC36, 0xBC36, 0xBC36, 0xBC36, 0xBC36, 0xBC36, 0xBC36, 0xBC36, 0xBC36, 0xBC36,
    0xBC36, 0xBC16, 0xBC16, 0xBC16, 0xBC16, 0xBC16, 0xC416, 0xD456, 0xDC55, 0xDC35, 0xE435, 0xE434,
    0xE434, 0xEC54, 0xEC34, 0xEC34, 0xEC54, 0xEC73, 0xF533, 0xFDD4, 0xFDD4, 0xF573, 0xED12, 0xFDD3,
    0xF5B4, 0xD4D3, 0xCC55, 0xC3F6, 0xC416, 0xC416, 0xC416, 0xC416, 0xC416, 0xCC16, 0xCC16, 0xCC16,
    0xCC16, 0xCC16, 0xCC16, 0xCC16, 0xCC16, 0xCC16, 0xCC16, 0xCC16, 0xCC16, 0xCC16, 0xCC16, 0xCC16,
    0xCC15, 0xDC15, 0xDC35, 0xDC75, 0xACB7, 0xB476, 0xDBF4, 0xDC14, 0xDC14, 0xDC14, 0xDC15, 0xDC35,
    0xE434, 0xE434, 0xEC55, 0x7290, 0x39EE, 0x320F, 0x3230, 0x3A51, 0x3A91, 0x52D1, 0x6B13, 0x8B73,
    0xA3F3, 0xCCB3, 0xB410, 0xAB6E, 0xE434, 0xE454, 0xEC54, 0xEC54, 0xEC54, 0xEC74, 0xEC54, 0xEC54,
    0xEC73, 0xEC93, 0xF4D3, 0xEC93, 0xEC73, 0xEC74, 0xEC74, 0xEC73, 0xF4D2, 0xF512, 0xF512, 0xF511,
    0xF511, 0xF4F1, 0xF4F2, 0xF4F2, 0xF4B2, 0xF4D2, 0xF4D3, 0xF4D2, 0xF4D3, 0xF4F3, 0xF4F2, 0xF4F2,
    0xF512, 0xF512, 0xF4F2, 0xF512, 0xF551, 0xFD71, 0xF571, 0xF571, 0xF571, 0xF551, 0xF531, 0xF571,
    0xF571, 0xF531, 0xF532, 0xF532, 0xF532, 0xF531, 0xF531, 0xF551, 0xF591, 0xF5B0, 0xF5B0, 0xF5B1,
    0xFD91, 0xFD91, 0xFD91, 0xFD91, 0xF5B1, 0xF5B0, 0xF591, 0xFD91, 0xF5B0, 0xF551, 0xF532, 0xFD91,
    0xFDB1, 0xFD91, 0xFDB1, 0xF5B1, 0xF5B1, 0xF5B1, 0xF5B1, 0xFDB0, 0xFDB0, 0xFD91, 0xFD91, 0xFDB1,
    0xFDB1, 0xF5B1, 0xF5B1, 0xF5B1, 0xFD91, 0xFD91, 0xFD91, 0xFD91, 0xF590, 0xF571, 0xED53, 0xD475,
    0xCC36, 0xCC56, 0xCC36, 0xD436, 0xD456, 0xD456, 0xD436, 0xD435, 0xD435, 0xD435, 0xDC94, 0xE513,
    0xF5B1, 0xFDB1, 0xFDB1, 0xFDB1, 0xFDB1, 0xFDB1, 0xFDB1, 0xFDD1, 0xF5D0, 0xF5B0, 0xF5B1, 0xF5B1,
    0xF5B1, 0xF5B1, 0xFDD1, 0xFDD1, 0xFDD1, 0xFDD1, 0xFDD1, 0xFDD1, 0xFDD1, 0xFDD1, 0xFDD1, 0xF5B1,
    0xF5B1, 0xFDD1, 0xFDD1, 0xFDD1, 0xFDD1, 0xFDD1, 0xFDD1, 0xFDD1, 0xFDD1, 0xFDD1, 0xFDD1, 0xFDD1,
    0xFDD1, 0xFDD1, 0xFDD1, 0xFDD1, 0xFDD1, 0xFDD1, 0xFDD1, 0xFDD1, 0xFDB1, 0xFDB1, 0xFDB1, 0xFDB1,
    0xFDB1, 0xFDB1, 0xFDB1, 0xF552, 0xF552, 0xFD72, 0xFD52, 0xFD72, 0xFD71, 0xFD91, 0xFD91, 0xFDB1,
    0xFDB1, 0xFDB1, 0xFDB1, 0xFDB1, 0xFDB1, 0xFDB1, 0xFDB1, 0xFDB1, 0xFDD1, 0xFDD1, 0xFDB1, 0xFDB1,
    0xFDB1, 0xFDB1, 0xFDD1, 0xFDD1, 0xFDD1, 0xFDD1, 0xFDD1, 0xFDD1, 0xF5B1, 0xF5B2, 0xF5B2, 0xF592,
    0xF592, 0xFDD1, 0xFDD1, 0xFDB1, 0xFDD1, 0xF5B2, 0xF592, 0xFDB2, 0xED35, 0xCC56, 0xCC56, 0xCC57,
    0xE454, 0xE475, 0xEC74, 0xF494, 0xF4B4, 0xF4D4, 0xF4D4, 0xF4D4, 0xECB3, 0xF4D4, 0xFD14, 0xFD34,
    0xED14, 0xCCB6, 0xABF6, 0x8356, 0x8B76, 0x8B56, 0x8356, 0x8356, 0x8356, 0x8B76, 0x8B77, 0x8B77,
    0x8B77, 0x8B76, 0x8B76, 0x8B76, 0x8B56, 0x8B76, 0xABF6, 0xBC37, 0xBC16, 0xBC16, 0xBC36, 0xBC36,
    0xBC36, 0xBC36, 0xBC36, 0xBC36, 0xBC36, 0xBC36, 0xBC36, 0xBC36, 0xBC36, 0xBC16, 0xBC16, 0xBC16,
    0xBC16, 0xBC36, 0xCC36, 0xDC35, 0xE434, 0xE435, 0xE435, 0xE434, 0xE434, 0xEC34, 0xEC33, 0xEC34,
    0xEC54, 0xEC54, 0xECB3, 0xF4F3, 0xF593, 0xF5D3, 0xFDD4, 0xF594, 0xF574, 0xFDF4, 0xD495, 0xC3F5,
    0xC416, 0xC416, 0xC416, 0xC416, 0xC416, 0xCC16, 0xCC16, 0xCC16, 0xCC16, 0xCC16, 0xCC16, 0xCC16,
    0xCC16, 0xCC16, 0xCC16, 0xCC16, 0xCC16, 0xCC16, 0xCC16, 0xCC16, 0xCC16, 0xD3F5, 0xD436, 0xC476,
    0xA476, 0xB455, 0xDC14, 0xDC14, 0xDC14, 0xDC14, 0xDC34, 0xDC34, 0xE434, 0xE414, 0xEC55, 0x7290,
    0x31EE, 0x21EE, 0x21EF, 0x21EF, 0x2A51, 0x4270, 0x52B1, 0x6AD0, 0x7B31, 0x9BD2, 0x9B6F, 0xA32F,
    0xE434, 0xE434, 0xEC54, 0xEC54, 0xEC54, 0xEC74, 0xEC54, 0xEC54, 0xEC73, 0xEC73, 0xEC93, 0xEC73,
    0xEC74, 0xEC74, 0xEC74, 0xEC73, 0xF4D2, 0xF512, 0xF512, 0xF511, 0xF511, 0xF511, 0xF512, 0xF4F2,
    0xEC93, 0xF4B2, 0xF4D3, 0xF4D2, 0xF4D2, 0xF4D3, 0xF512, 0xF512, 0xF512, 0xF512, 0xF512, 0xFD52,
    0xF551, 0xFD71, 0xFD71, 0xF571, 0xF571, 0xF551, 0xF531, 0xF571, 0xF571, 0xF531, 0xF532, 0xF532,
    0xF532, 0xF532, 0xF532, 0xFD72, 0xFDB1, 0xF5B0, 0xF5B0, 0xF5B1, 0xFDB1, 0xFDB1, 0xFDB1, 0xFDB1,
    0xFDB1, 0xF5B0, 0xFDB1, 0xFDB1, 0xFDB0, 0xF552, 0xF4F4, 0xF592, 0xFDB1, 0xFDB1, 0xFDB1, 0xFDD1,
    0xFDD1, 0xF5B1, 0xF5B1, 0xFDB1, 0xFDB0, 0xFDB1, 0xFDB1, 0xFDB1, 0xFDB1, 0xFDB1, 0xF5B1, 0xFDB1,
    0xFDB1, 0xFDB1, 0xFDB1, 0xFDB1, 0xF5B1, 0xF591, 0xF592, 0xED34, 0xDCB5, 0xCC15, 0xC415, 0xC415,
    0xC416, 0xC416, 0xC436, 0xC417, 0xCC35, 0xCC53, 0xE513, 0xF5B2, 0xF5B0, 0xFDB1, 0xFDB1, 0xFDB1,
    0xFDB1, 0xFDD1, 0xF5B1, 0xF5B0, 0xFDD1, 0xF5B1, 0xFDD0, 0xFDD0, 0xF5D0, 0xF5D0, 0xFDD0, 0xFDD0,
    0xFDD0, 0xFDD0, 0xFDD1, 0xFDD1, 0xFDD1, 0xFDD1, 0xFDD1, 0xFDD1, 0xFDD1, 0xFDD1, 0xFDD1, 0xFDD1,
    0xFDD1, 0xFDD1, 0xFDD1, 0xFDD1, 0xFDD1, 0xFDD1, 0xFDD1, 0xFDD1, 0xFDD1, 0xFDD1, 0xFDD1, 0xFDD1,
    0xFDD1, 0xFDD1, 0xFDD1, 0xFDD1, 0xFDB1, 0xFDB1, 0xFDB1, 0xFDB1, 0xFDB1, 0xFDB1, 0xFDB1, 0xF572,
    0xF552, 0xF552, 0xF552, 0xFD72, 0xFD71, 0xFD91, 0xFD91, 0xFDB1, 0xFDB1, 0xFDB1, 0xFDB1, 0xFDB1,
    0xFDB1, 0xFDB1, 0xFDB1, 0xFDB1, 0xFDD1, 0xFDD1, 0xFDD1, 0xFDB1, 0xFDB1, 0xFDB1, 0xFDD1, 0xF5D1,
    0xFDD1, 0xFDD1, 0xFDD1, 0xF5D1, 0xF5D0, 0xED32, 0xDCB3, 0xD494, 0xDCD4, 0xF5B3, 0xF5B2, 0xF5B2,
    0xFDD2, 0xED32, 0xD454, 0xD474, 0xD475, 0xCC57, 0xCC57, 0xCC57, 0xD435, 0xDC35, 0xDC14, 0xE434,
    0xEC74, 0xF4D3, 0xF4D3, 0xF4D4, 0xF4B4, 0xF4B4, 0xF4D4, 0xF534, 0xF533, 0xF554, 0xC435, 0x7B56,
    0x8B76, 0x8B77, 0x8B77, 0x8B77, 0x8B77, 0x8B76, 0x8356, 0x8B76, 0x8B77, 0x8B76, 0x8376, 0x8376,
    0x8B96, 0xAC18, 0xB3F7, 0xBC36, 0xBC36, 0xBC36, 0xBC36, 0xBC36, 0xBC36, 0xBC36, 0xBC36, 0xBC36,
    0xBC36, 0xBC36, 0xBC36, 0xBC36, 0xBC36, 0xBC36, 0xBC36, 0xBC36, 0xBC36, 0xC436, 0xD435, 0xDC35,
    0xDC35, 0xDC55, 0xE435, 0xEC34, 0xE454, 0xE454, 0xEC54, 0xEC54, 0xEC54, 0xE454, 0xEC73, 0xF4B3,
    0xF573, 0xFDD3, 0xFDF4, 0xED33, 0xED13, 0xF593, 0xED35, 0xE516, 0xCC36, 0xC3F6, 0xC3F6, 0xC416,
    0xC416, 0xCC16, 0xCC16, 0xCC16, 0xCC16, 0xCC16, 0xCC16, 0xCC16, 0xCC16, 0xCBF6, 0xCC16, 0xCC16,
    0xCC16, 0xCC16, 0xCBF6, 0xCC16, 0xCC16, 0xCBF6, 0xB3D5, 0x9394, 0x8C36, 0xAC35, 0xDC14, 0xDC34,
    0xDC14, 0xE454, 0xBBB2, 0xAB71, 0xDC54, 0xDC35, 0xE454, 0x9B52, 0x5A91, 0x21CE, 0x19EE, 0x19CF,
    0x2A51, 0x4271, 0x52B1, 0x8B72, 0xA3B1, 0xAB8F, 0xABD1, 0xBBF2, 0xDC34, 0xE454, 0xEC34, 0xEC54,
    0xEC54, 0xEC54, 0xEC54, 0xEC54, 0xEC54, 0xEC54, 0xEC74, 0xEC74, 0xEC74, 0xEC74, 0xEC54, 0xEC74,
    0xF4D2, 0xF512, 0xF512, 0xF511, 0xF511, 0xF511, 0xF512, 0xF4F3, 0xEC93, 0xF4B3, 0xF4D3, 0xF4D3,
    0xF4F2, 0xF4F2, 0xF4F2, 0xF4F2, 0xF512, 0xF512, 0xF511, 0xF571, 0xF571, 0xF571, 0xF571, 0xFD71,
    0xF551, 0xF551, 0xF552, 0xF571, 0xF571, 0xF532, 0xF532, 0xF531, 0xF532, 0xF532, 0xF552, 0xF591,
    0xF5D1, 0xF5B1, 0xF5B1, 0xF5B1, 0xF5B1, 0xF5B1, 0xF5B1, 0xF5B1, 0xF5B0, 0xF5B0, 0xF5B1, 0xF5B1,
    0xFDD0, 0xF552, 0xF4D4, 0xF592, 0xFDD1, 0xFDD1, 0xFDD1, 0xF5B1, 0xF5B1, 0xF5B0, 0xF5B0, 0xFDD1,
    0xFDD1, 0xF5B1, 0xF5B1, 0xF5B1, 0xF5B1, 0xFDB1, 0xFDB0, 0xFDB1, 0xF5D1, 0xF5D1, 0xF5B1, 0xF5B1,
    0xF5B1, 0xF5B1, 0xF5B1, 0xF5B1, 0xF593, 0xED34, 0xD495, 0xC3F5, 0xC3F6, 0xBBF6, 0xBC15, 0xC3F6,
    0xCC34, 0xED73, 0xF5B2, 0xFDD1, 0xF5B1, 0xF5B1, 0xF5B1, 0xFDD1, 0xFDD1, 0xFDD1, 0xF5B0, 0xF5B0,
    0xF5B0, 0xF5B0, 0xFDD1, 0xFDD1, 0xFDD1, 0xFDD1, 0xF5D1, 0xF5D1, 0xFDD1, 0xFDD1, 0xFDD1, 0xFDD1,
    0xFDD1, 0xFDD1, 0xFDD1, 0xFDD1, 0xFDD1, 0xFDD1, 0xFDD1, 0xFDD1, 0xFDD1, 0xFDD1, 0xFDD1, 0xFDD1,
    0xFDD1, 0xFDD1, 0xFDD1, 0xFDD1, 0xFDD1, 0xFDD1, 0xF5B1, 0xF5B1, 0xF5B0, 0xF5B0, 0xFDD1, 0xFDD1,
    0xF5B0, 0xF5B0, 0xFDD1, 0xFDD1, 0xF5B1, 0xF5B1, 0xFDB1, 0xFD92, 0xFD72, 0xFD53, 0xFD52, 0xF572,
    0xFD71, 0xFD91, 0xFD91, 0xFDB1, 0xFDB1, 0xFDB1, 0xFDB1, 0xFDB1, 0xFDB1, 0xFDD1, 0xFDD1, 0xFDD1,
    0xFDD1, 0xFDD1, 0xFDD1, 0xFDD1, 0xFDB1, 0xFDB0, 0xFDB1, 0xFDD2, 0xF5D1, 0xFDB0, 0xFDB1, 0xFDB1,
    0xFDB2, 0xE4F4, 0xCC36, 0xD456, 0xD455, 0xD494, 0xD494, 0xD494, 0xE513, 0xDCD4, 0xD456, 0xCC76,
    0xCC57, 0xCC37, 0xCC36, 0xCC56, 0xB3D6, 0xC3F5, 0xD415, 0xDC34, 0xEC53, 0xF4B3, 0xF4F3, 0xF4F3,
    0xF4D3, 0xECB3, 0xEC94, 0xF514, 0xF554, 0xFD93, 0xBC74, 0x7B36, 0x8B76, 0x8B76, 0x8B77, 0x8B77,
    0x8B77, 0x8B76, 0x8356, 0x8B76, 0x8B77, 0x8B76, 0x8B76, 0x8356, 0x9396, 0xBC37, 0xBC17, 0xBC16,
    0xBC36, 0xBC36, 0xBC36, 0xBC36, 0xBC36, 0xBC36, 0xBC36, 0xBC36, 0xBC36, 0xBC36, 0xBC36, 0xBC36,
    0xBC36, 0xBC36, 0xBC36, 0xBC36, 0xBC36, 0xC436, 0xD456, 0xD436, 0xCC16, 0xCC16, 0xDC35, 0xE434,
    0xE454, 0xE454, 0xEC54, 0xEC54, 0xEC54, 0xE434, 0xEC74, 0xF4B4, 0xFD74, 0xF593, 0xF593, 0xF5B3,
    0xF573, 0xF513, 0xF595, 0xF5D5, 0xCC36, 0xC3F6, 0xC3F6, 0xC416, 0xC416, 0xCC16, 0xCC16, 0xCC16,
    0xCC16, 0xCC16, 0xCC16, 0xCC16, 0xCC16, 0xCBF6, 0xCC16, 0xCC16, 0xCC16, 0xCC16, 0xCBF6, 0xCBF6,
    0xC416, 0xC457, 0x9B94, 0x72D2, 0x7BB4, 0xA3F4, 0xDC35, 0xD435, 0xD435, 0xE455, 0x9B51, 0x7290,
    0xA372, 0xBBD3, 0xCC14, 0xD434, 0xA394, 0x21CF, 0x220F, 0x2A30, 0x3271, 0x4A91, 0x62D1, 0xB414,
    0xD473, 0xD452, 0xD473, 0xD453, 0xE454, 0xE454, 0xEC34, 0xEC54, 0xEC54, 0xEC54, 0xEC54, 0xEC54,
    0xEC54, 0xEC54, 0xEC74, 0xEC74, 0xEC74, 0xEC74, 0xEC54, 0xEC74, 0xF4D2, 0xF512, 0xF512, 0xF512,
    0xF512, 0xF512, 0xF4D2, 0xF4B3, 0xF4B3, 0xF4B3, 0xF4D3, 0xF4F3, 0xF512, 0xF4F2, 0xF4F2, 0xF4F2,
    0xF512, 0xFD32, 0xFD51, 0xF571, 0xF571, 0xF571, 0xF571, 0xF571, 0xF551, 0xF571, 0xF552, 0xF551,
    0xF532, 0xF532, 0xF532, 0xF532, 0xF532, 0xFD72, 0xFD91, 0xF5B1, 0xF5B1, 0xF5B1, 0xF5B1, 0xF5B1,
    0xFDD1, 0xFDD1, 0xFDD1, 0xFDD1, 0xFDD1, 0xFDD1, 0xFDD0, 0xFDD0, 0xFDD0, 0xF552, 0xF4D4, 0xF592,
    0xFDD1, 0xFDD1, 0xFDD1, 0xFDD1, 0xFDD1, 0xFDD1, 0xFDD1, 0xFDD1, 0xFDD1, 0xFDD1, 0xFDD1, 0xFDD1,
    0xFDD1, 0xFDD1, 0xFDD1, 0xFDD1, 0xFDD1, 0xFDD1, 0xFDD1, 0xFDD1, 0xF5B1, 0xF5B1, 0xF5B1, 0xF5D0,
    0xF5D0, 0xF5B1, 0xF573, 0xE533, 0xE533, 0xE533, 0xE533, 0xED53, 0xED52, 0xF5B1, 0xFDD1, 0xFDB1,
    0xFDD1, 0xFDD1, 0xFDD1, 0xFDD1, 0xFDD1, 0xFDD1, 0xFDD1, 0xFDD1, 0xFDD1, 0xFDD1, 0xFDD1, 0xFDD1,
    0xFDD1, 0xFDD1, 0xF5D1, 0xF5D1, 0xFDD1, 0xFDD1, 0xFDD1, 0xFDD1, 0xFDD1, 0xFDD1, 0xFDD1, 0xFDD1,
    0xFDD1, 0xFDD1, 0xFDD1, 0xFDD1, 0xFDD1, 0xFDD1, 0xFDD1, 0xFDD1, 0xFDD1, 0xFDD1, 0xFDD1, 0xFDD1,
    0xFDD1, 0xFDD1, 0xFDD0, 0xFDD0, 0xFDD1, 0xFDD1, 0xFDD1, 0xFDD1, 0xFDD1, 0xFDD1, 0xFDD1, 0xFDD1,
    0xFDD1, 0xFDD1, 0xFDD1, 0xFDB1, 0xFD92, 0xFD53, 0xFD52, 0xF572, 0xFD71, 0xFD91, 0xFD91, 0xFDB1,
    0xFDB1, 0xFDB1, 0xFDB1, 0xFDB1, 0xFDB1, 0xFDD1, 0xFDD1, 0xFDD1, 0xFDD1, 0xFDD1, 0xFDD1, 0xFDD1,
    0xFDD1, 0xFDD1, 0xFDD2, 0xE532, 0xE532, 0xFDB2, 0xFDB1, 0xFDB1, 0xE512, 0xDCB4, 0xCC57, 0xD456,
    0xCC35, 0xCC56, 0xCC36, 0xCC36, 0xD476, 0xCC56, 0xCC56, 0xCC57, 0xCC56, 0xCC56, 0xCC36, 0xCC36,
    0xA3B7, 0xBBD6, 0xD415, 0xE454, 0xF494, 0xF4D3, 0xFD13, 0xFD54, 0xFD54, 0xF4F4, 0xE474, 0xECD4,
    0xED14, 0xFD93, 0xBC75, 0x7B36, 0x8B76, 0x8376, 0x8B76, 0x8B76, 0x8B76, 0x8B76, 0x8356, 0x8B76,
    0x8B77, 0x8B76, 0x8376, 0x8356, 0x9396, 0xBC17, 0xBC17, 0xBC36, 0xBC36, 0xBC36, 0xBC36, 0xBC36,
    0xBC36, 0xBC36, 0xBC36, 0xBC16, 0xBC16, 0xBC36, 0xBC36, 0xBC36, 0xBC36, 0xBC36, 0xBC36, 0xBC36,
    0xBC36, 0xC436, 0xCC36, 0xC436, 0xBC36, 0xBC17, 0xD436, 0xE455, 0xE454, 0xE454, 0xEC54, 0xEC54,
    0xEC54, 0xE454, 0xEC54, 0xEC74, 0xF4F3, 0xF553, 0xF5B3, 0xFDF4, 0xFDD3, 0xF4F2, 0xF5B5, 0xFDF6,
    0xCC35, 0xC3F6, 0xC416, 0xC416, 0xC416, 0xC416, 0xCC16, 0xCC16, 0xCC16, 0xCC16, 0xCC16, 0xCC16,
    0xCC16, 0xCC16, 0xCC16, 0xCC16, 0xCC16, 0xCC16, 0xC3F6, 0xCC16, 0xB3B5, 0x8B12, 0x72D1, 0x5A70,
    0x6B33, 0x9BB4, 0xD456, 0xB3D3, 0xB3D3, 0xDC55, 0x8B52, 0x5A70, 0x9BB4, 0xBBF4, 0xD414, 0xEC95,
    0xBBF4, 0x19AE, 0x220F, 0x2230, 0x2A50, 0x3250, 0x4290, 0x7B11, 0x9371, 0x9BB0, 0xC413, 0xEC55,
    0xE434, 0xE454, 0xE454, 0xE454, 0xEC54, 0xEC54, 0xEC54, 0xEC54, 0xEC54, 0xEC54, 0xEC54, 0xEC54,
    0xEC54, 0xEC74, 0xEC54, 0xEC73, 0xF4D2, 0xF512, 0xF512, 0xF512, 0xF512, 0xF4D2, 0xECB3, 0xEC93,
    0xF4B3, 0xF4D3, 0xF4D3, 0xF513, 0xFD33, 0xF512, 0xF4F2, 0xF4F2, 0xF512, 0xFD32, 0xFD71, 0xFD71,
    0xF591, 0xF571, 0xF571, 0xFD71, 0xF551, 0xF551, 0xFD52, 0xF532, 0xF532, 0xF532, 0xF532, 0xF532,
    0xF552, 0xF571, 0xFDB1, 0xF5D1, 0xF5B1, 0xF5B1, 0xF5B1, 0xFDB1, 0xFDD1, 0xFDD1, 0xFDD1, 0xFDD1,
    0xFDD1, 0xFDD1, 0xFDD0, 0xFDD0, 0xFDD0, 0xFD53, 0xF4D4, 0xF592, 0xFDD1, 0xFDD1, 0xFDD1, 0xFDD1,
    0xFDD1, 0xFDD1, 0xFDD1, 0xFDD1, 0xFDD1, 0xFDD1, 0xFDD1, 0xFDD1, 0xFDD1, 0xFDD1, 0xFDD1, 0xF5D1,
    0xF5D1, 0xF5D1, 0xFDD1, 0xFDD1, 0xFDD1, 0xFDD1, 0xF5D0, 0xF5B1, 0xF5D1, 0xF5D1, 0xF5D1, 0xFDD1,
    0xFDD1, 0xFDD1, 0xF5D1, 0xFDD1, 0xFDD1, 0xFDD1, 0xFDD1, 0xFDD1, 0xFDD1, 0xFDD1, 0xFDD1, 0xFDD1,
    0xFDD1, 0xFDD1, 0xFDD1, 0xFDD1, 0xFDD1, 0xFDD1, 0xFDD1, 0xFDD1, 0xFDD1, 0xFDD1, 0xF5D1, 0xF5D1,
    0xFDD1, 0xFDD1, 0xFDD1, 0xFDD1, 0xFDD1, 0xFDD1, 0xFDD1, 0xFDD1, 0xFDD1, 0xFDD1, 0xFDD1, 0xFDD1,
    0xFDD1, 0xFDD1, 0xFDD1, 0xFDD1, 0xFDD1, 0xFDD1, 0xFDD1, 0xFDD1, 0xFDD1, 0xFDD1, 0xFDD0, 0xFDD0,
    0xFDD1, 0xFDD1, 0xFDD1, 0xFDD1, 0xFDD1, 0xFDD1, 0xFDD1, 0xFDD1, 0xFDD1, 0xFDD1, 0xFDD1, 0xFDB1,
    0xFD92, 0xFD53, 0xFD52, 0xFD72, 0xFD72, 0xFD91, 0xFD91, 0xFDB0, 0xFDB0, 0xFDB1, 0xFDB1, 0xFDD1,
    0xFDD1, 0xFDD0, 0xFDD1, 0xFDD1, 0xFDD1, 0xFDD1, 0xFDD1, 0xFDD1, 0xF5B2, 0xF592, 0xED53, 0xD4B4,
    0xD494, 0xE513, 0xE512, 0xDCF3, 0xCC75, 0xCC55, 0xCC56, 0xCC56, 0xCC36, 0xCC36, 0xCC36, 0xCC36,
    0xCC36, 0xCC36, 0xCC56, 0xCC37, 0xCC36, 0xCC56, 0xCC16, 0xC417, 0xA3D7, 0xBBF6, 0xD415, 0xE474,
    0xF4D3, 0xF4F3, 0xF514, 0xFD54, 0xFD94, 0xF534, 0xE455, 0xE474, 0xE4D4, 0xFD94, 0xC455, 0x8336,
    0x8376, 0x8376, 0x8376, 0x8356, 0x8356, 0x8356, 0x8356, 0x8B76, 0x8B77, 0x8B76, 0x8376, 0x8356,
    0x9396, 0xBC17, 0xBC17, 0xBC16, 0xBC36, 0xBC36, 0xBC36, 0xBC36, 0xBC36, 0xBC36, 0xBC36, 0xBC16,
    0xBC16, 0xBC36, 0xBC36, 0xBC16, 0xBC16, 0xBC16, 0xBC16, 0xBC16, 0xBC16, 0xBC36, 0xC457, 0xBC37,
    0xBC37, 0xBC17, 0xC436, 0xDC55, 0xE454, 0xEC54, 0xEC54, 0xEC54, 0xE434, 0xE434, 0xE454, 0xEC53,
    0xEC74, 0xF533, 0xFDD4, 0xFDF3, 0xF5B3, 0xECF3, 0xF5B4, 0xF5F6, 0xCC36, 0xC3F6, 0xC416, 0xC416,
    0xC416, 0xC416, 0xC416, 0xCC16, 0xCC16, 0xCC16, 0xCC16, 0xCC16, 0xCC16, 0xCC16, 0xC416, 0xC416,
    0xCC16, 0xCC16, 0xCBF6, 0xCC16, 0xAB94, 0x624E, 0x622F, 0x4A2F, 0x5AF2, 0x9394, 0xDC56, 0xA392,
    0xA392, 0xDC55, 0x9332, 0x6290, 0xBC35, 0xD435, 0xEC34, 0xEC75, 0xBBD3, 0x196C, 0x19CE, 0x19EF,
    0x2A0F, 0x2A2F, 0x2A2F, 0x5A8E, 0x6AAE, 0x62AD, 0xAB91, 0xEC76, 0xE435, 0xE454, 0xE454, 0xE454,
    0xEC54, 0xEC54, 0xEC54, 0xEC54, 0xEC54, 0xEC54, 0xEC54, 0xEC54, 0xEC54, 0xEC54, 0xEC54, 0xEC73,
    0xF4F2, 0xF512, 0xF512, 0xF512, 0xF4F2, 0xF4B3, 0xECB3, 0xEC93, 0xF4D3, 0xF4F3, 0xECF3, 0xF533,
    0xF533, 0xF513, 0xF512, 0xF512, 0xF512, 0xF532, 0xFD71, 0xFD71, 0xFD71, 0xFD71, 0xFD71, 0xFD51,
    0xF531, 0xF531, 0xF552, 0xF532, 0xF532, 0xF531, 0xF532, 0xF552, 0xF552, 0xF571, 0xFDB1, 0xF5D1,
    0xFDD1, 0xFDD1, 0xFDD1, 0xFDD1, 0xFDB1, 0xFDB1, 0xFDD1, 0xFDD1, 0xFDD1, 0xFDD1, 0xFDD1, 0xFDD1,
    0xFDF0, 0xF572, 0xF4D4, 0xF592, 0xFDD1, 0xFDD1, 0xFDD1, 0xFDD1, 0xFDD1, 0xFDD1, 0xFDD1, 0xFDD1,
    0xFDD1, 0xFDD1, 0xFDD1, 0xFDD1, 0xFDD1, 0xFDD1, 0xFDD1, 0xF5D1, 0xF5D0, 0xF5D0, 0xF5B0, 0xF5B0,
    0xF5B1, 0xF5B1, 0xF5D1, 0xF5D1, 0xF5D1, 0xF5D1, 0xF5D1, 0xF5D1, 0xF5D1, 0xF5D1, 0xF5D1, 0xF5D1,
    0xF5D1, 0xFDD1, 0xFDD1, 0xFDD1, 0xFDD1, 0xFDD1, 0xFDD1, 0xFDD1, 0xFDD1, 0xFDD1, 0xFDD1, 0xFDD1,
    0xFDD1, 0xFDD1, 0xFDD1, 0xFDD1, 0xFDD1, 0xFDD1, 0xFDD1, 0xFDD1, 0xFDD1, 0xFDD1, 0xFDD1, 0xFDD1,
    0xFDD1, 0xFDD1, 0xFDD1, 0xFDD1, 0xFDD1, 0xFDD1, 0xFDD1, 0xFDD1, 0xFDD1, 0xFDD1, 0xFDD1, 0xFDF1,
    0xFDF1, 0xFDD1, 0xFDD1, 0xFDD1, 0xFDD1, 0xFDD1, 0xFDD1, 0xFDD1, 0xFDD1, 0xFDD1, 0xFDD1, 0xFDD1,
    0xFDD1, 0xFDD1, 0xFDD1, 0xFDD1, 0xFDD1, 0xFDD1, 0xFDD1, 0xFDB1, 0xFD92, 0xFD52, 0xFD53, 0xFD72,
    0xFD72, 0xF591, 0xFD91, 0xF5B1, 0xF5B1, 0xFDD1, 0xFDD1, 0xF5D1, 0xF5B2, 0xF592, 0xF592, 0xF5B2,
    0xF5B2, 0xED72, 0xF592, 0xF5B1, 0xED72, 0xDD13, 0xD4D3, 0xCC96, 0xC475, 0xCC73, 0xCC53, 0xC455,
    0xC436, 0xC417, 0xC436, 0xC436, 0xC436, 0xC416, 0xC416, 0xCC36, 0xCC36, 0xCC36, 0xCC37, 0xC416,
    0xC416, 0xC437, 0xC417, 0xC417, 0xA3D7, 0xB3F7, 0xCC16, 0xDC34, 0xE453, 0xECB4, 0xECB4, 0xF4B4,
    0xFDB4, 0xF534, 0xDC35, 0xE474, 0xE4D4, 0xFDB3, 0xBC74, 0x8336, 0x8376, 0x8376, 0x8376, 0x8356,
    0x8356, 0x8356, 0x8356, 0x8B76, 0x8B77, 0x8B76, 0x8376, 0x8356, 0x9396, 0xBC17, 0xBC17, 0xBC16,
    0xBC36, 0xBC36, 0xBC36, 0xBC36, 0xBC36, 0xBC36, 0xBC36, 0xBC16, 0xBC16, 0xBC36, 0xBC36, 0xBC16,
    0xBC16, 0xBC16, 0xBC16, 0xBC16, 0xBC16, 0xBC36, 0xC437, 0xBC37, 0xBC37, 0xBC17, 0xC436, 0xCC15,
    0xE435, 0xEC34, 0xEC54, 0xEC54, 0xE434, 0xE434, 0xE454, 0xE454, 0xF454, 0xF4D4, 0xF573, 0xF5B3,
    0xF5B3, 0xF552, 0xED74, 0xE575, 0xCC35, 0xC3F6, 0xC416, 0xC416, 0xC416, 0xC416, 0xC416, 0xCC16,
    0xCC16, 0xCC16, 0xCC16, 0xCC16, 0xCC16, 0xCC16, 0xCC16, 0xCC16, 0xCC16, 0xCC16, 0xCC16, 0xCC16,
    0xBBD5, 0x9B74, 0x6AB0, 0x31CD, 0x4AB1, 0x8B73, 0xDC75, 0xD435, 0xD435, 0xE455, 0x9B11, 0x7A4F,
    0xD415, 0xDC34, 0xE434, 0xF475, 0xC3B3, 0x318D, 0x29EE, 0x21EE, 0x42B1, 0x3AB1, 0x2A2F, 0xAC53,
    0xB432, 0x72AD, 0xB3B2, 0xEC75, 0xDC34, 0xE434, 0xE454, 0xEC54, 0xEC54, 0xEC54, 0xEC54, 0xEC54,
    0xEC54, 0xEC54, 0xEC54, 0xEC54, 0xEC54, 0xEC54, 0xEC73, 0xECD3, 0xF4F2, 0xF4F2, 0xF512, 0xF4F2,
    0xF4F2, 0xECB3, 0xF4B3, 0xF4B3, 0xF534, 0xF513, 0xF513, 0xF533, 0xF553, 0xFD74, 0xF533, 0xF512,
    0xF532, 0xF551, 0xFD91, 0xFD71, 0xFD71, 0xFD71, 0xFD71, 0xF552, 0xF532, 0xF531, 0xF552, 0xF532,
    0xF532, 0xF552, 0xF532, 0xF551, 0xF571, 0xFD91, 0xFDD1, 0xF5D1, 0xFDD1, 0xFDD1, 0xFDD1, 0xFDD1,
    0xF5D1, 0xF5D1, 0xFDD1, 0xFDD1, 0xFDD1, 0xFDD1, 0xFDD1, 0xFDD1, 0xFDF0, 0xF572, 0xF4D4, 0xF592,
    0xFDD1, 0xFDD1, 0xFDD1, 0xFDD1, 0xFDD1, 0xFDD1, 0xFDD1, 0xFDD1, 0xFDD1, 0xFDD1, 0xFDD1, 0xFDD1,
    0xFDD1, 0xFDD1, 0xFDD1, 0xFDD1, 0xFDD1, 0xFDD1, 0xFDD1, 0xFDD1, 0xFDD1, 0xFDD1, 0xFDD1, 0xFDD1,
    0xF5D1, 0xF5D1, 0xFDD1, 0xFDD1, 0xFDD1, 0xF5D1, 0xF5D1, 0xF5D1, 0xF5D1, 0xFDD1, 0xFDD1, 0xFDD1,
    0xFDD1, 0xFDD1, 0xFDD1, 0xFDD1, 0xFDD1, 0xFDD1, 0xFDD1, 0xFDD1, 0xFDD1, 0xFDD1, 0xFDD1, 0xFDD1,
    0xFDD1, 0xFDD1, 0xFDD1, 0xFDD1, 0xFDD1, 0xFDD1, 0xFDD1, 0xFDD1, 0xFDD1, 0xFDD1, 0xFDD1, 0xFDD1,
    0xFDD1, 0xFDD1, 0xFDD1, 0xFDD1, 0xFDD1, 0xFDD1, 0xFDD1, 0xFDF1, 0xFDF1, 0xFDD1, 0xFDD1, 0xFDD1,
    0xFDD1, 0xFDD1, 0xFDD1, 0xFDD1, 0xFDD1, 0xFDD1, 0xFDD1, 0xFDD1, 0xFDD1, 0xFDD1, 0xFDD1, 0xFDD1,
    0xFDD1, 0xFDD1, 0xFDD1, 0xFDB1, 0xFD92, 0xFD52, 0xFD52, 0xFD72, 0xFD72, 0xF591, 0xFD91, 0xF591,
    0xF592, 0xF5B1, 0xFDD1, 0xF592, 0xD472, 0xD472, 0xCC71, 0xED74, 0xED53, 0xD472, 0xD473, 0xD473,
    0xD474, 0xCC74, 0xCC74, 0xCC56, 0xC455, 0xC475, 0xC436, 0xC417, 0xBC18, 0xBC17, 0xBC16, 0xBC16,
    0xBC16, 0xBC17, 0xBC16, 0xBBF6, 0xC416, 0xC437, 0xC437, 0xC417, 0xC416, 0xC416, 0xC417, 0xC417,
    0xA3B7, 0xABD7, 0xB3D7, 0xCBF5, 0xE435, 0xDC35, 0xEC74, 0xF494, 0xFDD4, 0xED54, 0xDC34, 0xECD5,
    0xED14, 0xFDD4, 0xBC95, 0x8336, 0x8B76, 0x8376, 0x8376, 0x8376, 0x8B76, 0x8376, 0x8356, 0x8B76,
    0x8B76, 0x8B76, 0x8B76, 0x8356, 0x9396, 0xBC17, 0xBC17, 0xBC16, 0xBC36, 0xBC36, 0xBC36, 0xBC36,
    0xBC36, 0xBC36, 0xBC36, 0xBC16, 0xBC16, 0xBC36, 0xBC36, 0xBC16, 0xBC36, 0xBC36, 0xBC16, 0xBC16,
    0xBC16, 0xBC16, 0xBC16, 0xBC37, 0xBC37, 0xBC37, 0xBC36, 0xC416, 0xE435, 0xEC34, 0xEC34, 0xEC34,
    0xE434, 0xE434, 0xE434, 0xE434, 0xF455, 0xF4B4, 0xF513, 0xF532, 0xF573, 0xFDB5, 0xCC75, 0xABD5,
    0xC3F7, 0xC416, 0xC416, 0xC416, 0xC416, 0xC416, 0xC416, 0xC416, 0xCC16, 0xCC16, 0xCC16, 0xCC16,
    0xCC16, 0xCC16, 0xCBF6, 0xCBF6, 0xCC16, 0xCC16, 0xC416, 0xCC16, 0xBBB5, 0x9B32, 0x6270, 0x29AD,
    0x4291, 0x8B73, 0xDC75, 0xD415, 0xD415, 0xDC55, 0x9B32, 0x8290, 0xD415, 0xE434, 0xE434, 0xF474,
    0xC3B3, 0x398D, 0x29EF, 0x2A0F, 0x4AB2, 0x52D2, 0x52D1, 0xC493, 0xCC92, 0x9B4F, 0xC3F3, 0xE475,
    0xDC34, 0xE434, 0xE454, 0xEC54, 0xEC54, 0xEC54, 0xEC54, 0xEC54, 0xEC54, 0xEC54, 0xEC54, 0xEC54,
    0xEC54, 0xEC53, 0xEC93, 0xF4F2, 0xF4F2, 0xF4F2, 0xF4F2, 0xF4F3, 0xF4D3, 0xECB3, 0xF4B3, 0xF4D3,
    0xF4F3, 0xF533, 0xFD53, 0xF533, 0xF553, 0xFDB3, 0xF553, 0xF512, 0xFD52, 0xF571, 0xFD91, 0xFD71,
    0xFD71, 0xFD71, 0xF552, 0xF552, 0xF532, 0xF532, 0xF551, 0xF552, 0xF552, 0xF552, 0xF532, 0xF572,
    0xF5B1, 0xFDB1, 0xFDD1, 0xF5B1, 0xF5D1, 0xF5D1, 0xFDD1, 0xFDD1, 0xF5D1, 0xF5D1, 0xF5D1, 0xF5D1,
    0xFDD1, 0xFDD1, 0xF5D1, 0xF5D1, 0xFDD0, 0xF552, 0xF4D4, 0xF592, 0xFDD1, 0xFDD1, 0xFDD1, 0xFDD1,
    0xFDD1, 0xFDD1, 0xFDD1, 0xFDD1, 0xFDD1, 0xFDD1, 0xFDD1, 0xFDD1, 0xFDD1, 0xFDD1, 0xFDD1, 0xFDD1,
    0xFDD1, 0xFDD1, 0xFDD1, 0xFDD1, 0xFDD1, 0xFDD1, 0xFDD1, 0xFDD1, 0xF5D1, 0xF5D1, 0xFDD1, 0xFDD1,
    0xFDD1, 0xFDD1, 0xFDD1, 0xF5D1, 0xFDD1, 0xF5D1, 0xF5D1, 0xFDD1, 0xFDD1, 0xFDD1, 0xFDD1, 0xFDD1,
    0xFDD1, 0xFDD1, 0xFDD1, 0xFDD1, 0xFDD1, 0xFDD1, 0xF5D1, 0xF5D1, 0xF5D1, 0xF5D1, 0xFDD1, 0xFDD1,
    0xFDD1, 0xFDD1, 0xFDD1, 0xFDD1, 0xFDD1, 0xFDD1, 0xFDD1, 0xFDD1, 0xFDD1, 0xFDD1, 0xFDD1, 0xFDD1,
    0xFDD1, 0xF5D1, 0xF5D1, 0xFDD1, 0xFDD1, 0xFDD1, 0xFDD0, 0xFDD1, 0xFDD1, 0xFDD1, 0xFDD1, 0xFDD1,
    0xFDD1, 0xFDD1, 0xFDD1, 0xFDD1, 0xFDD1, 0xFDD1, 0xFDD1, 0xFDD1, 0xFDD1, 0xFDD1, 0xFDD1, 0xFDB1,
    0xFD92, 0xFD53, 0xFD52, 0xFD72, 0xFD72, 0xF591, 0xF591, 0xF5B1, 0xF5B1, 0xFDD1, 0xFDD1, 0xFDD1,
    0xF5B2, 0xF592, 0xF5B2, 0xF5D1, 0xF5D2, 0xF5B2, 0xF5B1, 0xF5B2, 0xF592, 0xF592, 0xF572, 0xF574,
    0xED54, 0xED55, 0xDCF6, 0xCC76, 0xBC16, 0xBC16, 0xBC16, 0xBC17, 0xBC17, 0xBC17, 0xBC17, 0xBBF6,
    0xBC17, 0xBC17, 0xC437, 0xBC17, 0xBC17, 0xBC16, 0xBC17, 0xBC17, 0xABB7, 0xABD7, 0xABD7, 0xC3F6,
    0xCC15, 0xCC15, 0xE455, 0xF4B4, 0xFDD3, 0xF574, 0xE4B3, 0xF555, 0xED33, 0xCC74, 0xABF5, 0x8356,
    0x8B76, 0x8376, 0x8376, 0x8B76, 0x8B76, 0x8B76, 0x8376, 0x8B76, 0x8B76, 0x8B76, 0x8B76, 0x8B76,
    0x9396, 0xB437, 0xB417, 0xBC36, 0xBC36, 0xBC36, 0xBC16, 0xBC16, 0xBC36, 0xBC36, 0xBC16, 0xBC36,
    0xC436, 0xCC36, 0xCC35, 0xD436, 0xC416, 0xBC36, 0xBC37, 0xBC36, 0xBC16, 0xBC16, 0xBC16, 0xBC36,
    0xBC36, 0xBC36, 0xBC36, 0xC436, 0xD436, 0xDC35, 0xE434, 0xEC35, 0xE435, 0xD435, 0xD435, 0xDC35,
    0xF475, 0xF4B3, 0xF513, 0xFD32, 0xED13, 0xD4B4, 0xB415, 0xA396, 0xBBD6, 0xBBD6, 0xC416, 0xC416,
    0xC416, 0xC3F6, 0xC3F6, 0xC416, 0xCC16, 0xCC16, 0xCC16, 0xCC16, 0xCC16, 0xCC16, 0xCC16, 0xCC16,
    0xCC16, 0xCC16, 0xC3F6, 0xCC17, 0xB3B5, 0x8AF1, 0x5A70, 0x29AE, 0x3A30, 0x8353, 0xDCB6, 0xD434,
    0xD414, 0xDC35, 0x9B32, 0x7A90, 0xD415, 0xDC35, 0xE434, 0xEC74, 0xC3D3, 0x41AE, 0x320F, 0x2A10,
    0x4AB2, 0x62D2, 0x72B1, 0xCCD3, 0xD4D2, 0xAB90, 0xCC12, 0xE475, 0xDC35, 0xE434, 0xE454, 0xE454,
    0xEC54, 0xEC54, 0xEC54, 0xEC74, 0xEC74, 0xEC74, 0xEC54, 0xEC54, 0xEC54, 0xEC54, 0xECB3, 0xF512,
    0xF512, 0xF4F2, 0xF4F2, 0xECB3, 0xEC94, 0xEC93, 0xF4B4, 0xF4D4, 0xF4D3, 0xF533, 0xFD53, 0xF533,
    0xF553, 0xFDB3, 0xF552, 0xF532, 0xF572, 0xFD71, 0xFD71, 0xFD71, 0xF571, 0xF552, 0xF532, 0xF532,
    0xF532, 0xFD52, 0xF571, 0xF552, 0xF532, 0xF552, 0xF552, 0xF572, 0xF5D1, 0xF5B1, 0xF5B1, 0xF5B1,
    0xF5D1, 0xF5D1, 0xF5D1, 0xF5D1, 0xFDD1, 0xFDD1, 0xFDD1, 0xFDD1, 0xFDD1, 0xFDD1, 0xFDD1, 0xFDD1,
    0xFDF0, 0xF553, 0xECB4, 0xF592, 0xFDF1, 0xFDD1, 0xFDD1, 0xFDD1, 0xFDD1, 0xFDD1, 0xFDD1, 0xFDD1,
    0xFDD1, 0xFDD1, 0xFDD1, 0xFDD1, 0xFDD1, 0xFDD1, 0xFDD1, 0xFDD1, 0xFDD1, 0xFDD1, 0xFDD1, 0xFDD1,
    0xFDD1, 0xFDD1, 0xFDD1, 0xFDD1, 0xFDF1, 0xFDF1, 0xFDD0, 0xFDD0, 0xFDD1, 0xFDF1, 0xFDF1, 0xFDF1,
    0xFDF1, 0xFDF1, 0xFDF1, 0xFDF1, 0xFDF1, 0xFDF1, 0xFDF1, 0xFDD1, 0xFDD1, 0xFDD1, 0xFDD1, 0xFDD1,
    0xFDD1, 0xFDD1, 0xFDD1, 0xFDD1, 0xFDF1, 0xFDF1, 0xFDF1, 0xFDF1, 0xFDF1, 0xFDF1, 0xFDF1, 0xFDF1,
    0xFDF1, 0xFDF1, 0xFDF1, 0xFDD1, 0xFDD1, 0xFDD1, 0xFDD1, 0xFDD1, 0xFDD1, 0xFDF1, 0xFDF1, 0xFDF0,
    0xFDF0, 0xFDD1, 0xFDD1, 0xFDF1, 0xFDF1, 0xFDF1, 0xFDD1, 0xFDD1, 0xFDD1, 0xFDD1, 0xFDD1, 0xFDD1,
    0xFDD1, 0xFDD1, 0xFDD1, 0xFDD1, 0xFDD1, 0xFDD0, 0xFDD1, 0xF572, 0xF552, 0xF553, 0xF552, 0xFD72,
    0xFD72, 0xF592, 0xF591, 0xF5B1, 0xFDD1, 0xFDD1, 0xFDD1, 0xFDD1, 0xFDF1, 0xFDF1, 0xFDF1, 0xF5D1,
    0xFDD1, 0xFDF1, 0xFDF1, 0xFDF1, 0xFDD1, 0xFDD1, 0xF5F1, 0xF5B2, 0xF593, 0xF594, 0xE534, 0xD4D4,
    0xD4B5, 0xD494, 0xCC94, 0xCC94, 0xCC94, 0xCC94, 0xCC94, 0xCC74, 0xCC74, 0xCC75, 0xCC74, 0xCC74,
    0xC474, 0xCC74, 0xCC74, 0xCC95, 0xABB7, 0xABD7, 0xABF7, 0xB3F6, 0xBC16, 0xBC36, 0xDC55, 0xECB4,
    0xFD93, 0xF534, 0xE493, 0xE515, 0xCCB4, 0x9B96, 0x9396, 0x8376, 0x8376, 0x8376, 0x8376, 0x8B76,
    0x8B76, 0x8B76, 0x8376, 0x8B76, 0x8B76, 0x8B76, 0x8B76, 0x8B76, 0x9376, 0xA3D6, 0xB416, 0xBC36,
    0xBC36, 0xBC36, 0xBC16, 0xBC16, 0xBC36, 0xBC36, 0xBC16, 0xBC16, 0xD435, 0xDC35, 0xE434, 0xE435,
    0xDC35, 0xCC36, 0xBC16, 0xB3F6, 0xBC16, 0xBC16, 0xBC16, 0xBC36, 0xBC36, 0xBC36, 0xBC36, 0xC436,
    0xC457, 0xCC36, 0xCC35, 0xD435, 0xCC35, 0xBC36, 0xC436, 0xCC55, 0xEC55, 0xF4F3, 0xFD73, 0xF533,
    0xE4D3, 0xB3F4, 0xABD6, 0xA3B7, 0xB3D6, 0xB3F6, 0xC3F6, 0xC416, 0xC416, 0xC3F6, 0xC3F6, 0xC3F6,
    0xCC16, 0xCC16, 0xCC16, 0xCC16, 0xCC15, 0xCC16, 0xCC16, 0xCC16, 0xCC16, 0xCC16, 0xC3F6, 0xCC17,
    0xB3D5, 0x92F2, 0x5A70, 0x21CE, 0x3230, 0x7B33, 0xD496, 0xD415, 0xD415, 0xDC35, 0x9B32, 0x7A90,
    0xCC15, 0xDC34, 0xDC34, 0xEC74, 0xC3D3, 0x49CE, 0x3A30, 0x3230, 0x52D2, 0x6AD1, 0x82AF, 0xCCF2,
    0xD4F2, 0xAB90, 0xCC13, 0xE455, 0xDC55, 0xE455, 0xE454, 0xE454, 0xEC54, 0xEC54, 0xEC54, 0xEC74,
    0xEC74, 0xEC74, 0xEC54, 0xEC54, 0xEC54, 0xEC54, 0xEC93, 0xF4F3, 0xF512, 0xF4F2, 0xF4D3, 0xEC73,
    0xEC74, 0xEC94, 0xEC94, 0xF4B4, 0xF4D4, 0xF513, 0xFD53, 0xF533, 0xF553, 0xFDB3, 0xF593, 0xF573,
    0xFD72, 0xFD71, 0xFD71, 0xFD71, 0xF551, 0xF552, 0xF532, 0xF532, 0xF532, 0xFD52, 0xFD92, 0xF552,
    0xF532, 0xF552, 0xF552, 0xF572, 0xFDD1, 0xFDD1, 0xFDD1, 0xFDD1, 0xFDD1, 0xFDD1, 0xF5D1, 0xF5D1,
    0xFDD1, 0xFDD1, 0xFDD1, 0xFDD1, 0xFDD1, 0xFDD1, 0xFDD1, 0xFDD1, 0xFDF1, 0xF553, 0xECB4, 0xF592,
    0xFDF1, 0xFDD1, 0xFDD1, 0xFDF1, 0xFDF1, 0xFDF1, 0xFDF1, 0xFDF1, 0xFDF1, 0xFDF1, 0xFDF1, 0xFDD1,
    0xFDD1, 0xFDD1, 0xFDF1, 0xFDF1, 0xFDD1, 0xFDD1, 0xFDD1, 0xFDD1, 0xFDF1, 0xFDF1, 0xFDF1, 0xFDF1,
    0xFDF1, 0xFDF1, 0xFDF1, 0xFDF1, 0xFDF1, 0xFDF1, 0xFDF1, 0xFDF1, 0xFDF1, 0xFDF1, 0xFDF1, 0xFDF1,
    0xFDF1, 0xFDF1, 0xFDF1, 0xFDF1, 0xFDF1, 0xFDF1, 0xFDF1, 0xFDF1, 0xFDF1, 0xFDF1, 0xFDD1, 0xFDD1,
    0xFDF1, 0xFDF1, 0xFDF1, 0xFDF1, 0xFDF1, 0xFDF1, 0xFDF1, 0xFDF1, 0xFDF1, 0xFDF1, 0xFDF1, 0xFDF1,
    0xFDF1, 0xFDF1, 0xFDF1, 0xFDF1, 0xFDF1, 0xFDF1, 0xFDF1, 0xFDF1, 0xFDF1, 0xFDF1, 0xFDF1, 0xFDF1,
    0xFDF1, 0xFDF1, 0xFDF1, 0xFDF1, 0xFDF1, 0xFDF1, 0xFDF1, 0xFDF1, 0xFDF1, 0xFDF1, 0xFDF1, 0xFDF1,
    0xFDF1, 0xFDF1, 0xFDF1, 0xF533, 0xF513, 0xF534, 0xF533, 0xFD72, 0xFD72, 0xFD92, 0xFD91, 0xFDB1,
    0xFDD1, 0xFDF1, 0xFDF1, 0xFDF1, 0xFDF1, 0xFDF1, 0xFDF0, 0xFDF1, 0xFDF1, 0xFDF1, 0xFDF1, 0xFDF1,
    0xFDF1, 0xFDF1, 0xF5F1, 0xF5D2, 0xF5D2, 0xF5D2, 0xF5B2, 0xED72, 0xED72, 0xED72, 0xED72, 0xED52,
    0xED52, 0xED52, 0xED52, 0xED52, 0xED52, 0xED52, 0xED52, 0xED52, 0xE532, 0xED52, 0xED52, 0xED73,
    0xA3D7, 0xABD7, 0xA3D7, 0xABD7, 0xB3F6, 0xBC16, 0xD454, 0xEC93, 0xF573, 0xE4F3, 0xC414, 0xB415,
    0xA3F7, 0x8356, 0x8376, 0x8376, 0x8376, 0x8B76, 0x8B76, 0x8B76, 0x8B76, 0x8B76, 0x8B76, 0x8B76,
    0x8B76, 0x8B76, 0x8B76, 0x8B76, 0x8B76, 0x9396, 0xABF6, 0xBC36, 0xBC36, 0xBC36, 0xBC16, 0xBC16,
    0xBC16, 0xBC36, 0xC416, 0xC416, 0xDC35, 0xE435, 0xE434, 0xEC55, 0xE474, 0xE4B5, 0xDCD5, 0xCCD5,
    0xC455, 0xBC36, 0xBC36, 0xBC16, 0xBC36, 0xBC36, 0xBC36, 0xBC36, 0xBC37, 0xBC36, 0xBC16, 0xBC16,
    0xBC36, 0xBC36, 0xBC36, 0xC435, 0xE435, 0xF4F3, 0xFD93, 0xF552, 0xED13, 0xD4F5, 0xAC36, 0x9BB7,
    0xBC16, 0xBC16, 0xC3F6, 0xC3F6, 0xC416, 0xC416, 0xC416, 0xC3F6, 0xC3F6, 0xCC16, 0xCC16, 0xCC16,
    0xCC16, 0xD416, 0xCC16, 0xC416, 0xCC16, 0xCC16, 0xC3F6, 0xCC36, 0xABB5, 0x6270, 0x420F, 0x19AD,
    0x2A30, 0x6B12, 0xB434, 0xCC34, 0xD435, 0xDC35, 0x9B12, 0x726F, 0xCC35, 0xDC35, 0xDC34, 0xF494,
    0xC3F3, 0x41EE, 0x4230, 0x3A50, 0x52D2, 0x7312, 0xA331, 0xDD32, 0xDD12, 0xB390, 0xCC13, 0xE455,
    0xE435, 0xE454, 0xE454, 0xEC54, 0xEC54, 0xEC54, 0xEC54, 0xEC54, 0xEC54, 0xEC54, 0xEC54, 0xEC34,
    0xE455, 0xE435, 0xE474, 0xECB3, 0xF4F3, 0xF4D3, 0xEC94, 0xE454, 0xE454, 0xE454, 0xEC74, 0xEC94,
    0xF4D4, 0xF513, 0xFD53, 0xF553, 0xF553, 0xFDB3, 0xFDB3, 0xFDB3, 0xF592, 0xF571, 0xF591, 0xF571,
    0xF551, 0xF532, 0xF532, 0xF532, 0xF532, 0xF552, 0xF572, 0xF552, 0xF552, 0xF552, 0xF552, 0xF571,
    0xFDD1, 0xF5B1, 0xF5B1, 0xFDD1, 0xFDD1, 0xFDD1, 0xFDD1, 0xFDD1, 0xFDD1, 0xFDD1, 0xFDD1, 0xFDD1,
    0xFDF1, 0xFDF1, 0xFDF1, 0xFDD1, 0xFDF1, 0xF553, 0xF494, 0xF592, 0xFDF1, 0xFDD1, 0xFDD1, 0xFDF1,
    0xFDF1, 0xFDF1, 0xFDF1, 0xFDF1, 0xFDF1, 0xFDF1, 0xFDF1, 0xFDF1, 0xFDF1, 0xFDF1, 0xFDF1, 0xFDF1,
    0xFDF1, 0xFDF1, 0xFDF1, 0xFDF1, 0xFDF1, 0xFDF1, 0xFDF1, 0xFDF1, 0xFDF1, 0xFDF1, 0xFDF1, 0xFDF1,
    0xFDF1, 0xFDD1, 0xFDF1, 0xFDF1, 0xFDF1, 0xFDF1, 0xFDF1, 0xFDF1, 0xFDF1, 0xFDF1, 0xFDF1, 0xFDF1,
    0xFDF1, 0xFDF1, 0xFDF1, 0xFDF1, 0xFDF1, 0xFDF1, 0xFDF1, 0xFDF1, 0xFDF1, 0xFDF1, 0xFDF1, 0xFDF1,
    0xFDF1, 0xFDF1, 0xFDF1, 0xFDF1, 0xFDF1, 0xFDF1, 0xFDF1, 0xFDF1, 0xFDF1, 0xFDF1, 0xFDF1, 0xFDF1,
    0xFDF1, 0xFDF1, 0xFDF1, 0xFDF1, 0xFDF1, 0xFDF1, 0xFDF1, 0xFDF1, 0xFDF1, 0xFDF1, 0xFDF1, 0xFDF1,
    0xFDF1, 0xFDF1, 0xFDF1, 0xFDF1, 0xFDF1, 0xFDF1, 0xFDF1, 0xFDF1, 0xFDF1, 0xFDD1, 0xFDD2, 0xF513,
    0xF4F4, 0xF514, 0xF533, 0xFD73, 0xF572, 0xF591, 0xF5B1, 0xFDD1, 0xFDD1, 0xFDF1, 0xFDF1, 0xFDF1,
    0xFDF1, 0xFDF1, 0xFDF1, 0xFDF1, 0xFDF1, 0xFDF1, 0xFDF1, 0xFDF1, 0xFDF1, 0xFDF1, 0xFDF1, 0xFDF1,
    0xFDF1, 0xFDF1, 0xFDF1, 0xFDF1, 0xFDF1, 0xFDF0, 0xFDF0, 0xFDF1, 0xFDF1, 0xFDF1, 0xFDF1, 0xFDF1,
    0xFDF1, 0xFDF1, 0xFDF1, 0xFDF1, 0xFDF0, 0xFDF1, 0xFDF1, 0xFDF1, 0xA3D7, 0xA3D7, 0xA3D6, 0xABF7,
    0xB416, 0xBC15, 0xD455, 0xE474, 0xF513, 0xDC94, 0x9B95, 0x9356, 0x8B56, 0x8B76, 0x8376, 0x8376,
    0x8376, 0x8B76, 0x8B76, 0x8B76, 0x8B77, 0x8B77, 0x8B77, 0x8B76, 0x8B76, 0x8B76, 0x8B76, 0x8B76,
    0x8B76, 0x8B76, 0xABF6, 0xBC36, 0xBC36, 0xBC36, 0xBC16, 0xBC16, 0xBC16, 0xBC36, 0xC436, 0xCC36,
    0xDC35, 0xE435, 0xE434, 0xEC74, 0xF4B4, 0xF4F4, 0xFDB4, 0xF5F3, 0xDD13, 0xCCB5, 0xBC36, 0xBC17,
    0xBC36, 0xBC36, 0xBC36, 0xBC36, 0xBC37, 0xBC36, 0xBC16, 0xBC36, 0xBC36, 0xBC36, 0xBC36, 0xC436,
    0xE435, 0xF4D4, 0xFD33, 0xED33, 0xF574, 0xFE55, 0xC496, 0xA3B6, 0xBBF6, 0xC3F6, 0xC3F6, 0xBBF5,
    0xC3F5, 0xC3F6, 0xC416, 0xC416, 0xC3F6, 0xC416, 0xC416, 0xCC16, 0xCC16, 0xD415, 0xCC16, 0xC416,
    0xC416, 0xC416, 0xC3F6, 0xCC36, 0x9B74, 0x196D, 0x19AD, 0x19AD, 0x2A0F, 0x5AD1, 0x93B2, 0xBC14,
    0xCC34, 0xDC35, 0x92F1, 0x622F, 0xB3D4, 0xBBD4, 0xBBB4, 0xCC15, 0xB393, 0x49EF, 0x4250, 0x4291,
    0x52D2, 0x8332, 0xC3D3, 0xED53, 0xDD32, 0xB3B0, 0xCC13, 0xE454, 0xE435, 0xE454, 0xE454, 0xEC54,
    0xEC74, 0xEC74, 0xEC54, 0xEC54, 0xEC54, 0xEC54, 0xE454, 0xE435, 0xD436, 0xD436, 0xD455, 0xDC74,
    0xECB4, 0xE494, 0xDC35, 0xDC35, 0xDC34, 0xE435, 0xE474, 0xEC74, 0xF4D4, 0xF513, 0xFD33, 0xF553,
    0xF573, 0xFDB3, 0xFDB3, 0xFDB3, 0xF572, 0xF571, 0xF571, 0xF551, 0xF532, 0xF512, 0xF512, 0xF532,
    0xF532, 0xF552, 0xF551, 0xF552, 0xF552, 0xF552, 0xF552, 0xF571, 0xF5B1, 0xF5B1, 0xF5B1, 0xFDD1,
    0xFDD1, 0xFDD1, 0xFDD1, 0xFDD1, 0xFDB2, 0xFDD2, 0xFDD1, 0xFDD1, 0xFDF1, 0xFDF1, 0xFDF1, 0xFDD1,
    0xFDF1, 0xF553, 0xF495, 0xF593, 0xFDF1, 0xFDF1, 0xFDF1, 0xFDF0, 0xFDF0, 0xFDF0, 0xFDF0, 0xFDF1,
    0xFDF1, 0xFDF1, 0xFDF1, 0xFDF1, 0xFDF1, 0xFDF1, 0xFDF1, 0xFDF1, 0xFDF1, 0xFDF1, 0xFDF1, 0xFDF1,
    0xFDF1, 0xFDF1, 0xFDF1, 0xFDF1, 0xFDF1, 0xFDF1, 0xFDF1, 0xFDF1, 0xFDF1, 0xFDF1, 0xFDF1, 0xFDF1,
    0xFDF1, 0xFDF1, 0xFDF1, 0xFDF1, 0xFDF1, 0xFDF1, 0xFDF1, 0xFDF1, 0xFDF1, 0xFDF1, 0xFDF1, 0xFDF1,
    0xFDF1, 0xFDF1, 0xFDF1, 0xFDF1, 0xFDF1, 0xFDF1, 0xFDF1, 0xFDF1, 0xFDF1, 0xFDF1, 0xFDF1, 0xFDF1,
    0xFDF1, 0xFDF1, 0xFDF1, 0xFDF1, 0xFDF1, 0xFDD1, 0xFDF1, 0xFDF1, 0xFDF1, 0xFDF1, 0xFDF1, 0xFDF1,
    0xFDF1, 0xFDF1, 0xFDF1, 0xFDF1, 0xFDF1, 0xFDF1, 0xFDF1, 0xFDF1, 0xFDF1, 0xFDF1, 0xFDF1, 0xFDF1,
    0xFDF1, 0xFDF1, 0xFDF1, 0xFDF1, 0xFDF1, 0xFDD2, 0xF592, 0xF4F4, 0xF4F4, 0xF4F5, 0xF534, 0xFD73,
    0xF592, 0xF5B1, 0xFDD1, 0xFDD1, 0xFDF1, 0xFDF1, 0xFDF1, 0xFDF1, 0xFDF1, 0xFDF1, 0xFDF1, 0xFDF1,
    0xFDF1, 0xFDF1, 0xFDF1, 0xFDF1, 0xFDF1, 0xFDF1, 0xFDF1, 0xFDF1, 0xFDF1, 0xFDF1, 0xFDF1, 0xFDF1,
    0xFDF1, 0xF5F1, 0xF5F1, 0xF5F1, 0xF5F1, 0xF5F1, 0xF5F1, 0xFDF1, 0xFDF1, 0xFDF1, 0xFDF1, 0xFDF1,
    0xFDF1, 0xFDF1, 0xFDF1, 0xFDF1, 0xA3D7, 0xA3D7, 0xA3D7, 0xABF7, 0xB417, 0xBC16, 0xCC35, 0xDC75,
    0xF4B4, 0xD453, 0xA394, 0x9376, 0x8B76, 0x8376, 0x8376, 0x8376, 0x8376, 0x8B76, 0x8B76, 0x8B76,
    0x8B77, 0x8B77, 0x8B77, 0x8B76, 0x8B76, 0x8B76, 0x8B76, 0x8B76, 0x8B76, 0x8B56, 0xABF6, 0xBC36,
    0xBC16, 0xBC36, 0xBC16, 0xBC16, 0xBC16, 0xBC36, 0xC436, 0xD456, 0xDC35, 0xE435, 0xE434, 0xEC94,
    0xF4D3, 0xF4B4, 0xF514, 0xED74, 0xFDD4, 0xED54, 0xBC16, 0xBC36, 0xBC36, 0xBC36, 0xBC36, 0xBC36,
    0xBC37, 0xBC36, 0xBC36, 0xBC36, 0xBC36, 0xBC36, 0xBC37, 0xC436, 0xDC35, 0xEC94, 0xF4B3, 0xF514,
    0xF574, 0xFDF4, 0xCC95, 0xB3D5, 0xC416, 0xC436, 0xC435, 0xCC54, 0xC435, 0xC435, 0xC416, 0xC3F6,
    0xC3F6, 0xC3F6, 0xC3F6, 0xC3F5, 0xCBF6, 0xCC15, 0xC415, 0xBC16, 0xC3F6, 0xC3F6, 0xC3F5, 0xCC36,
    0x9374, 0x11AE, 0x19CE, 0x19CE, 0x3250, 0x5AF1, 0x8B93, 0xABD3, 0xBBF3, 0xD455, 0x8AF1, 0x5210,
    0x7B12, 0x7AD1, 0x7271, 0x7AB1, 0x7291, 0x4A30, 0x4A71, 0x42B2, 0x52D2, 0x7B12, 0xB352, 0xE533,
    0xE532, 0xB390, 0xCBF2, 0xE454, 0xE435, 0xE454, 0xE454, 0xEC54, 0xEC74, 0xEC74, 0xEC54, 0xEC54,
    0xEC54, 0xE454, 0xDC55, 0xD435, 0xCC36, 0xCC36, 0xCC36, 0xCC36, 0xD455, 0xDC55, 0xDC36, 0xDC55,
    0xDC56, 0xE455, 0xE454, 0xEC53, 0xF4B3, 0xF4F3, 0xF513, 0xFD54, 0xFD73, 0xFDB3, 0xFDB3, 0xFDB3,
    0xF552, 0xFD32, 0xF572, 0xF551, 0xF532, 0xF512, 0xF512, 0xF532, 0xF532, 0xF552, 0xF551, 0xF552,
    0xF552, 0xF552, 0xF552, 0xF552, 0xFD92, 0xF5B1, 0xFDB1, 0xFDD1, 0xFDD1, 0xFDD1, 0xFDD1, 0xFDD1,
    0xFDB2, 0xFDB2, 0xFDD1, 0xFDD1, 0xFDF1, 0xFDF1, 0xFDF1, 0xFDD1, 0xFDF1, 0xF553, 0xF495, 0xF593,
    0xFDF1, 0xFDF1, 0xFDF1, 0xFDF1, 0xFDF1, 0xFDF1, 0xFDF1, 0xFDF1, 0xFDF1, 0xFDF1, 0xFDF1, 0xFDF1,
    0xFDF1, 0xFDF1, 0xFDF1, 0xFDF1, 0xFDF1, 0xFDF1, 0xFDF1, 0xFDF1, 0xFDF1, 0xFDF1, 0xFDF1, 0xFDF1,
    0xFDF1, 0xFDF1, 0xFDF1, 0xFDF1, 0xFDF1, 0xFDF1, 0xFDF1, 0xFDF1, 0xFDF1, 0xFDF1, 0xFDF1, 0xFDF1,
    0xFDF1, 0xFDF1, 0xFDF1, 0xFDF1, 0xFDF1, 0xFDF1, 0xFDF1, 0xFDF1, 0xFDF1, 0xFDF1, 0xFDF1, 0xFDF1,
    0xFDF1, 0xFDF1, 0xFDF1, 0xFDF1, 0xFDF1, 0xFDF1, 0xFDF1, 0xFDF1, 0xFDF1, 0xFDF1, 0xFDF1, 0xF611,
    0xFE11, 0xFE11, 0xFDF1, 0xFDF1, 0xFDF1, 0xFDF1, 0xFDF1, 0xFDF1, 0xFDF1, 0xFDF1, 0xFDF1, 0xFDF1,
    0xFDF1, 0xFDF1, 0xFDF1, 0xFDF1, 0xFDF1, 0xFDF1, 0xFDF1, 0xFDF1, 0xFDF1, 0xFDF1, 0xFDF1, 0xFDF1,
    0xFDF1, 0xFDD2, 0xF573, 0xF4B4, 0xF4B4, 0xF514, 0xF533, 0xFD53, 0xF592, 0xF5B1, 0xFDD1, 0xFDD1,
    0xFDF1, 0xFDF1, 0xFDF1, 0xFDF1, 0xFDF1, 0xFDF1, 0xFDF1, 0xFDF1, 0xFDF1, 0xFDF1, 0xFDF1, 0xFDF1,
    0xFDF1, 0xFDF1, 0xFDF1, 0xFDF1, 0xFDF1, 0xFDF1, 0xFDF1, 0xFDF1, 0xFDF1, 0xFDF1, 0xFDF1, 0xFDF1,
    0xFDF1, 0xFDF1, 0xFDF1, 0xFDF1, 0xFDF1, 0xFDF1, 0xFDF1, 0xFDF1, 0xFDF1, 0xFDF1, 0xFDF1, 0xFDF1,
    0xA3D7, 0xA3D7, 0xA3D7, 0xA3D7, 0xABF6, 0xB416, 0xBC16, 0xCC55, 0xEC73, 0xECB4, 0xED35, 0xA3D5,
    0x8356, 0x8376, 0x8376, 0x8B76, 0x8B76, 0x8B76, 0x8B76, 0x8B76, 0x8B77, 0x8B76, 0x8B76, 0x8B76,
    0x8B76, 0x8B76, 0x8B76, 0x8B76, 0x8B76, 0x8B75, 0xABD6, 0xC416, 0xBC37, 0xBC36, 0xBC36, 0xBC16,
    0xBC16, 0xBC36, 0xCC36, 0xD456, 0xDC35, 0xE435, 0xE454, 0xED35, 0xFD94, 0xFD54, 0xF554, 0xF533,
    0xF553, 0xE4F4, 0xBC16, 0xBC36, 0xBC36, 0xBC36, 0xBC36, 0xBC36, 0xBC36, 0xBC37, 0xBC37, 0xBC36,
    0xBC36, 0xBC36, 0xBC36, 0xC436, 0xDC35, 0xEC74, 0xF493, 0xFD93, 0xFDB4, 0xED34, 0xF534, 0xF535,
    0xED36, 0xF595, 0xFE35, 0xF634, 0xF5F5, 0xF5F6, 0xD4D6, 0xBBD5, 0xC3F6, 0xC416, 0xC416, 0xC3F6,
    0xC3F6, 0xCC15, 0xC3F5, 0xBC16, 0xC3F6, 0xC3F6, 0xC3F6, 0xCC16, 0x9374, 0x19AE, 0x21CE, 0x21EE,
    0x2A0F, 0x52D1, 0x8393, 0xA3B3, 0xB3D2, 0xD435, 0x82D0, 0x59EE, 0xBC35, 0xD435, 0xDC14, 0xEC35,
    0xC3D4, 0x41CE, 0x4A70, 0x42B2, 0x52D3, 0x7312, 0xA332, 0xE514, 0xE4F2, 0xB36F, 0xCBF3, 0xE455,
    0xDC35, 0xE435, 0xE455, 0xEC54, 0xEC54, 0xEC54, 0xEC54, 0xEC54, 0xEC54, 0xE435, 0xD415, 0xCC16,
    0xCC16, 0xCC16, 0xCC16, 0xCC16, 0xD436, 0xD435, 0xD435, 0xD435, 0xDC35, 0xE435, 0xE454, 0xEC54,
    0xF4B3, 0xF4D3, 0xF4F3, 0xFD33, 0xF573, 0xFDB3, 0xFD93, 0xFD94, 0xF533, 0xF532, 0xF572, 0xF532,
    0xF512, 0xF512, 0xF512, 0xF532, 0xF532, 0xF552, 0xF572, 0xF572, 0xF552, 0xF552, 0xF552, 0xF552,
    0xF572, 0xF591, 0xFDD1, 0xFDD1, 0xFDD1, 0xFDD1, 0xFDD2, 0xFDD2, 0xFDB2, 0xFDD2, 0xF5D1, 0xFDD1,
    0xFDF1, 0xFDF1, 0xFDD0, 0xFDD1, 0xFDF1, 0xF553, 0xEC95, 0xFD73, 0xFDD2, 0xFDB2, 0xFDB2, 0xF5B2,
    0xF592, 0xFD92, 0xFDD1, 0xFDD1, 0xFDD1, 0xFDD1, 0xFDD1, 0xFDF1, 0xFDF1, 0xFDF1, 0xFDF1, 0xFDF1,
    0xFDF1, 0xFDF1, 0xFDF1, 0xFDF1, 0xFDF1, 0xFDF1, 0xFDF1, 0xFDF1, 0xFDF1, 0xFDF1, 0xFDF1, 0xFDF1,
    0xFDF1, 0xFDF1, 0xFDF1, 0xFDF1, 0xFDF1, 0xFDF1, 0xFDF1, 0xFDF1, 0xFDF1, 0xFDF1, 0xFDF1, 0xFDF1,
    0xFDF1, 0xFDF1, 0xFDF1, 0xFDF1, 0xFDF1, 0xFDF1, 0xFDF0, 0xFDF0, 0xF5F0, 0xF5F0, 0xF5F1, 0xF5F1,
    0xFDF1, 0xFDF1, 0xFDF1, 0xFDF1, 0xFDF1, 0xFDF1, 0xFDF1, 0xFE11, 0xFE93, 0xFE73, 0xFE12, 0xFDF1,
    0xFDF1, 0xFDF1, 0xF5F1, 0xFDF1, 0xFDF1, 0xFDF1, 0xFDF1, 0xFDF1, 0xFDF1, 0xFDF1, 0xFDF1, 0xFDF1,
    0xFDF1, 0xFDF1, 0xFDF1, 0xFDF1, 0xFDF1, 0xFDF1, 0xFDF1, 0xFDF1, 0xFDF1, 0xFDD2, 0xF5B3, 0xECB4,
    0xF4B4, 0xFD54, 0xF553, 0xF553, 0xFD92, 0xF5B1, 0xFDD1, 0xFDD1, 0xFDF1, 0xFDD1, 0xFDF1, 0xFDF1,
    0xFDF1, 0xFDF1, 0xFDF1, 0xFDF1, 0xFDF1, 0xFDF1, 0xFDF1, 0xFDF1, 0xFDF1, 0xFDF1, 0xFDF1, 0xFDF1,
    0xFDF1, 0xFDF1, 0xFDF1, 0xFDF1, 0xFDF1, 0xFE11, 0xFDF1, 0xFDF1, 0xFDF1, 0xFDF1, 0xFDF1, 0xFDF1,
    0xFDF1, 0xFDF1, 0xFDF1, 0xFDF1, 0xFDF1, 0xFDF1, 0xFDF1, 0xFDF1, 0xA3D7, 0xA3D7, 0xA3D7, 0xA3D7,
    0xABD7, 0xABD6, 0xB3F6, 0xC436, 0xD414, 0xDC94, 0xF594, 0xABD4, 0x8B55, 0x8376, 0x8376, 0x8B76,
    0x8B76, 0x8376, 0x8376, 0x8B76, 0x8B77, 0x8B76, 0x8376, 0x8B76, 0x8B76, 0x8B76, 0x8B76, 0x8B76,
    0x8B76, 0x8376, 0xABF6, 0xC436, 0xB436, 0xBC36, 0xBC36, 0xBC16, 0xBC36, 0xBC36, 0xCC36, 0xD436,
    0xDC35, 0xE435, 0xE454, 0xEC94, 0xF4B4, 0xF4F4, 0xF4F4, 0xF534, 0xFDB4, 0xED54, 0xD4B6, 0xC455,
    0xBC36, 0xBC36, 0xBC36, 0xBC36, 0xBC36, 0xBC36, 0xBC37, 0xBC16, 0xBC36, 0xBC36, 0xBC36, 0xC436,
    0xDC35, 0xEC74, 0xF494, 0xFD54, 0xFDB4, 0xF5D4, 0xF573, 0xF553, 0xF554, 0xFDB4, 0xFE34, 0xFE53,
    0xFE54, 0xFE54, 0xEDB5, 0xDD35, 0xC416, 0xC3F6, 0xC3F6, 0xC3F6, 0xCBF6, 0xD415, 0xB3F5, 0xA3F6,
    0xBBF6, 0xC3F6, 0xC3F5, 0xABF5, 0x7B53, 0x19CE, 0x21EE, 0x21CD, 0x21EE, 0x4291, 0x6B53, 0xB455,
    0xCC75, 0xD436, 0x82D1, 0x520E, 0x82D1, 0xB393, 0xE414, 0xF454, 0xC3D3, 0x41CE, 0x3A0F, 0x322F,
    0x52B3, 0x7313, 0x9B32, 0xAB71, 0xB391, 0xABB0, 0xCBF3, 0xDC55, 0xDC35, 0xE435, 0xE435, 0xEC54,
    0xEC54, 0xEC54, 0xEC54, 0xE434, 0xEC34, 0xDC35, 0xCC16, 0xCC16, 0xCC16, 0xCC16, 0xCC16, 0xCC36,
    0xD436, 0xD416, 0xD415, 0xD416, 0xDC36, 0xE455, 0xE455, 0xEC54, 0xF4B4, 0xF4D3, 0xF4D3, 0xF514,
    0xF553, 0xFDB3, 0xF573, 0xF534, 0xF513, 0xF513, 0xF552, 0xF532, 0xF512, 0xF512, 0xF512, 0xF532,
    0xF552, 0xF572, 0xFDB2, 0xFE12, 0xFE32, 0xFE12, 0xFE12, 0xFE32, 0xFE33, 0xFE53, 0xFE53, 0xFE73,
    0xFE72, 0xFE52, 0xFE53, 0xFE33, 0xFDD3, 0xFDF3, 0xFE32, 0xFDF1, 0xFDF1, 0xFDF1, 0xFDF1, 0xFDF1,
    0xFE12, 0xF554, 0xEC95, 0xF553, 0xF592, 0xF573, 0xED52, 0xF552, 0xF553, 0xF592, 0xFDD1, 0xFDD1,
    0xFDD1, 0xFDF1, 0xFDF1, 0xFDF1, 0xFDF1, 0xFDF1, 0xFDF1, 0xFDF1, 0xFDF1, 0xFDF1, 0xFDF1, 0xFDF1,
    0xFDF1, 0xFDF1, 0xFDF1, 0xFDF1, 0xFDF1, 0xFDF1, 0xFDF1, 0xFDF1, 0xFDF1, 0xFDF1, 0xFDF1, 0xFDF1,
    0xFDF1, 0xFDF1, 0xFDF1, 0xFDF1, 0xFDF1, 0xFDF1, 0xFDF1, 0xFDF1, 0xFDF1, 0xFDF1, 0xFE32, 0xFE52,
    0xFE72, 0xFE93, 0xFE93, 0xFE93, 0xFE93, 0xFE93, 0xFE93, 0xFE93, 0xFE73, 0xFE73, 0xFE73, 0xFE73,
    0xFE73, 0xFE73, 0xFE93, 0xFE93, 0xFED3, 0xFEB4, 0xFE93, 0xFE12, 0xFE12, 0xFE52, 0xFE72, 0xFE93,
    0xFE93, 0xFE93, 0xFE93, 0xFE93, 0xFE93, 0xFE93, 0xFE93, 0xFE93, 0xFE93, 0xFE93, 0xFE93, 0xFE93,
    0xFE93, 0xFE93, 0xFE93, 0xFE73, 0xFE11, 0xFDF1, 0xFDD2, 0xECB4, 0xF494, 0xF514, 0xF533, 0xF554,
    0xF592, 0xF612, 0xFE73, 0xFE72, 0xFE73, 0xFE52, 0xFE52, 0xFE52, 0xFE52, 0xFE52, 0xFE52, 0xFE52,
    0xFE32, 0xFE32, 0xFE32, 0xFE32, 0xF611, 0xFDF1, 0xFDF1, 0xFDF1, 0xFDF1, 0xFDF1, 0xFDF1, 0xFDF1,
    0xFE11, 0xFE11, 0xFDF1, 0xFDF1, 0xFDF1, 0xFDF1, 0xFDF1, 0xFDF1, 0xFDF1, 0xFDF1, 0xFDF1, 0xFDF1,
    0xFDF1, 0xFE11, 0xFE11, 0xFE11, 0xA3D7, 0xA3D7, 0xA3D7, 0xA3D7, 0xABF7, 0xB417, 0xBC16, 0xBC16,
    0xC416, 0xD475, 0xF574, 0xBBF4, 0x9B94, 0x8376, 0x8B56, 0x8B76, 0x8B76, 0x8376, 0x8376, 0x8B76,
    0x8B77, 0x8B76, 0x8376, 0x8B76, 0x8B76, 0x8B76, 0x8B76, 0x8B76, 0x8B76, 0x9B95, 0xBBF6, 0xCC36,
    0xBC16, 0xC416, 0xCC36, 0xBC36, 0xBC36, 0xBC36, 0xCC36, 0xD436, 0xDC35, 0xE435, 0xEC54, 0xE434,
    0xEC54, 0xF494, 0xF4B4, 0xF4D4, 0xF4F3, 0xF533, 0xF595, 0xCC75, 0xBC16, 0xBC36, 0xBC36, 0xBC36,
    0xBC36, 0xBC36, 0xBC36, 0xC416, 0xC435, 0xCC55, 0xC436, 0xC436, 0xD456, 0xE454, 0xEC74, 0xF494,
    0xF534, 0xFE13, 0xF574, 0xF513, 0xF554, 0xF574, 0xF5B4, 0xFDD3, 0xF634, 0xFE74, 0xFE54, 0xF615,
    0xC435, 0xBC16, 0xC3F6, 0xC3F6, 0xCBF5, 0xD415, 0x9332, 0x72B2, 0xB3F6, 0xBBD6, 0xBBF6, 0x6AB1,
    0x3A2F, 0x19EE, 0x19CE, 0x21CD, 0x21CE, 0x3270, 0x52F2, 0xB495, 0xCC95, 0xCC15, 0x82B0, 0x51ED,
    0xAB93, 0xCBF4, 0xE414, 0xF454, 0xC3D3, 0x41CE, 0x3A2F, 0x322F, 0x4AB2, 0x7312, 0xA330, 0xCC72,
    0xCC71, 0xA390, 0xC3F3, 0xDC35, 0xDC35, 0xDC35, 0xE434, 0xE454, 0xEC54, 0xEC54, 0xE454, 0xE434,
    0xE435, 0xD435, 0xCC16, 0xCC16, 0xCC16, 0xCC16, 0xCC16, 0xCC16, 0xCC16, 0xD435, 0xDC75, 0xDC54,
    0xDC55, 0xDC55, 0xE455, 0xEC55, 0xF4B3, 0xF4D3, 0xFCF3, 0xF533, 0xF553, 0xFDD3, 0xF553, 0xED13,
    0xF4F3, 0xF4F3, 0xF552, 0xF512, 0xF513, 0xF513, 0xFD33, 0xF532, 0xF552, 0xF591, 0xFDD2, 0xFE53,
    0xFE94, 0xFE93, 0xFE93, 0xFE93, 0xFEB3, 0xFEB3, 0xFEB3, 0xFEB3, 0xFEB3, 0xFEB3, 0xFEB3, 0xFE94,
    0xF5D3, 0xFE13, 0xFE53, 0xFE11, 0xFE11, 0xFE11, 0xFE11, 0xF5F1, 0xFE12, 0xF553, 0xEC95, 0xF534,
    0xF593, 0xF5B3, 0xF5B3, 0xF5B3, 0xF593, 0xFDB2, 0xFDF1, 0xFDF1, 0xFDF1, 0xFDF1, 0xFDF1, 0xFDF1,
    0xFDF1, 0xFDF1, 0xFDF1, 0xFDF1, 0xFDF1, 0xFDF1, 0xFDF1, 0xFDF1, 0xFDF1, 0xFDF1, 0xFDF1, 0xFDF1,
    0xFDF1, 0xFDF1, 0xFDF1, 0xFDF1, 0xFDF1, 0xFDF1, 0xFDF1, 0xFDF1, 0xFDF1, 0xFDF1, 0xFDF1, 0xFDF1,
    0xFDF1, 0xFDF1, 0xFDF1, 0xFDF1, 0xFDF1, 0xFDF1, 0xFE32, 0xFE72, 0xFEB3, 0xFED4, 0xFED4, 0xFED4,
    0xFED4, 0xFED4, 0xFED4, 0xFED4, 0xFED4, 0xFED4, 0xFED4, 0xFED4, 0xFED4, 0xFED4, 0xFED4, 0xFED4,
    0xFEB3, 0xFEB3, 0xFED4, 0xFE32, 0xFE12, 0xFE73, 0xFEB3, 0xFED4, 0xFED4, 0xFED4, 0xFED4, 0xFED4,
    0xFED4, 0xFED4, 0xFED4, 0xFED4, 0xFED4, 0xFED4, 0xFED4, 0xFED4, 0xFED4, 0xFED4, 0xFED4, 0xFED4,
    0xFE11, 0xFDF1, 0xFDF1, 0xF4D4, 0xEC74, 0xEC94, 0xF4F4, 0xF553, 0xF5B2, 0xFE32, 0xFEB4, 0xFEB3,
    0xFEB3, 0xFE93, 0xFE93, 0xFE93, 0xFE93, 0xFE93, 0xFE93, 0xFE73, 0xFE72, 0xFE72, 0xFE72, 0xFE72,
    0xF611, 0xFE11, 0xF611, 0xF611, 0xFE11, 0xFE11, 0xFDF1, 0xFDF1, 0xFE11, 0xFE11, 0xFE11, 0xFDF1,
    0xFDF1, 0xFE11, 0xFE11, 0xFDF1, 0xFDF1, 0xFE11, 0xFE11, 0xFDF1, 0xFDF1, 0xFE11, 0xFE11, 0xFE11,
    0xA3D7, 0xA3D7, 0xA3D7, 0xABD7, 0xABD6, 0xBC37, 0xBC36, 0xBC36, 0xBC16, 0xCC75, 0xFD14, 0xC3F4,
    0xA375, 0x8B56, 0x8B56, 0x8B76, 0x8B76, 0x8B76, 0x8B76, 0x8B77, 0x8B77, 0x8B76, 0x8B76, 0x8B76,
    0x8B76, 0x8B76, 0x8B76, 0x8B76, 0x9B96, 0xBBF6, 0xCC16, 0xD456, 0xCC36, 0xCC36, 0xD436, 0xC416,
    0xBC36, 0xBC16, 0xC436, 0xCC36, 0xDC35, 0xE435, 0xE434, 0xE434, 0xE434, 0xEC74, 0xF494, 0xF494,
    0xF473, 0xF514, 0xFDF4, 0xCC74, 0xBC15, 0xBC16, 0xBC17, 0xBC16, 0xBC36, 0xBC16, 0xC416, 0xD435,
    0xD435, 0xDC55, 0xCC36, 0xC436, 0xD456, 0xE455, 0xE454, 0xEC94, 0xF4D4, 0xF573, 0xF513, 0xF4F4,
    0xFD34, 0xF534, 0xF4F4, 0xF574, 0xF5D3, 0xFE13, 0xFE53, 0xF654, 0xC435, 0xBBF5, 0xBBF6, 0xC3F6,
    0xCBF5, 0xDC35, 0x7291, 0x41EF, 0xA3D5, 0xABD5, 0xBBF7, 0x420F, 0x118D, 0x19CE, 0x21CE, 0x29EE,
    0x19CE, 0x2A50, 0x4AF2, 0x93D4, 0xB3F3, 0xCC15, 0x7AD0, 0x5A0D, 0xD435, 0xE435, 0xE434, 0xEC55,
    0xC3B3, 0x41CE, 0x322F, 0x3270, 0x52D2, 0x7313, 0xAB51, 0xED33, 0xE512, 0xA370, 0xC3F3, 0xDC35,
    0xD435, 0xDC35, 0xDC35, 0xE454, 0xEC54, 0xE454, 0xE434, 0xDC34, 0xD416, 0xD416, 0xCC16, 0xCC16,
    0xCC16, 0xCC16, 0xCC16, 0xCC16, 0xCC16, 0xD415, 0xDC54, 0xE454, 0xE474, 0xD435, 0xE455, 0xEC55,
    0xEC94, 0xF4B3, 0xF4F3, 0xF533, 0xF573, 0xFDB3, 0xF592, 0xF573, 0xF513, 0xF513, 0xF533, 0xF4F2,
    0xF4F2, 0xF512, 0xF533, 0xF552, 0xF592, 0xF5B1, 0xFDD1, 0xF612, 0xFE33, 0xFE13, 0xF612, 0xFE12,
    0xFE32, 0xF632, 0xFE53, 0xFE53, 0xFE53, 0xFE53, 0xFE33, 0xFE13, 0xF593, 0xFDB3, 0xFE13, 0xF5F1,
    0xFDF1, 0xFDF1, 0xFDF1, 0xF5F1, 0xFDF1, 0xF534, 0xEC75, 0xF4F4, 0xF553, 0xFDB3, 0xFDD4, 0xFDF4,
    0xFDD3, 0xFDF3, 0xFDF2, 0xFDF1, 0xFDF1, 0xFDF1, 0xFDF1, 0xFDF1, 0xFDF1, 0xFDF1, 0xFDF1, 0xFDF1,
    0xFDF1, 0xFDF1, 0xFDF1, 0xFDF1, 0xFDF1, 0xFDF1, 0xFDF1, 0xFDF1, 0xFDF1, 0xFDF1, 0xFDF1, 0xFDF1,
    0xFDF1, 0xFDF1, 0xFDF1, 0xFDF1, 0xFDF1, 0xFE11, 0xFE11, 0xFE11, 0xFE11, 0xFE11, 0xFE11, 0xFE11,
    0xFE11, 0xFE11, 0xFE32, 0xFE32, 0xFE52, 0xFE72, 0xF672, 0xFE72, 0xFE52, 0xFE52, 0xFE52, 0xFE52,
    0xFE52, 0xFE52, 0xFE52, 0xFE52, 0xFE52, 0xFE52, 0xFE52, 0xFE73, 0xFEB3, 0xFE93, 0xFE52, 0xFE32,
    0xF612, 0xFE52, 0xFE52, 0xFE72, 0xFE72, 0xFE72, 0xFE72, 0xFE73, 0xFE53, 0xFE53, 0xF673, 0xFE73,
    0xF672, 0xF672, 0xFE72, 0xFE72, 0xFE52, 0xFE52, 0xFE52, 0xFE52, 0xFE11, 0xFE11, 0xFE11, 0xF4F3,
    0xF494, 0xEC74, 0xF513, 0xF5B2, 0xF5D1, 0xFE12, 0xF673, 0xF672, 0xFE72, 0xFE52, 0xFE52, 0xFE52,
    0xFE52, 0xFE52, 0xFE52, 0xFE52, 0xFE52, 0xFE32, 0xFE32, 0xFE32, 0xFE11, 0xFE11, 0xF611, 0xF611,
    0xFE11, 0xFE11, 0xFE11, 0xFE11, 0xFE11, 0xFE11, 0xFE11, 0xFE11, 0xFE11, 0xFE11, 0xFE11, 0xFE11,
    0xFE11, 0xFE11, 0xFE11, 0xFE11, 0xFE11, 0xFE11, 0xFE11, 0xFE11, 0xA3D7, 0xA3B6, 0xA3D6, 0xABD7,
    0xABF6, 0xBC16, 0xBC16, 0xBC36, 0xBC17, 0xD456, 0xF4F4, 0xABB5, 0x8B55, 0x8B56, 0x8B56, 0x8B76,
    0x8B76, 0x8B76, 0x8B77, 0x8B77, 0x8B77, 0x8B76, 0x8B76, 0x8B76, 0x8B56, 0x8B76, 0x8B56, 0x8356,
    0x9B96, 0xD436, 0xD436, 0xD436, 0xD456, 0xD455, 0xD436, 0xCC36, 0xC436, 0xBC16, 0xBC16, 0xC416,
    0xDC35, 0xDC35, 0xE435, 0xE435, 0xE435, 0xE434, 0xEC74, 0xF474, 0xF494, 0xF4F4, 0xFD94, 0xD474,
    0xC435, 0xBC36, 0xBC36, 0xBC36, 0xBC36, 0xBC16, 0xC436, 0xDC55, 0xE435, 0xE435, 0xDC35, 0xCC36,
    0xDC35, 0xE455, 0xE434, 0xF494, 0xFCB4, 0xF4D4, 0xF4F4, 0xF514, 0xFD53, 0xF514, 0xEC73, 0xF554,
    0xFDB3, 0xFDB3, 0xFE33, 0xF654, 0xC414, 0xBBF5, 0xBBF6, 0xC3F6, 0xC3F6, 0xDC36, 0x6291, 0x29CE,
    0x9374, 0xA394, 0xBC16, 0x422F, 0x11AE, 0x19AE, 0x21CE, 0x320E, 0x19AE, 0x2A50, 0x4AF3, 0x7B32,
    0x8B52, 0xBC15, 0x7AF1, 0x5A2F, 0xCC14, 0xDC14, 0xE434, 0xEC54, 0xC3B3, 0x41AE, 0x320F, 0x322F,
    0x52D2, 0x7313, 0x9B32, 0xE4D3, 0xE4B2, 0xAB70, 0xCBF3, 0xDC55, 0xDC35, 0xDC35, 0xE454, 0xE454,
    0xE454, 0xE454, 0xD415, 0xCC16, 0xCC16, 0xCC16, 0xCC16, 0xCC16, 0xCC16, 0xCC16, 0xCC16, 0xCC16,
    0xCC16, 0xD416, 0xD415, 0xE455, 0xE455, 0xDC55, 0xE455, 0xEC55, 0xEC54, 0xF4B3, 0xFCF3, 0xFD33,
    0xFD73, 0xF593, 0xFDB3, 0xFDB3, 0xF573, 0xF553, 0xF513, 0xF4F3, 0xF4F3, 0xFD13, 0xF512, 0xF532,
    0xFD92, 0xF5B1, 0xFDD1, 0xFDD1, 0xF592, 0xF572, 0xF572, 0xF571, 0xF591, 0xF5B1, 0xFDD1, 0xFDD1,
    0xFDF1, 0xFDD1, 0xFDB1, 0xFD92, 0xFD54, 0xFD73, 0xF5D2, 0xFDF1, 0xFDF1, 0xFDF1, 0xFDF1, 0xF5F1,
    0xFDF2, 0xF534, 0xF475, 0xF495, 0xF4D4, 0xF573, 0xFDB4, 0xFDD4, 0xFDF4, 0xFDF4, 0xFDF3, 0xFDF2,
    0xFDF2, 0xFDF1, 0xFDF1, 0xFE11, 0xF5F1, 0xFDF1, 0xFDF1, 0xFDF1, 0xFDF1, 0xFDF1, 0xFDF1, 0xFDF1,
    0xFDF1, 0xFDF1, 0xFDF1, 0xFDF1, 0xFDF1, 0xFDF1, 0xFDF1, 0xFDF1, 0xFDF1, 0xFDF1, 0xFDF1, 0xFDF1,
    0xFDF1, 0xFE11, 0xFE11, 0xFE11, 0xFE11, 0xFE11, 0xFE11, 0xFE11, 0xFE11, 0xF611, 0xF611, 0xFE11,
    0xFDF1, 0xFDF1, 0xFDF1, 0xFDF1, 0xFDF1, 0xFDF1, 0xFDF1, 0xFDF1, 0xFDF1, 0xFDF1, 0xFDF1, 0xFDF1,
    0xFDF1, 0xFDF1, 0xFE11, 0xF612, 0xFE73, 0xFE52, 0xF611, 0xFE12, 0xF611, 0xFDF1, 0xFE12, 0xFDF1,
    0xF5F1, 0xFDF1, 0xFDF1, 0xFDF1, 0xFDF1, 0xFDF1, 0xFDF1, 0xFDF1, 0xF5F1, 0xF5F1, 0xFE11, 0xFE11,
    0xFDF1, 0xFDF1, 0xFDF1, 0xFDF1, 0xFE11, 0xFE11, 0xFE11, 0xF513, 0xF4F3, 0xF533, 0xF592, 0xFDF1,
    0xF5F1, 0xFE12, 0xF612, 0xFDF1, 0xFDF1, 0xFDF1, 0xFDF1, 0xFDF1, 0xFDF1, 0xFDF1, 0xFDF1, 0xFE11,
    0xFE11, 0xFE11, 0xFE11, 0xFE11, 0xFDF1, 0xFDF1, 0xF611, 0xF611, 0xFE11, 0xFE11, 0xFE11, 0xFE11,
    0xFE11, 0xFE11, 0xFE11, 0xFE11, 0xFE11, 0xFE11, 0xFE11, 0xFE11, 0xFE11, 0xFE11, 0xFE11, 0xFE11,
    0xFE11, 0xFE11, 0xFE11, 0xFE11, 0xA3D7, 0xA3B6, 0x9B95, 0xABD7, 0xB3F7, 0xB416, 0xBC16, 0xBC16,
    0xBC17, 0xC436, 0xDC94, 0x9BB6, 0x8356, 0x8B56, 0x8B57, 0x8B76, 0x8B76, 0x8B76, 0x8B77, 0x8B77,
    0x8B77, 0x8B76, 0x8B76, 0x8B76, 0x8356, 0x8B76, 0x9B95, 0x9375, 0xA395, 0xD436, 0xD435, 0xD435,
    0xD435, 0xD435, 0xD435, 0xD436, 0xCC36, 0xBC16, 0xBC16, 0xC416, 0xDC36, 0xDC35, 0xDC35, 0xE435,
    0xE455, 0xE455, 0xEC54, 0xEC54, 0xF494, 0xF4D3, 0xF4F3, 0xE4B4, 0xCC94, 0xBC36, 0xBC36, 0xBC36,
    0xBC36, 0xBC36, 0xC435, 0xE435, 0xE435, 0xE435, 0xE435, 0xDC35, 0xE435, 0xE454, 0xE434, 0xF494,
    0xF4B4, 0xF4B4, 0xF534, 0xFD74, 0xFDB2, 0xF553, 0xECD3, 0xF534, 0xFD74, 0xFDB4, 0xFE33, 0xF653,
    0xBC14, 0xBBF5, 0xBBF6, 0xBBF6, 0xC3F6, 0xDC36, 0x6291, 0x21EF, 0x93D5, 0xA3D5, 0xB3F6, 0x3A4F,
    0x11AD, 0x11AD, 0x29EE, 0x3A4F, 0x19CE, 0x2A30, 0x42D3, 0x6B12, 0x7B33, 0xABF4, 0x6AD1, 0x520F,
    0xCBF4, 0xDC14, 0xE414, 0xEC54, 0xC3B3, 0x41CE, 0x3A0F, 0x320F, 0x52D2, 0x62F2, 0x72B0, 0xD494,
    0xE493, 0xAB70, 0xD432, 0xECB4, 0xE454, 0xE454, 0xE494, 0xE474, 0xE454, 0xDC34, 0xCC15, 0xC436,
    0xC436, 0xCC36, 0xCC36, 0xCC16, 0xCC16, 0xCC16, 0xCC16, 0xCC16, 0xCC16, 0xD436, 0xD435, 0xD415,
    0xDC15, 0xE455, 0xE475, 0xEC54, 0xEC55, 0xF4B4, 0xFD13, 0xFD33, 0xFD74, 0xF573, 0xF5B3, 0xF5D3,
    0xF5F3, 0xF593, 0xF513, 0xF4F3, 0xF513, 0xFD33, 0xF533, 0xF552, 0xF592, 0xF5B1, 0xFDD1, 0xFDB2,
    0xF592, 0xF572, 0xFD72, 0xFD72, 0xF592, 0xF5D1, 0xFDF1, 0xFDF1, 0xFDF1, 0xFDF1, 0xFDD1, 0xFD92,
    0xF533, 0xF573, 0xF5B2, 0xFDD1, 0xFDF1, 0xFDF1, 0xFDF1, 0xF5F1, 0xFDF1, 0xF534, 0xEC95, 0xEC94,
    0xF4D4, 0xFD54, 0xFD94, 0xFDB4, 0xFDD4, 0xFDF4, 0xFDF4, 0xFDF2, 0xFDF2, 0xFDF2, 0xFDF3, 0xFE13,
    0xF5F3, 0xFDF2, 0xFDF1, 0xFDF1, 0xFDF1, 0xFDF1, 0xFDF1, 0xFDF1, 0xFDF1, 0xFDF1, 0xFDF1, 0xFDF1,
    0xFDF1, 0xFDF1, 0xFDF1, 0xFDF1, 0xFDF1, 0xFDF1, 0xFDF1, 0xFDF1, 0xFDF1, 0xFE11, 0xFE11, 0xFE11,
    0xFE11, 0xFE11, 0xFE11, 0xFE11, 0xFE11, 0xFE11, 0xF611, 0xF5F1, 0xFE11, 0xFE11, 0xFE11, 0xFE11,
    0xF611, 0xF611, 0xF611, 0xF611, 0xFE12, 0xFE12, 0xFE11, 0xFE11, 0xFE11, 0xFE11, 0xFDF1, 0xFE12,
    0xF611, 0xF611, 0xFE11, 0xF612, 0xF611, 0xFDF1, 0xFE12, 0xFE11, 0xFE11, 0xF611, 0xF611, 0xFE11,
    0xFE11, 0xFE11, 0xFE11, 0xFE11, 0xFE11, 0xFE11, 0xFE12, 0xFE12, 0xFE11, 0xF611, 0xFE11, 0xFE11,
    0xFE11, 0xFE11, 0xFE11, 0xF532, 0xF552, 0xFE12, 0xFDF1, 0xFDF1, 0xFE11, 0xF5F1, 0xFDF1, 0xFE11,
    0xFE11, 0xFE11, 0xFE11, 0xFE11, 0xFE11, 0xFE11, 0xFE11, 0xFE11, 0xFE11, 0xFDF1, 0xFDF1, 0xFDF1,
    0xFDF1, 0xFDF1, 0xF611, 0xF611, 0xFE11, 0xFE11, 0xFE11, 0xFE11, 0xFE11, 0xFE11, 0xFE11, 0xFE11,
    0xFE11, 0xFE11, 0xFE11, 0xFE11, 0xFE11, 0xFE11, 0xFE11, 0xFE11, 0xFE11, 0xFE11, 0xFE11, 0xFE11,
    0xA3D7, 0xA3D7, 0xABD6, 0xABD7, 0xABF7, 0xB416, 0xBC16, 0xBC16, 0xBC36, 0xABF6, 0x8B76, 0x9376,
    0x8B76, 0x8B76, 0x8B56, 0x8B76, 0x8376, 0x8B56, 0x8B56, 0x8B76, 0x8B77, 0x8B56, 0x8B56, 0x8B56,
    0x8356, 0xABD6, 0xD436, 0xCC36, 0xD436, 0xD436, 0xD436, 0xD436, 0xD436, 0xDC36, 0xDC35, 0xD435,
    0xCC36, 0xBC16, 0xBC17, 0xBC36, 0xCC56, 0xD435, 0xDC35, 0xDC55, 0xE435, 0xE435, 0xE434, 0xEC54,
    0xF494, 0xF493, 0xF4D3, 0xF575, 0xED35, 0xC433, 0xBC35, 0xBC36, 0xBC36, 0xC415, 0xCC15, 0xDC35,
    0xE455, 0xE434, 0xE434, 0xE435, 0xEC35, 0xEC54, 0xEC34, 0xF474, 0xF494, 0xF4B4, 0xF4D3, 0xF513,
    0xFD73, 0xFDB3, 0xFDD3, 0xED13, 0xF534, 0xFDD4, 0xFE34, 0xF654, 0xC433, 0xBBF5, 0xBC15, 0xBBF6,
    0xC3F6, 0xD455, 0x5A91, 0x2A0F, 0xB4B8, 0xAC57, 0x9395, 0x322F, 0x11AD, 0x118D, 0x3A4F, 0x5AF1,
    0x2A2F, 0x3271, 0x42D2, 0x5B33, 0x6B33, 0xA3B2, 0x628F, 0x4A0E, 0xCBF4, 0xDC14, 0xDC14, 0xE455,
    0xBBD3, 0x41CE, 0x4A71, 0x4AB2, 0x5AD2, 0x52D1, 0x522F, 0xCC74, 0xE494, 0xB390, 0xDC52, 0xF4B4,
    0xEC93, 0xEC93, 0xF4D3, 0xF4B4, 0xEC74, 0xD435, 0xCC16, 0xC416, 0xCC16, 0xCC16, 0xCC16, 0xCC16,
    0xCC16, 0xCC16, 0xCC16, 0xCC36, 0xCC36, 0xD436, 0xDC56, 0xDC35, 0xE454, 0xECB5, 0xEC94, 0xEC74,
    0xEC34, 0xF494, 0xFCF3, 0xF4F3, 0xF533, 0xFD74, 0xFD93, 0xFDD3, 0xF5D2, 0xF593, 0xF512, 0xF4F3,
    0xF513, 0xF532, 0xF552, 0xF552, 0xF571, 0xF5B1, 0xF5D1, 0xF5B1, 0xF572, 0xF572, 0xFD72, 0xFD92,
    0xFDD2, 0xFDD2, 0xF5F1, 0xFDF1, 0xFDF1, 0xFDF1, 0xFDD2, 0xF592, 0xFD54, 0xFD73, 0xFDB2, 0xFDD2,
    0xFDF1, 0xFDF1, 0xFDF1, 0xFDF2, 0xFDF1, 0xF534, 0xEC95, 0xEC95, 0xECD4, 0xF534, 0xF533, 0xF554,
    0xFDB5, 0xFDD4, 0xF614, 0xFDD3, 0xFDD3, 0xFDF4, 0xFDF5, 0xF5F5, 0xFDF5, 0xFE13, 0xFDF2, 0xFDF1,
    0xFDF1, 0xFDF1, 0xFDF1, 0xFDF1, 0xFDF1, 0xFDF1, 0xFDF1, 0xFDF1, 0xFDF1, 0xFDF1, 0xF5F1, 0xF5F2,
    0xFE13, 0xF612, 0xF5F2, 0xF5F0, 0xFDF1, 0xFDF1, 0xFDF1, 0xFE11, 0xFE11, 0xFE11, 0xFE11, 0xFE11,
    0xFDF1, 0xFE11, 0xFE11, 0xFE11, 0xFDF1, 0xFE11, 0xFE11, 0xFE11, 0xFE11, 0xFE11, 0xFE11, 0xFE11,
    0xFE11, 0xFE11, 0xFE11, 0xFE11, 0xFE11, 0xFE11, 0xFE11, 0xFE11, 0xFE11, 0xFE11, 0xFE11, 0xFE11,
    0xFE11, 0xFE11, 0xFE11, 0xFE11, 0xFE11, 0xFE11, 0xFDF1, 0xFE11, 0xFE11, 0xFE11, 0xFE11, 0xFE11,
    0xFE11, 0xFE11, 0xFE11, 0xFE11, 0xFE11, 0xFE11, 0xFE11, 0xFE11, 0xFE11, 0xFE11, 0xFE11, 0xF572,
    0xF592, 0xFE11, 0xFDF1, 0xFDF1, 0xFDF1, 0xFE11, 0xFE11, 0xFE11, 0xFE11, 0xFE11, 0xFE11, 0xFE11,
    0xFE11, 0xFE11, 0xFE11, 0xFE11, 0xFE11, 0xFE11, 0xFDF1, 0xFDF1, 0xFE11, 0xFE11, 0xFE11, 0xFE11,
    0xFE11, 0xFE11, 0xFE11, 0xFE11, 0xFE11, 0xFE11, 0xFE11, 0xFE11, 0xFE11, 0xFE11, 0xFE11, 0xFE11,
    0xFE11, 0xFE11, 0xFE11, 0xFE11, 0xFE11, 0xFE11, 0xFE12, 0xFE11, 0xA3D7, 0xA3D7, 0xABD7, 0xABB7,
    0xABD7, 0xB3F6, 0xBC16, 0xBC16, 0xBC16, 0xA3D6, 0x8336, 0x8B35, 0x8B35, 0x8B35, 0x8336, 0x7B55,
    0x8376, 0x8B56, 0x8B56, 0x8B76, 0x8B77, 0x8B56, 0x8B56, 0x8B76, 0xA3B7, 0xBBF6, 0xD456, 0xD436,
    0xD436, 0xD436, 0xD436, 0xD436, 0xD436, 0xDC36, 0xD435, 0xCC15, 0xC416, 0xBC36, 0xBC17, 0xBC36,
    0xBC36, 0xCC36, 0xDC55, 0xDC55, 0xE435, 0xE435, 0xE434, 0xEC54, 0xF493, 0xF494, 0xF494, 0xF4B4,
    0xF514, 0xF5D5, 0xDCF6, 0xBBF6, 0xDC36, 0xDC35, 0xDC34, 0xE434, 0xE434, 0xE434, 0xE434, 0xE434,
    0xEC35, 0xEC54, 0xEC34, 0xF474, 0xF4B4, 0xF494, 0xFCB4, 0xFCB4, 0xF4D3, 0xF533, 0xFDD3, 0xF533,
    0xF534, 0xF573, 0xF5F3, 0xFE74, 0xFE35, 0xDD34, 0xBC33, 0xBC15, 0xBBF5, 0xC497, 0x52B1, 0x21EE,
    0xAC77, 0x8394, 0x39EE, 0x21CD, 0x11CE, 0x19CF, 0x2A0F, 0x4A70, 0x31ED, 0x3230, 0x3AB2, 0x4AF2,
    0x6333, 0xCCD7, 0x7331, 0x422F, 0xC414, 0xD414, 0xD3F4, 0xE434, 0xBBB3, 0x39CD, 0x4250, 0x4291,
    0x52D2, 0x6312, 0x7AF1, 0xD473, 0xDC73, 0xB370, 0xD412, 0xF493, 0xEC93, 0xF4B3, 0xF4D3, 0xF4D3,
    0xEC93, 0xCC15, 0xCC16, 0xC416, 0xCC16, 0xCC16, 0xCC16, 0xCC16, 0xCC16, 0xCC16, 0xCC16, 0xCC16,
    0xCC16, 0xCC16, 0xD416, 0xE435, 0xE455, 0xE474, 0xECB4, 0xF4B5, 0xEC54, 0xF493, 0xFCD3, 0xF4F3,
    0xF513, 0xFD74, 0xFDB3, 0xFDD3, 0xF5D2, 0xF593, 0xF512, 0xF4F3, 0xF513, 0xF552, 0xF532, 0xF532,
    0xF552, 0xF591, 0xF5D1, 0xF5B1, 0xF572, 0xF552, 0xFD72, 0xFD92, 0xF5F2, 0xFDF2, 0xFDF2, 0xFDF1,
    0xFDF1, 0xFDF1, 0xFDD2, 0xF592, 0xFD54, 0xFD73, 0xFDB2, 0xFDD2, 0xFDF1, 0xFDF1, 0xFDF1, 0xFDF2,
    0xFDF1, 0xF534, 0xEC95, 0xEC95, 0xECB4, 0xF534, 0xF534, 0xF534, 0xF534, 0xF594, 0xFDF4, 0xFD74,
    0xFD54, 0xF555, 0xFDB5, 0xFE15, 0xFE15, 0xFDF3, 0xFDF2, 0xFDF2, 0xFDF1, 0xFDF1, 0xFDF1, 0xFDF1,
    0xFDF1, 0xFDF1, 0xFDF1, 0xFDF1, 0xFDF1, 0xFDF1, 0xFE13, 0xFE14, 0xFDF4, 0xFE15, 0xFE14, 0xFDF2,
    0xFDF1, 0xFDF1, 0xFDF1, 0xFE11, 0xFE11, 0xFE11, 0xFE11, 0xFE11, 0xFDF1, 0xFE11, 0xFE11, 0xFE11,
    0xFDF1, 0xFE11, 0xFE11, 0xFE11, 0xFE11, 0xFE11, 0xFE11, 0xFE11, 0xFE11, 0xFE11, 0xFE11, 0xFE11,
    0xFE11, 0xFE11, 0xFE11, 0xFE11, 0xFE11, 0xFE11, 0xFE11, 0xFE11, 0xFE11, 0xFE11, 0xFE11, 0xFE11,
    0xFE11, 0xFE11, 0xFE11, 0xFE11, 0xFE11, 0xFE11, 0xFE11, 0xFE11, 0xFE11, 0xFE11, 0xFE11, 0xFE11,
    0xFE11, 0xFE11, 0xFE11, 0xFE11, 0xFE11, 0xFE11, 0xFE11, 0xFDF3, 0xFDF2, 0xFDF2, 0xFDF1, 0xFDF1,
    0xFDF1, 0xFE11, 0xFE11, 0xFE11, 0xFE11, 0xFE11, 0xFE11, 0xFE11, 0xFE11, 0xFE11, 0xFE11, 0xFE11,
    0xFE11, 0xFE11, 0xFDF1, 0xFDF1, 0xFE11, 0xFE11, 0xFE11, 0xFE11, 0xFE11, 0xFE11, 0xFE11, 0xFE11,
    0xFE11, 0xFE11, 0xFE11, 0xFE11, 0xFE11, 0xFE11, 0xFE11, 0xFE11, 0xFE11, 0xFE11, 0xFE11, 0xFE11,
    0xFE11, 0xFE11, 0xFE11, 0xFE31, 0xABD7, 0xABD7, 0xABB7, 0xA3B6, 0xA3B6, 0xB3F7, 0xBC16, 0xBC16,
    0xBC16, 0xBBF6, 0xB3D6, 0xBBD5, 0xC3D4, 0xBBB5, 0xB3D5, 0xABF6, 0x8B75, 0x8356, 0x8B56, 0x8B76,
    0x8B76, 0x8B56, 0x8356, 0x9375, 0xBBF6, 0xCC16, 0xD436, 0xD436, 0xD436, 0xD436, 0xD436, 0xD436,
    0xD436, 0xDC36, 0xD436, 0xCC16, 0xC416, 0xBC36, 0xBC16, 0xBC37, 0xBC37, 0xC436, 0xDC55, 0xDC35,
    0xE435, 0xE435, 0xE434, 0xE454, 0xF493, 0xF494, 0xF4B4, 0xF494, 0xF4D4, 0xFDD4, 0xDCD5, 0xC3F5,
    0xE435, 0xE434, 0xE434, 0xE434, 0xE434, 0xE434, 0xE434, 0xE435, 0xE434, 0xE454, 0xEC34, 0xEC54,
    0xF474, 0xF474, 0xF494, 0xFCB4, 0xF493, 0xF513, 0xFDD4, 0xF553, 0xFD35, 0xF554, 0xF5F4, 0xFE74,
    0xFE74, 0xEDF4, 0xDD74, 0xC455, 0xA375, 0x7AD2, 0x3A0F, 0x2A0F, 0xBC99, 0x7B94, 0x19AD, 0x2A2E,
    0x222F, 0x19EE, 0x3A70, 0x5AD2, 0x7B72, 0x52F1, 0x220F, 0x42B1, 0x62F2, 0xBCB7, 0x6352, 0x3A4F,
    0xB414, 0xCC14, 0xD3F4, 0xE434, 0xBB93, 0x39CD, 0x3A2F, 0x3250, 0x52D2, 0x6AF2, 0x8331, 0xCC73,
    0xDC72, 0xB36F, 0xD412, 0xF493, 0xEC73, 0xECB3, 0xF4D3, 0xF4D3, 0xECD3, 0xCC15, 0xCC16, 0xC416,
    0xCC16, 0xCC16, 0xCC16, 0xCC16, 0xCC16, 0xCC16, 0xCC16, 0xCC16, 0xCC16, 0xCC16, 0xCC16, 0xDC35,
    0xE435, 0xE455, 0xEC94, 0xEC94, 0xEC54, 0xF493, 0xF4D3, 0xF4D3, 0xF513, 0xFD73, 0xFDB3, 0xF5D3,
    0xF5D2, 0xF593, 0xF512, 0xF4F3, 0xF513, 0xF552, 0xF532, 0xF532, 0xF552, 0xFD72, 0xFDB2, 0xF591,
    0xF552, 0xF552, 0xF572, 0xF592, 0xFE12, 0xFDF2, 0xFDF2, 0xFDF1, 0xFDF1, 0xFDF1, 0xFDD2, 0xF592,
    0xFD54, 0xFD73, 0xFDB2, 0xFDD2, 0xFDF1, 0xFDF1, 0xFDF1, 0xFDF2, 0xFDF1, 0xF534, 0xEC95, 0xEC95,
    0xECB4, 0xF534, 0xF534, 0xF534, 0xFD14, 0xF574, 0xFDF5, 0xF534, 0xF514, 0xF535, 0xF554, 0xF5B4,
    0xFDF5, 0xFDF4, 0xFDF2, 0xFDF2, 0xFDF1, 0xFDF1, 0xFDF1, 0xFDF1, 0xFDF1, 0xFDF1, 0xFDF1, 0xFDF1,
    0xFDF1, 0xFE11, 0xFDD3, 0xF594, 0xFDF5, 0xFDF5, 0xFE15, 0xFDF3, 0xFDF2, 0xFDF1, 0xFE11, 0xFE11,
    0xFE11, 0xFE11, 0xFE11, 0xFE11, 0xFDF1, 0xFE11, 0xFE11, 0xFE11, 0xFDF1, 0xFE11, 0xFE11, 0xFE11,
    0xFE11, 0xFE11, 0xFE11, 0xFE11, 0xFE11, 0xFE11, 0xFE11, 0xFE11, 0xFE11, 0xFE11, 0xFE11, 0xFE11,
    0xFE11, 0xFE11, 0xFE11, 0xFE11, 0xFE11, 0xFE11, 0xFE11, 0xFE11, 0xFE11, 0xFE11, 0xFE11, 0xFE11,
    0xFE11, 0xFE11, 0xFE11, 0xFE11, 0xFE11, 0xFE11, 0xFE11, 0xFE11, 0xFE11, 0xFE11, 0xFE11, 0xFE11,
    0xFE11, 0xFE11, 0xFE11, 0xFE12, 0xFDF2, 0xFDF2, 0xFDF1, 0xFDF1, 0xFDF1, 0xFE11, 0xFE11, 0xFE11,
    0xFE11, 0xFE11, 0xFE11, 0xFE11, 0xFE11, 0xFE11, 0xFE11, 0xFE11, 0xFE11, 0xFE11, 0xFDF1, 0xFDF1,
    0xFE11, 0xFE11, 0xFE11, 0xFE11, 0xFE11, 0xFE11, 0xFE11, 0xFE11, 0xFE11, 0xFE11, 0xFE11, 0xFE11,
    0xFE11, 0xFE11, 0xFE11, 0xFE11, 0xFE11, 0xFE11, 0xFE11, 0xFE11, 0xFE11, 0xFE32, 0xF593, 0xE534,
    0xA3D7, 0xA3D7, 0xA3D7, 0x9BB6, 0x9BB7, 0xABF7, 0xB417, 0xBC16, 0xBBF6, 0xCC36, 0xE476, 0xF475,
    0xFC74, 0xF494, 0xF494, 0xE496, 0x9B75, 0x8B56, 0x8B56, 0x8B76, 0x8B76, 0x8B76, 0x8356, 0x8B76,
    0xCC36, 0xD436, 0xD436, 0xD436, 0xD436, 0xD436, 0xD436, 0xD436, 0xD435, 0xD436, 0xCC36, 0xC436,
    0xBC16, 0xBC16, 0xBC16, 0xBC36, 0xC436, 0xCC36, 0xDC36, 0xDC35, 0xDC35, 0xE435, 0xE455, 0xE455,
    0xF474, 0xF474, 0xF493, 0xF493, 0xF4B3, 0xF513, 0xE4F3, 0xDCB4, 0xE455, 0xEC35, 0xE434, 0xE434,
    0xE434, 0xE434, 0xE434, 0xEC15, 0xE434, 0xEC34, 0xE434, 0xEC34, 0xEC34, 0xEC54, 0xF494, 0xFCB4,
    0xF494, 0xF4D3, 0xFD54, 0xF533, 0xF514, 0xF514, 0xF594, 0xFE14, 0xFE53, 0xFE74, 0xFE94, 0xDD55,
    0xABF3, 0x296D, 0x218E, 0x29EF, 0x8395, 0x5B12, 0x11CD, 0x2A6F, 0x2A6F, 0x19CE, 0x4290, 0x6B52,
    0x9456, 0x6B73, 0x320F, 0x4270, 0x4A91, 0x7373, 0x42D1, 0x3250, 0x9C14, 0xBC14, 0xDBF4, 0xE414,
    0xB393, 0x39CE, 0x29EE, 0x220F, 0x4AB2, 0x6AF1, 0x7B11, 0xCC73, 0xD452, 0xA34F, 0xCBF2, 0xEC73,
    0xE452, 0xEC93, 0xF4B4, 0xF4F3, 0xECD3, 0xDC55, 0xCC15, 0xC416, 0xC416, 0xCC16, 0xCC16, 0xCC16,
    0xCC16, 0xCC16, 0xCC16, 0xCC16, 0xCC16, 0xCC36, 0xCC36, 0xDC36, 0xDC35, 0xE455, 0xEC74, 0xEC74,
    0xEC54, 0xEC74, 0xF4B4, 0xF4B3, 0xF4F3, 0xFD53, 0xFD93, 0xFDD3, 0xFDF2, 0xF593, 0xF513, 0xF4F3,
    0xF513, 0xF532, 0xF533, 0xFD53, 0xFD32, 0xFD52, 0xF5B1, 0xF572, 0xF533, 0xF513, 0xF533, 0xFD53,
    0xFDB3, 0xFDD3, 0xFE12, 0xFDF1, 0xFDF1, 0xFE11, 0xFDD2, 0xFD93, 0xF534, 0xFD53, 0xF5B3, 0xFDD2,
    0xFDF1, 0xFDF1, 0xFDF2, 0xFDF2, 0xFDF2, 0xF534, 0xF475, 0xEC95, 0xECB4, 0xFD54, 0xF533, 0xF533,
    0xF4F4, 0xF534, 0xF595, 0xECD4, 0xF4B4, 0xF4F4, 0xF4F4, 0xF534, 0xFDF5, 0xF614, 0xF613, 0xFDF2,
    0xFDF2, 0xFDF2, 0xFDF1, 0xFDF1, 0xFDF1, 0xFDF1, 0xFDF1, 0xFDF1, 0xFDF2, 0xFDB2, 0xF553, 0xED14,
    0xF595, 0xFDD5, 0xFDF5, 0xFE14, 0xF613, 0xF612, 0xF612, 0xF612, 0xFE12, 0xFE11, 0xFDF2, 0xF611,
    0xF611, 0xFE11, 0xFE11, 0xFE11, 0xFE11, 0xFE11, 0xFE11, 0xFE11, 0xFE11, 0xFE11, 0xFE12, 0xFE12,
    0xFE12, 0xFE12, 0xFE12, 0xFE12, 0xFE12, 0xFE12, 0xFE12, 0xFE12, 0xFE12, 0xFE12, 0xFE12, 0xFE32,
    0xFE32, 0xFE32, 0xFE32, 0xFE32, 0xFE32, 0xFE12, 0xFE12, 0xFE11, 0xFE11, 0xFDF2, 0xFE12, 0xFE12,
    0xFE11, 0xFE11, 0xFE32, 0xFE32, 0xFE32, 0xFE32, 0xFE32, 0xFE32, 0xFE31, 0xFE31, 0xFE11, 0xFDF2,
    0xFE12, 0xF611, 0xFE11, 0xFE12, 0xFE12, 0xFE12, 0xFE12, 0xFE12, 0xFE12, 0xFE12, 0xFE12, 0xFE11,
    0xFE11, 0xFE11, 0xFE11, 0xFE11, 0xFE11, 0xFE11, 0xFE11, 0xFE11, 0xFE11, 0xFE11, 0xFE11, 0xFE11,
    0xFE11, 0xFE11, 0xFE11, 0xFE11, 0xFE11, 0xF611, 0xF611, 0xF611, 0xFE11, 0xFE11, 0xFE11, 0xFDF1,
    0xFDF1, 0xFE11, 0xFE11, 0xFE11, 0xF5D1, 0xED93, 0xDCF4, 0xCC36, 0xA3D7, 0xA3B6, 0x9BB7, 0x9BB6,
    0xA3D6, 0xABB6, 0xB3F6, 0xB417, 0xC3F5, 0xCC15, 0xE434, 0xE434, 0xEC54, 0xF473, 0xF473, 0xEC74,
    0xCBD3, 0xA395, 0x8B56, 0x8356, 0x8376, 0x8B56, 0x8356, 0x8B75, 0xCC36, 0xD436, 0xD436, 0xD436,
    0xD436, 0xD436, 0xD436, 0xD436, 0xD436, 0xCC36, 0xBC16, 0xBC36, 0xBC36, 0xBC16, 0xBC17, 0xBC16,
    0xCC36, 0xD436, 0xDC35, 0xDC35, 0xDC35, 0xDC35, 0xDC56, 0xDC55, 0xDC55, 0xE455, 0xF474, 0xF494,
    0xF493, 0xF493, 0xF554, 0xFDD5, 0xE474, 0xE435, 0xE434, 0xE434, 0xE434, 0xE434, 0xE434, 0xDC14,
    0xE434, 0xE434, 0xE434, 0xE434, 0xE434, 0xE434, 0xEC73, 0xF494, 0xF475, 0xF494, 0xF4B3, 0xECB3,
    0xECD3, 0xF513, 0xF533, 0xF574, 0xFE14, 0xFE53, 0xF653, 0xFE95, 0xD595, 0x29EE, 0x2A0F, 0x220F,
    0x29EF, 0x220F, 0x21EE, 0x220E, 0x2A2F, 0x3A70, 0x4AB0, 0x62F0, 0x6AF0, 0x6B32, 0x6374, 0x3A70,
    0x3230, 0x320E, 0x326F, 0x42D1, 0xA495, 0xC454, 0xD3F4, 0xE415, 0xB393, 0x39CF, 0x29EF, 0x21EF,
    0x4AB2, 0x62F1, 0x7AF1, 0xCC52, 0xD432, 0x930F, 0xC3F2, 0xECB3, 0xE453, 0xEC73, 0xF493, 0xF4D4,
    0xF4D3, 0xF4F4, 0xD455, 0xCBF5, 0xCC16, 0xCBF6, 0xCC16, 0xCC16, 0xCC16, 0xCC16, 0xCC16, 0xCC16,
    0xCC16, 0xCC36, 0xCC36, 0xD416, 0xD415, 0xE435, 0xE454, 0xEC74, 0xEC74, 0xEC74, 0xEC94, 0xF494,
    0xF4D4, 0xF534, 0xFD74, 0xFD93, 0xF5B3, 0xFD73, 0xF513, 0xF4F3, 0xF4F3, 0xF513, 0xF533, 0xF533,
    0xF552, 0xF552, 0xF551, 0xF553, 0xF513, 0xE494, 0xF4F4, 0xFD34, 0xF533, 0xF573, 0xFDD3, 0xFDF1,
    0xFDF1, 0xFDF1, 0xFDD2, 0xFD93, 0xF534, 0xFD53, 0xF5B3, 0xFDD2, 0xFDF2, 0xFDF2, 0xFDD2, 0xFDD1,
    0xFDF2, 0xF534, 0xF475, 0xEC95, 0xECB4, 0xFD54, 0xF534, 0xF534, 0xF4D4, 0xF4B4, 0xECB4, 0xF494,
    0xF495, 0xEC74, 0xF494, 0xF4F4, 0xFD95, 0xFDB4, 0xFDB4, 0xFDF2, 0xFDF2, 0xFDF2, 0xFDF1, 0xFDF1,
    0xFDF1, 0xFDF1, 0xFDF1, 0xFE11, 0xFDB2, 0xECF3, 0xF4D4, 0xF4F4, 0xF534, 0xFD74, 0xFDB5, 0xFDF4,
    0xFE14, 0xFDF3, 0xFDF3, 0xFDF3, 0xFDD4, 0xFE13, 0xF611, 0xF612, 0xF611, 0xFE11, 0xFE11, 0xFE11,
    0xFE11, 0xFE11, 0xFE11, 0xFE11, 0xFE11, 0xFE11, 0xFE12, 0xFE12, 0xFE12, 0xFE12, 0xFE12, 0xFE12,
    0xFE12, 0xFE12, 0xFE12, 0xFE12, 0xFE12, 0xFE12, 0xFE12, 0xFE32, 0xFE32, 0xFE32, 0xFE32, 0xFE32,
    0xFE32, 0xFE11, 0xFE11, 0xFE11, 0xFE12, 0xFDF2, 0xFE12, 0xFE11, 0xFE11, 0xFE11, 0xFE32, 0xFE32,
    0xFE32, 0xFE32, 0xFE32, 0xFE32, 0xFE31, 0xFE31, 0xFE11, 0xFDF2, 0xFE12, 0xF611, 0xFE11, 0xFE12,
    0xFE12, 0xFE12, 0xFE12, 0xFE12, 0xFE12, 0xFE12, 0xFE12, 0xFE11, 0xFE11, 0xFE11, 0xFE11, 0xFE11,
    0xFE11, 0xFE11, 0xFE11, 0xFE11, 0xFE11, 0xFE11, 0xFE11, 0xFE11, 0xFE12, 0xFE12, 0xFE12, 0xFE12,
    0xFE12, 0xF612, 0xF612, 0xF612, 0xFE11, 0xFE11, 0xFE11, 0xFE11, 0xFE11, 0xFE11, 0xFE11, 0xFE11,
    0xED73, 0xCC54, 0xCC75, 0xCC56, 0xABB7, 0xAB96, 0xAB96, 0xB3B6, 0xBBD5, 0xDC36, 0xBBD5, 0xB3B6,
    0xDC15, 0xDC35, 0xE434, 0xE434, 0xE454, 0xF474, 0xF474, 0xF474, 0xF4B5, 0xC415, 0x8B56, 0x9355,
    0x9355, 0x8B56, 0x8356, 0x9376, 0xCC16, 0xD436, 0xD436, 0xD436, 0xD436, 0xD436, 0xD436, 0xD436,
    0xCC36, 0xC436, 0xBC36, 0xBC16, 0xBC16, 0xBC16, 0xBC16, 0xBC16, 0xD436, 0xDC35, 0xDC35, 0xDC35,
    0xDC35, 0xD435, 0xDC36, 0xD436, 0xD436, 0xDC55, 0xEC54, 0xEC94, 0xF494, 0xF473, 0xF515, 0xED76,
    0xDC75, 0xE435, 0xE434, 0xDC14, 0xE415, 0xE435, 0xD435, 0xCC15, 0xDC35, 0xD455, 0xD435, 0xDC35,
    0xDC34, 0xD415, 0xDC54, 0xE475, 0xDC15, 0xE454, 0xEC94, 0xEC94, 0xECF4, 0xFD95, 0xFD55, 0xFD55,
    0xF574, 0xF5D5, 0xF674, 0xFE94, 0xD573, 0x29AD, 0x3230, 0x3A91, 0x3A91, 0x3250, 0x21CE, 0x21EF,
    0x4A91, 0x8C57, 0x7B94, 0x72F1, 0x9B92, 0x93D2, 0x7BF4, 0x322F, 0x220F, 0x4290, 0x5312, 0x7392,
    0xC516, 0xCC96, 0xCC34, 0xE435, 0xB394, 0x39CF, 0x29EF, 0x220F, 0x4AB2, 0x62F1, 0x7AF1, 0xCC32,
    0xD452, 0x9351, 0xCCD3, 0xFDD5, 0xE454, 0xEC54, 0xEC53, 0xF493, 0xF4B3, 0xF4F3, 0xDC73, 0xCC14,
    0xCC35, 0xCC16, 0xCC16, 0xCC16, 0xCC16, 0xCC16, 0xCC16, 0xCC16, 0xCC16, 0xCC16, 0xCC36, 0xCC16,
    0xD435, 0xE435, 0xE454, 0xE454, 0xEC74, 0xEC74, 0xEC74, 0xF4B4, 0xF514, 0xF533, 0xFD53, 0xF573,
    0xF573, 0xFD73, 0xFD33, 0xF513, 0xF4F3, 0xF513, 0xF513, 0xED32, 0xF573, 0xF572, 0xF552, 0xF533,
    0xECF4, 0xE475, 0xECD4, 0xFD34, 0xFD13, 0xFD53, 0xFDB3, 0xFDD2, 0xFDF1, 0xFDF1, 0xFDD2, 0xFD93,
    0xF534, 0xFD53, 0xFDB3, 0xFDD2, 0xFDD2, 0xFDD2, 0xFDD1, 0xF5D1, 0xFDF1, 0xF534, 0xEC75, 0xEC95,
    0xF4B4, 0xFD54, 0xF534, 0xF514, 0xECB4, 0xECB4, 0xECD3, 0xECB3, 0xECB3, 0xEC94, 0xECB3, 0xECB4,
    0xE4B3, 0xE4F2, 0xED12, 0xF5B2, 0xFDF2, 0xFDF2, 0xFDF1, 0xFDF1, 0xFDF1, 0xFDF1, 0xFDF1, 0xFE11,
    0xF5B2, 0xE4D4, 0xECB4, 0xF494, 0xFD15, 0xFD35, 0xF554, 0xFDB5, 0xFDD5, 0xFDD4, 0xFDD4, 0xFDD4,
    0xED34, 0xF593, 0xFDF2, 0xFDF2, 0xF612, 0xFE11, 0xFDF1, 0xFDF1, 0xFE12, 0xFDF1, 0xFE11, 0xFE11,
    0xFE11, 0xFE11, 0xFE12, 0xFE12, 0xFE12, 0xFE12, 0xFE12, 0xFE12, 0xFE12, 0xFE12, 0xFE12, 0xFE12,
    0xFE12, 0xFE12, 0xFE12, 0xFE12, 0xFE12, 0xFE32, 0xFE32, 0xFE12, 0xFE12, 0xFE11, 0xFE11, 0xFE12,
    0xFE12, 0xFDF3, 0xFE12, 0xFE11, 0xFE11, 0xFE11, 0xFE12, 0xFE32, 0xFE32, 0xFE11, 0xFE11, 0xFE11,
    0xFE31, 0xFE31, 0xFE11, 0xFDF2, 0xFE12, 0xF611, 0xFE11, 0xFE12, 0xFE12, 0xFE12, 0xFE12, 0xFE12,
    0xFE12, 0xFE12, 0xFE11, 0xFE11, 0xFE11, 0xFE11, 0xFDF2, 0xFDF1, 0xFDF1, 0xFDF2, 0xFDF2, 0xFDF2,
    0xFDF2, 0xFDF2, 0xF5F3, 0xFDF3, 0xFDF3, 0xFDF3, 0xFDF3, 0xFDF3, 0xF5F2, 0xF5F2, 0xF5F2, 0xF5F3,
    0xF5F3, 0xFDF3, 0xFDF3, 0xFDD3, 0xF5D4, 0xF5D3, 0xF5D2, 0xFDF3, 0xED55, 0xCC56, 0xCC57, 0xCC56,
    0xABB7, 0xBBF6, 0xD415, 0xD415, 0xDC35, 0xEC35, 0xDC15, 0xCC15, 0xDC15, 0xDC14, 0xE434, 0xDC55,
    0xE455, 0xEC74, 0xEC74, 0xF493, 0xFC93, 0xD414, 0xA354, 0xD435, 0xD436, 0xAB95, 0x9B55, 0x9B75,
    0xD416, 0xDC36, 0xDC35, 0xDC35, 0xD436, 0xD436, 0xD436, 0xD436, 0xCC15, 0xBC36, 0xBC16, 0xBC16,
    0xBC16, 0xBC16, 0xBC16, 0xC416, 0xD435, 0xDC35, 0xD455, 0xDC35, 0xD455, 0xCC36, 0xD436, 0xD436,
    0xCC36, 0xD455, 0xEC54, 0xEC54, 0xF453, 0xF4B4, 0xDC53, 0xC3F3, 0xB3D5, 0xB3D5, 0xB3D4, 0xC3F5,
    0xC3F5, 0xBBF5, 0xABF6, 0xABD7, 0xB3D6, 0xB3F6, 0xB417, 0xB3D6, 0xBBD5, 0xBBF6, 0xCBF5, 0xD3F4,
    0xCBF4, 0xD414, 0xDC34, 0xE454, 0xE493, 0xE4D3, 0xE4B3, 0xECB3, 0xEC94, 0xF574, 0xFE74, 0xFE74,
    0xD593, 0x29CD, 0x21EF, 0x2A0F, 0x3A50, 0x322F, 0x21CE, 0x3A50, 0x4AB2, 0x5AF2, 0x6B12, 0x8353,
    0xBC75, 0xA454, 0x73D4, 0x324F, 0x220F, 0x21EE, 0x2A0E, 0x3A4F, 0x62AF, 0x9351, 0xB413, 0xD435,
    0xB3B5, 0x39EF, 0x29EF, 0x29EF, 0x42B1, 0x52F2, 0x6332, 0xCC52, 0xD452, 0x9B71, 0xCCB3, 0xED95,
    0xDC54, 0xE434, 0xEC53, 0xF473, 0xF4B3, 0xF4F4, 0xF4D4, 0xECD5, 0xE496, 0xD456, 0xCC15, 0xCC16,
    0xCC16, 0xCC16, 0xCC16, 0xCC16, 0xCC16, 0xCC16, 0xCC16, 0xCC36, 0xD436, 0xE435, 0xE454, 0xEC74,
    0xEC74, 0xEC75, 0xEC74, 0xF4D4, 0xF513, 0xFD33, 0xF533, 0xF553, 0xF554, 0xF574, 0xFD73, 0xF532,
    0xF533, 0xF553, 0xF573, 0xFDB3, 0xFDD3, 0xF5B3, 0xF592, 0xF552, 0xECF4, 0xE475, 0xECB5, 0xF4F5,
    0xF4F5, 0xED14, 0xED11, 0xF5D1, 0xFE11, 0xFDF1, 0xFDD2, 0xF593, 0xFD34, 0xFD54, 0xFD93, 0xFDD2,
    0xF5D1, 0xF5F1, 0xFDD1, 0xFDD1, 0xFDF1, 0xF534, 0xEC75, 0xEC95, 0xF4B5, 0xFD34, 0xF534, 0xF534,
    0xFD54, 0xFD93, 0xFDD2, 0xFDB2, 0xFDB2, 0xFDD2, 0xFDD2, 0xFDD2, 0xFDD2, 0xFDD2, 0xFDD1, 0xFDF2,
    0xFDF1, 0xFDF1, 0xFDF1, 0xFDF1, 0xFDF1, 0xFDF1, 0xFDF1, 0xFE11, 0xF5D2, 0xF553, 0xF4F4, 0xEC74,
    0xEC93, 0xECB3, 0xECD3, 0xECF3, 0xF514, 0xF534, 0xF534, 0xF534, 0xECD3, 0xF514, 0xF573, 0xF572,
    0xF5B2, 0xFE12, 0xF5D1, 0xEDB0, 0xFE12, 0xFE12, 0xFE11, 0xFE11, 0xF611, 0xF611, 0xFE11, 0xFE11,
    0xF611, 0xF611, 0xF611, 0xF611, 0xF611, 0xF611, 0xFE11, 0xFE12, 0xFE12, 0xFE12, 0xFE12, 0xFE12,
    0xFE12, 0xFE32, 0xFE32, 0xFE12, 0xFE12, 0xFE11, 0xF611, 0xFE12, 0xFE12, 0xFDD3, 0xFDF2, 0xFE12,
    0xF612, 0xF612, 0xF612, 0xF612, 0xF611, 0xF611, 0xF611, 0xF611, 0xF611, 0xF611, 0xF611, 0xFDF2,
    0xFDF2, 0xF631, 0xF611, 0xF611, 0xF611, 0xF612, 0xF612, 0xFE12, 0xFE12, 0xFE11, 0xFE11, 0xF611,
    0xF5F1, 0xF5F2, 0xFDF2, 0xF5B2, 0xED72, 0xED53, 0xED33, 0xE512, 0xDCF2, 0xDCD2, 0xD493, 0xD493,
    0xD493, 0xD493, 0xD494, 0xD494, 0xD493, 0xD493, 0xD493, 0xD493, 0xD493, 0xD494, 0xD494, 0xD474,
    0xD474, 0xD454, 0xD474, 0xD495, 0xCC76, 0xCC56, 0xCC57, 0xCC57, 0xABB7, 0xC3D6, 0xDC14, 0xE414,
    0xE414, 0xEC34, 0xE435, 0xDC15, 0xCBF5, 0xCBF5, 0xCBF5, 0xC3F6, 0xCC16, 0xE455, 0xEC74, 0xF473,
    0xF473, 0xE434, 0xD3D5, 0xEC54, 0xEC74, 0xDC35, 0xD415, 0xCBF5, 0xDC35, 0xDC35, 0xDC35, 0xDC35,
    0xDC36, 0xDC36, 0xD436, 0xD436, 0xC415, 0xBC36, 0xBC16, 0xBC16, 0xBC16, 0xBC16, 0xBC16, 0xC416,
    0xD435, 0xDC35, 0xD435, 0xDC35, 0xD435, 0xCC16, 0xCC16, 0xCC36, 0xCC36, 0xD436, 0xE455, 0xEC34,
    0xEC34, 0xEC73, 0xEC73, 0xE454, 0xDC54, 0xDC55, 0xDC54, 0xE454, 0xDC55, 0xCC16, 0xC416, 0xC416,
    0xC416, 0xC416, 0xC416, 0xD435, 0xDC35, 0xDC56, 0xE475, 0xE455, 0xE455, 0xE495, 0xECD4, 0xF555,
    0xF595, 0xF5B4, 0xF5D4, 0xF5B5, 0xF534, 0xFDB4, 0xFE74, 0xFE94, 0xD593, 0x29AD, 0x29CF, 0x29EF,
    0x5271, 0x4250, 0x21EE, 0x2A0F, 0x2A30, 0x3250, 0x4250, 0x6290, 0x7AAF, 0x5A8F, 0x324F, 0x2A2F,
    0x220E, 0x19EE, 0x21EF, 0x320F, 0x6AAF, 0x9B51, 0xB413, 0xAB93, 0x8B12, 0x3210, 0x3A51, 0x3A71,
    0x4291, 0x3A91, 0x3A71, 0x9392, 0xA392, 0x8311, 0xB453, 0xDD34, 0xDC54, 0xE454, 0xEC54, 0xEC73,
    0xF473, 0xF4D3, 0xF4F3, 0xF4D4, 0xD435, 0xCC35, 0xCC16, 0xCC16, 0xCC16, 0xCC16, 0xCC16, 0xCC16,
    0xCC16, 0xCC16, 0xCC16, 0xCC36, 0xD436, 0xE455, 0xEC74, 0xEC94, 0xEC74, 0xEC74, 0xEC74, 0xF4B4,
    0xF4D3, 0xF4D3, 0xF513, 0xF533, 0xF533, 0xFD53, 0xFD73, 0xFD73, 0xFD93, 0xFDD3, 0xFDD4, 0xFDD3,
    0xFE13, 0xF5F3, 0xFDD3, 0xF593, 0xF512, 0xDC55, 0xDC54, 0xDC74, 0xDC74, 0xE4F4, 0xFDD2, 0xFDF1,
    0xFE12, 0xFE11, 0xFDD2, 0xF593, 0xFD34, 0xFD54, 0xFD93, 0xFDD2, 0xFDD2, 0xFDD2, 0xFDD2, 0xFDD2,
    0xFDD1, 0xF533, 0xEC75, 0xEC95, 0xF4B5, 0xFD34, 0xF534, 0xF533, 0xF553, 0xFD93, 0xFDF3, 0xFE12,
    0xFE12, 0xFE12, 0xF612, 0xFE12, 0xFE12, 0xFE12, 0xFE11, 0xFE12, 0xFDF2, 0xFDF2, 0xFDF1, 0xFDF1,
    0xFE12, 0xFE12, 0xFDF1, 0xFDF1, 0xFDF1, 0xFDF2, 0xFDB3, 0xF594, 0xF593, 0xF593, 0xF5B2, 0xFDB3,
    0xFDB3, 0xFDD3, 0xFDD3, 0xFDD3, 0xFDB3, 0xFDB2, 0xFDF2, 0xFDF2, 0xFE12, 0xFE32, 0xF612, 0xF611,
    0xFE31, 0xFE32, 0xFE32, 0xFE32, 0xFE31, 0xFE31, 0xFE31, 0xFE31, 0xFE31, 0xFE31, 0xFE31, 0xFE31,
    0xFE31, 0xFE31, 0xFE31, 0xFE31, 0xFE31, 0xFE31, 0xFE31, 0xFE31, 0xFE31, 0xFE31, 0xFE31, 0xFE31,
    0xFE31, 0xFE31, 0xFE32, 0xFE31, 0xFE12, 0xFDB3, 0xFDF2, 0xFE31, 0xFE31, 0xFE31, 0xFE12, 0xF611,
    0xF611, 0xFE11, 0xFE31, 0xFE31, 0xFE31, 0xFE31, 0xFE31, 0xFDF2, 0xFDF2, 0xFE32, 0xFE31, 0xFE11,
    0xFE11, 0xFE31, 0xFE31, 0xFE31, 0xFE31, 0xFE31, 0xFE31, 0xFE31, 0xF611, 0xFE12, 0xFE12, 0xF5F2,
    0xF5D2, 0xF5F3, 0xF5D3, 0xF5D3, 0xF5D3, 0xF5B3, 0xED94, 0xED94, 0xED94, 0xED94, 0xED94, 0xF594,
    0xED94, 0xED74, 0xED74, 0xF574, 0xED74, 0xED74, 0xED74, 0xED74, 0xED74, 0xE4F5, 0xCC15, 0xCC37,
    0xCC37, 0xCC36, 0xCC36, 0xCC36, 0xA3D7, 0xBBF6, 0xD415, 0xDC15, 0xDC35, 0xDC35, 0xDC35, 0xD415,
    0xBBD6, 0xB3D6, 0xB3D6, 0xABD6, 0xBBF6, 0xD456, 0xE475, 0xF494, 0xEC74, 0xE434, 0xE3F5, 0xE414,
    0xE434, 0xE434, 0xE435, 0xE435, 0xE414, 0xDC15, 0xDC15, 0xDC35, 0xDC16, 0xDC36, 0xD435, 0xD435,
    0xD436, 0xC436, 0xBC16, 0xBC16, 0xBC16, 0xBC16, 0xBC16, 0xBC16, 0xD435, 0xDC16, 0xD435, 0xDC35,
    0xD435, 0xCC16, 0xCC16, 0xCC36, 0xC437, 0xCC36, 0xD435, 0xE435, 0xEC34, 0xEC34, 0xEC54, 0xF473,
    0xF494, 0xF494, 0xF494, 0xF474, 0xEC75, 0xD416, 0xCC16, 0xCC16, 0xCC16, 0xCC16, 0xCC15, 0xDC35,
    0xE455, 0xEC75, 0xEC74, 0xEC93, 0xF4B4, 0xF4D4, 0xF4F3, 0xFDB4, 0xFDF3, 0xFE14, 0xFE34, 0xFE34,
    0xF5F4, 0xFE14, 0xFE74, 0xFE94, 0xD593, 0x31CE, 0x3210, 0x3230, 0x6291, 0x4A70, 0x220F, 0x3250,
    0x3290, 0x3A6F, 0x4A90, 0x5AB0, 0x628F, 0x4A4E, 0x21CE, 0x220E, 0x220E, 0x19EE, 0x21EF, 0x320F,
    0x8352, 0xAB92, 0xC414, 0x82B0, 0x5A2F, 0x3A30, 0x4291, 0x42B2, 0x42B2, 0x4292, 0x4291, 0x62F3,
    0x7312, 0x6AF1, 0xAC53, 0xE573, 0xDC74, 0xE474, 0xEC54, 0xEC54, 0xF474, 0xF4D3, 0xF4F3, 0xECD4,
    0xCC15, 0xCC16, 0xCC16, 0xCC16, 0xCC16, 0xCC16, 0xCC16, 0xCC16, 0xCC16, 0xCC16, 0xCC16, 0xCC36,
    0xD435, 0xE454, 0xEC94, 0xF4B4, 0xEC74, 0xEC74, 0xEC74, 0xEC94, 0xF494, 0xF4D4, 0xF4F3, 0xF514,
    0xFD34, 0xFD54, 0xF553, 0xF574, 0xFD74, 0xF573, 0xFDB4, 0xFDF3, 0xF5D2, 0xF5D3, 0xFDF3, 0xF593,
    0xF552, 0xED13, 0xED13, 0xED13, 0xED34, 0xF593, 0xFE12, 0xFE12, 0xFE11, 0xFE11, 0xFDD2, 0xFD93,
    0xFD34, 0xF554, 0xF593, 0xFDB2, 0xFDB2, 0xFDB2, 0xFDB2, 0xF5B2, 0xFDB2, 0xF513, 0xEC75, 0xEC95,
    0xF4B5, 0xF534, 0xF513, 0xF514, 0xFD53, 0xFDB3, 0xFE12, 0xFE12, 0xFE12, 0xFE11, 0xFE11, 0xFE11,
    0xFE11, 0xFE11, 0xF611, 0xFE11, 0xFE12, 0xFE12, 0xFE12, 0xFE12, 0xFE11, 0xFE11, 0xFDF1, 0xFDF1,
    0xFE12, 0xFE12, 0xFE12, 0xFE12, 0xFE12, 0xFE11, 0xFE31, 0xFE31, 0xFE31, 0xFE31, 0xFE31, 0xFE31,
    0xFE31, 0xFE31, 0xFE32, 0xFE31, 0xFE31, 0xF631, 0xFE32, 0xFE51, 0xFE31, 0xFE31, 0xFE31, 0xFE32,
    0xFE31, 0xFE31, 0xFE31, 0xFE31, 0xFE31, 0xFE31, 0xFE31, 0xFE31, 0xFE31, 0xFE31, 0xFE51, 0xF651,
    0xF651, 0xFE51, 0xFE51, 0xFE51, 0xFE51, 0xF651, 0xF651, 0xFE51, 0xFE51, 0xFE31, 0xFE32, 0xFE31,
    0xFE12, 0xF593, 0xFDF2, 0xFE31, 0xFE31, 0xFE31, 0xFE32, 0xF5F2, 0xF611, 0xFE32, 0xFE31, 0xFE31,
    0xFE31, 0xFE31, 0xFE31, 0xFDF2, 0xFDF2, 0xFE32, 0xFE31, 0xFE32, 0xFE32, 0xFE31, 0xFE31, 0xFE31,
    0xFE31, 0xFE31, 0xFE31, 0xFE31, 0xF611, 0xFE11, 0xFE31, 0xFE32, 0xFE12, 0xFE32, 0xFE31, 0xFE32,
    0xFE32, 0xFE32, 0xFE32, 0xFE32, 0xFE32, 0xFE32, 0xFE32, 0xFE12, 0xFE12, 0xFE12, 0xFE12, 0xFE12,
    0xFE12, 0xFE12, 0xFE12, 0xFDF2, 0xFE12, 0xED34, 0xCBF6, 0xCC16, 0xC416, 0xC3F6, 0xC416, 0xC3F6,
    0x9BB7, 0xABD6, 0xC416, 0xBBF6, 0xC3F5, 0xCBF6, 0xC3F6, 0xBBF6, 0xB3B6, 0xABB6, 0xABD6, 0xABD6,
    0xB3D6, 0xC416, 0xD435, 0xDC55, 0xDC35, 0xD415, 0xCBF5, 0xDBF5, 0xDBF5, 0xD3F4, 0xDC14, 0xDC35,
    0xE415, 0xE414, 0xDC14, 0xDC15, 0xDC16, 0xD435, 0xD436, 0xD435, 0xD455, 0xCC36, 0xBC36, 0xBC16,
    0xBC16, 0xBC36, 0xBC16, 0xBC16, 0xD436, 0xD436, 0xD435, 0xDC35, 0xDC35, 0xD415, 0xD415, 0xD435,
    0xCC36, 0xCC36, 0xCC36, 0xDC35, 0xE434, 0xEC54, 0xEC34, 0xEC54, 0xEC54, 0xF454, 0xF454, 0xF474,
    0xEC74, 0xDC55, 0xD416, 0xCC16, 0xCC16, 0xCC36, 0xCC36, 0xCC15, 0xD415, 0xDC35, 0xE435, 0xEC54,
    0xF4B4, 0xF4D3, 0xF4D3, 0xFD74, 0xF5B4, 0xFDD4, 0xFE14, 0xFE34, 0xF5D4, 0xF614, 0xF674, 0xFE93,
    0xD593, 0x31AE, 0x3230, 0x4271, 0x62B1, 0x5271, 0x220F, 0x3A91, 0x42D1, 0x52F0, 0x6311, 0x7311,
    0x7311, 0x5290, 0x21EE, 0x19EE, 0x19EE, 0x220F, 0x3A50, 0x5290, 0x62D0, 0x9B72, 0xD455, 0x6A4E,
    0x41CE, 0x3A30, 0x3A51, 0x3A71, 0x3250, 0x3A50, 0x3A50, 0x4A51, 0x5A92, 0x62B1, 0xAC32, 0xE593,
    0xDC94, 0xE474, 0xEC73, 0xEC54, 0xEC73, 0xF4D3, 0xF4F3, 0xECD3, 0xD415, 0xCC16, 0xC416, 0xC416,
    0xCC16, 0xCC16, 0xC416, 0xCC16, 0xCC16, 0xCC16, 0xCC16, 0xD436, 0xD435, 0xE455, 0xEC74, 0xEC94,
    0xEC54, 0xEC74, 0xEC74, 0xEC74, 0xEC74, 0xF4B4, 0xF4D3, 0xF4D4, 0xF4F3, 0xF513, 0xF513, 0xF513,
    0xF513, 0xF533, 0xFD94, 0xFDD4, 0xF5B3, 0xFDF3, 0xFE13, 0xF592, 0xF572, 0xFDD3, 0xFDF3, 0xFDF3,
    0xFE13, 0xFE12, 0xF611, 0xFE11, 0xFDF1, 0xFE11, 0xFDD2, 0xFD93, 0xF534, 0xF534, 0xF573, 0xFD92,
    0xFD92, 0xFD92, 0xFDB2, 0xF5B2, 0xF592, 0xF4F4, 0xEC75, 0xEC95, 0xF4B5, 0xF514, 0xF4F4, 0xF4F4,
    0xFD54, 0xFD93, 0xFDF2, 0xFE32, 0xFE32, 0xFE11, 0xF611, 0xFE11, 0xFE12, 0xFE12, 0xFE32, 0xFE32,
    0xFE32, 0xFE32, 0xFE32, 0xFE32, 0xFE11, 0xFE11, 0xFE11, 0xFE11, 0xFE11, 0xFE11, 0xFE12, 0xFE12,
    0xFE12, 0xF611, 0xFE11, 0xFE31, 0xFE31, 0xFE31, 0xFE31, 0xFE32, 0xFE31, 0xFE31, 0xFE31, 0xFE31,
    0xFE31, 0xFE31, 0xFE31, 0xFE31, 0xFE31, 0xFE31, 0xFE31, 0xFE31, 0xFE51, 0xFE51, 0xFE31, 0xFE31,
    0xFE51, 0xFE51, 0xF631, 0xF651, 0xFE51, 0xFE51, 0xFE51, 0xFE51, 0xF651, 0xF651, 0xFE51, 0xFE31,
    0xFE31, 0xFE51, 0xFE51, 0xFE31, 0xFE31, 0xFE31, 0xFE31, 0xFE31, 0xFE12, 0xF593, 0xFDF2, 0xFE51,
    0xFE31, 0xFE31, 0xFE52, 0xF5F2, 0xFDF2, 0xFE51, 0xFE51, 0xFE31, 0xFE31, 0xFE31, 0xFE51, 0xFDD3,
    0xFDF2, 0xFE32, 0xFE32, 0xFE31, 0xFE31, 0xFE31, 0xFE31, 0xFE31, 0xFE31, 0xFE31, 0xFE31, 0xFE31,
    0xFE31, 0xFE31, 0xFE31, 0xFE31, 0xFE32, 0xFE31, 0xFE31, 0xFE32, 0xFE51, 0xFE52, 0xFE51, 0xFE51,
    0xFE51, 0xFE51, 0xFE32, 0xFE32, 0xFE32, 0xFE32, 0xFE32, 0xFE32, 0xFE11, 0xF5F2, 0xF611, 0xF612,
    0xFE12, 0xED93, 0xDCF4, 0xDCF4, 0xDCF4, 0xDCF4, 0xE4F4, 0xDCF4, 0x8B76, 0x9396, 0x9BB7, 0x9396,
    0x9B76, 0xA3B7, 0xABB7, 0xA3B6, 0xABD7, 0xABD6, 0xABD6, 0xABD6, 0xABB6, 0xABB6, 0xB3D6, 0xBBF6,
    0xBBF6, 0xBBD6, 0xB3D6, 0xCBF6, 0xCBF6, 0xCBF6, 0xC416, 0xCC16, 0xD416, 0xD416, 0xCBF6, 0xD416,
    0xD436, 0xD436, 0xD416, 0xD415, 0xD435, 0xCC36, 0xC416, 0xBC16, 0xB416, 0xBC16, 0xBC17, 0xB416,
    0xCC16, 0xD435, 0xD415, 0xDC34, 0xDC35, 0xE435, 0xE435, 0xDC35, 0xCC16, 0xC436, 0xC436, 0xD436,
    0xDC35, 0xE435, 0xE454, 0xE434, 0xDC34, 0xE434, 0xEC54, 0xEC74, 0xEC94, 0xECB4, 0xDC55, 0xCC16,
    0xCC36, 0xCC36, 0xCC35, 0xD435, 0xDC55, 0xDC35, 0xDC35, 0xE435, 0xEC74, 0xEC94, 0xF4B3, 0xF513,
    0xF574, 0xFDD4, 0xFE14, 0xFE34, 0xE554, 0xEDD4, 0xFE54, 0xFE94, 0xD593, 0x318E, 0x3A30, 0x4271,
    0x6AD2, 0x5271, 0x220F, 0x3270, 0x42B1, 0x5B11, 0x6B11, 0x7B12, 0x7B12, 0x5AB1, 0x2A0F, 0x1A0E,
    0x220F, 0x3A50, 0x5AD2, 0x7B33, 0x520D, 0x82F0, 0xB3F3, 0x5A4F, 0x31CE, 0x320F, 0x2A0F, 0x2A0F,
    0x29EF, 0x29EF, 0x2A0F, 0x3A50, 0x5291, 0x72F0, 0xA432, 0xD555, 0xDC74, 0xE474, 0xEC73, 0xEC74,
    0xF494, 0xF4D3, 0xF4D3, 0xECB3, 0xDC35, 0xD435, 0xC416, 0xC416, 0xCC16, 0xD436, 0xBC16, 0xABD5,
    0xC436, 0xC416, 0xCC16, 0xD436, 0xD435, 0xE455, 0xE454, 0xEC53, 0xEC74, 0xEC74, 0xEC74, 0xEC54,
    0xEC54, 0xEC74, 0xF4B3, 0xF4B4, 0xF4B4, 0xF4B4, 0xF4B3, 0xF4F3, 0xED13, 0xF534, 0xFD54, 0xFDB3,
    0xFDF4, 0xFE13, 0xFE13, 0xF5B2, 0xF592, 0xFDD2, 0xFDF1, 0xF611, 0xFE32, 0xF611, 0xF611, 0xFE11,
    0xFE12, 0xFE11, 0xFDD2, 0xF573, 0xF534, 0xF534, 0xF553, 0xFD73, 0xF573, 0xF573, 0xFD73, 0xFD72,
    0xF573, 0xF4F4, 0xEC75, 0xEC95, 0xF4B5, 0xFCF5, 0xF4D4, 0xF4D4, 0xF514, 0xF573, 0xF5F2, 0xFE12,
    0xFE32, 0xFE12, 0xFE11, 0xFE12, 0xFE12, 0xFE12, 0xFE32, 0xFE32, 0xFE32, 0xFE32, 0xFE32, 0xFE32,
    0xFE11, 0xFE11, 0xFE11, 0xF611, 0xF611, 0xF611, 0xFE31, 0xFE31, 0xFE31, 0xFE32, 0xFE32, 0xFE31,
    0xFE31, 0xFE31, 0xFE31, 0xFE32, 0xFE31, 0xFE31, 0xFE31, 0xFE31, 0xFE31, 0xFE31, 0xFE31, 0xFE31,
    0xFE31, 0xFE31, 0xFE31, 0xFE31, 0xFE31, 0xFE31, 0xFE31, 0xFE31, 0xFE31, 0xFE31, 0xFE31, 0xFE31,
    0xFE31, 0xFE32, 0xF611, 0xFDF3, 0xFE32, 0xFE31, 0xFE11, 0xFE11, 0xFE11, 0xFE31, 0xFE31, 0xFE32,
    0xFE32, 0xFE31, 0xFE31, 0xFE31, 0xFE12, 0xF593, 0xFDF2, 0xFE51, 0xFE31, 0xFE31, 0xFE31, 0xF5F2,
    0xF5F1, 0xFE51, 0xFE51, 0xFE31, 0xFE31, 0xFE31, 0xFE31, 0xFDD3, 0xF5D2, 0xFE32, 0xFE32, 0xFE31,
    0xFE31, 0xFE31, 0xFE31, 0xFE31, 0xFE31, 0xFE31, 0xFE31, 0xFE31, 0xFE31, 0xFE31, 0xFE31, 0xFE31,
    0xFE31, 0xFE31, 0xFE31, 0xFE32, 0xF5B2, 0xED92, 0xF592, 0xF592, 0xF592, 0xF592, 0xF592, 0xED92,
    0xF592, 0xED93, 0xF593, 0xF592, 0xF593, 0xF573, 0xF5D2, 0xF611, 0xFE12, 0xFE32, 0xFE32, 0xFE32,
    0xFE32, 0xFE32, 0xFE32, 0xFE32, 0x8B77, 0x8B77, 0x8B77, 0x8B77, 0x8B77, 0x8B56, 0xA397, 0xABD6,
    0xABB6, 0xABD6, 0xABD6, 0xABD7, 0xABD6, 0xABD6, 0xABD6, 0xABD6, 0xABD6, 0xABD7, 0xABD7, 0xB3D6,
    0xB3D6, 0xB3D6, 0xABD7, 0xABD6, 0xB3B6, 0xB3B7, 0xB3B7, 0xBBF6, 0xC416, 0xCC16, 0xC3F6, 0xC3F5,
    0xCC16, 0xCC17, 0xBC17, 0xB416, 0xB417, 0xBC17, 0xB3F6, 0xA3F6, 0xB416, 0xC415, 0xDC15, 0xDC15,
    0xDC35, 0xDC35, 0xDC35, 0xD435, 0xCC35, 0xC436, 0xC436, 0xCC36, 0xCC36, 0xD415, 0xDC15, 0xDC34,
    0xDC35, 0xE435, 0xE434, 0xEC94, 0xF493, 0xEC95, 0xD455, 0xC415, 0xCC16, 0xC436, 0xCC16, 0xDC96,
    0xE4D4, 0xECD4, 0xE455, 0xDC35, 0xE434, 0xE454, 0xEC74, 0xF4D4, 0xF534, 0xFD94, 0xFDF4, 0xFE14,
    0xDD15, 0xED94, 0xFE54, 0xFE94, 0xD593, 0x318D, 0x3A30, 0x4291, 0x6AD2, 0x5291, 0x2A0F, 0x3270,
    0x3AB1, 0x52F1, 0x6AF2, 0x8312, 0x9351, 0x7311, 0x3AB1, 0x2A2F, 0x2A2F, 0x3A70, 0x62F2, 0x7B13,
    0x6A6F, 0x7A8F, 0x82EF, 0x4A4F, 0x29EF, 0x21CE, 0x21EF, 0x21EF, 0x2A30, 0x3A71, 0x42B2, 0x5AD1,
    0x7312, 0x8B71, 0xAC32, 0xCCD3, 0xDC54, 0xE454, 0xE473, 0xECB4, 0xF4B4, 0xF4D3, 0xF4D3, 0xF4B3,
    0xE475, 0xDC55, 0xC416, 0xCC16, 0xCC16, 0xD436, 0xABB5, 0x9353, 0xBC15, 0xCC16, 0xCC16, 0xD436,
    0xD435, 0xE455, 0xE454, 0xEC54, 0xEC74, 0xEC74, 0xEC74, 0xEC53, 0xEC74, 0xEC54, 0xF4B4, 0xF4D4,
    0xF4D4, 0xF4D4, 0xF4D4, 0xF553, 0xF593, 0xF574, 0xFD73, 0xF593, 0xFDD4, 0xFDF3, 0xFE13, 0xFE13,
    0xFDF3, 0xF5D2, 0xF5F2, 0xFE31, 0xF631, 0xF611, 0xFE11, 0xFE11, 0xFE12, 0xFE12, 0xFDB3, 0xF553,
    0xF534, 0xF514, 0xF533, 0xF554, 0xF533, 0xF533, 0xF553, 0xF553, 0xF534, 0xF4D5, 0xEC75, 0xEC94,
    0xEC95, 0xF4B5, 0xF4D4, 0xF4D4, 0xF514, 0xF573, 0xF5D2, 0xFE12, 0xFE31, 0xFE32, 0xFE32, 0xFE32,
    0xFE32, 0xFE32, 0xFE31, 0xFE32, 0xFE31, 0xFE31, 0xFE31, 0xFE31, 0xFE31, 0xFE31, 0xFE31, 0xFE31,
    0xFE32, 0xFE32, 0xFE31, 0xFE31, 0xFE31, 0xFE32, 0xFE32, 0xFE32, 0xFE32, 0xFE32, 0xFE32, 0xFE31,
    0xFE31, 0xFE31, 0xFE31, 0xFE32, 0xFE32, 0xFE31, 0xFE31, 0xFE31, 0xFE31, 0xFE31, 0xFE51, 0xFE32,
    0xFE12, 0xFE12, 0xFE12, 0xFE12, 0xFE12, 0xFE12, 0xFDF2, 0xF5D2, 0xF5D2, 0xFE13, 0xED53, 0xED13,
    0xFE13, 0xFE13, 0xFDD2, 0xFDF2, 0xFDF2, 0xFDF2, 0xFDF2, 0xFE12, 0xFE32, 0xFE32, 0xFE31, 0xFE32,
    0xFE12, 0xF573, 0xFDF3, 0xFE51, 0xFE31, 0xFE31, 0xFE31, 0xFDD2, 0xF5D2, 0xFE51, 0xFE51, 0xFE51,
    0xFE31, 0xFE31, 0xFE31, 0xF593, 0xF5B3, 0xFE52, 0xFE32, 0xFE31, 0xFE31, 0xFE51, 0xFE51, 0xFE51,
    0xFE51, 0xFE51, 0xFE51, 0xFE51, 0xFE51, 0xFE51, 0xFE51, 0xFE51, 0xFE51, 0xFE31, 0xFE31, 0xFE12,
    0xDCD2, 0xD491, 0xD492, 0xD492, 0xD492, 0xD492, 0xD492, 0xD492, 0xDC92, 0xDC73, 0xDC93, 0xDC93,
    0xE4B3, 0xECF3, 0xF572, 0xF5F2, 0xF612, 0xFE12, 0xF612, 0xF5F2, 0xF5D2, 0xF5D2, 0xF5D2, 0xF5D3,
    0x8B77, 0x8B77, 0x8B77, 0x8B77, 0x8B76, 0x8B56, 0xA396, 0xABD7, 0xABB6, 0xABB7, 0xABD7, 0xABD7,
    0xABD7, 0xABD7, 0xABD7, 0xABD7, 0xABD7, 0xABD7, 0xABD7, 0xABD6, 0xABD6, 0xABD6, 0xABD7, 0xABD7,
    0xABD7, 0xABB7, 0xABB7, 0xABD6, 0xB3F6, 0xBBF7, 0xC417, 0xC417, 0xB3F6, 0xB3F6, 0xB3F6, 0xABF6,
    0xABF7, 0xABF7, 0xA3D6, 0x9BD6, 0x9BD6, 0xB3F6, 0xCC36, 0xD436, 0xDC35, 0xD456, 0xD435, 0xD435,
    0xD456, 0xCC56, 0xCC36, 0xCC36, 0xD456, 0xE475, 0xEC55, 0xE454, 0xE454, 0xE435, 0xDC34, 0xEC94,
    0xE474, 0xCBF5, 0xCC16, 0xC416, 0xBBF6, 0xC415, 0xCC36, 0xCC35, 0xDC74, 0xF514, 0xE474, 0xDC34,
    0xE454, 0xE434, 0xE434, 0xF4B4, 0xF4F4, 0xF4F3, 0xFD94, 0xFDF4, 0xB432, 0xD4D3, 0xFDD4, 0xFE54,
    0xD593, 0x318D, 0x3A50, 0x4AF2, 0x6AF2, 0x52B1, 0x2A0F, 0x3270, 0x3A91, 0x4290, 0x5AD2, 0x7B32,
    0xCCB6, 0x93D4, 0x3AB1, 0x2A30, 0x2A2F, 0x4291, 0x5AD2, 0x72F2, 0x6A4E, 0x9B51, 0xCC96, 0x5270,
    0x21CE, 0x19CE, 0x21EF, 0x21EF, 0x2A30, 0x3A51, 0x4292, 0x8394, 0x8B72, 0x7AAF, 0xAC11, 0xD4F4,
    0xDC34, 0xD414, 0xC3F2, 0xE493, 0xF4D4, 0xF4D5, 0xECD4, 0xECD4, 0xECB5, 0xDC75, 0xC416, 0xCC16,
    0xCC16, 0xCC16, 0xBC37, 0xAC36, 0xB436, 0xC416, 0xD436, 0xDC36, 0xDC35, 0xE455, 0xE454, 0xE454,
    0xE454, 0xE454, 0xEC54, 0xEC94, 0xF494, 0xEC74, 0xF4B4, 0xF4F4, 0xF4F3, 0xF4F3, 0xF4F3, 0xF553,
    0xF573, 0xF573, 0xF573, 0xF553, 0xFD94, 0xFDB3, 0xFE14, 0xFE13, 0xFE13, 0xFDD2, 0xF5F2, 0xFE32,
    0xFE31, 0xFE31, 0xFE31, 0xFE32, 0xFE32, 0xFE32, 0xFDB3, 0xF553, 0xF534, 0xF514, 0xF514, 0xF534,
    0xF534, 0xF513, 0xF534, 0xF514, 0xEC93, 0xEC95, 0xEC74, 0xEC74, 0xEC75, 0xEC94, 0xF4B4, 0xECD4,
    0xFD94, 0xFDD4, 0xFDD3, 0xFE12, 0xFE32, 0xFE32, 0xFE32, 0xFE32, 0xFE32, 0xFE32, 0xFE31, 0xFE31,
    0xFE31, 0xFE31, 0xFE32, 0xFE32, 0xFE31, 0xFE31, 0xFE31, 0xFE31, 0xFE32, 0xFE32, 0xFE32, 0xFE32,
    0xFE32, 0xFE32, 0xFE32, 0xFE32, 0xFE32, 0xFE32, 0xFE32, 0xFE31, 0xFE31, 0xFE31, 0xFE31, 0xFE52,
    0xFE52, 0xFE51, 0xFE51, 0xFE51, 0xFE51, 0xFE51, 0xFE51, 0xF612, 0xFDF2, 0xF5F2, 0xFDF3, 0xFDF3,
    0xFDF3, 0xFDF3, 0xFDF3, 0xF5D2, 0xF5D2, 0xFDF3, 0xF553, 0xED13, 0xFDF3, 0xFDF2, 0xF5F2, 0xFDF2,
    0xFDF2, 0xFE12, 0xFE12, 0xFE12, 0xFE32, 0xFE52, 0xFE52, 0xFE32, 0xFE13, 0xF574, 0xFDF3, 0xFE52,
    0xFE52, 0xFE52, 0xFE51, 0xFD92, 0xF592, 0xFE72, 0xFE51, 0xFE51, 0xFE51, 0xFE52, 0xFE52, 0xF553,
    0xF573, 0xFE52, 0xFE52, 0xFE51, 0xFE51, 0xFE51, 0xFE51, 0xFE51, 0xFE51, 0xFE51, 0xFE51, 0xFE51,
    0xFE51, 0xFE51, 0xFE51, 0xFE51, 0xFE51, 0xFE51, 0xFE31, 0xFE31, 0xFE14, 0xFE14, 0xFE14, 0xFE14,
    0xFDF4, 0xFDF4, 0xFDF4, 0xFDF4, 0xFDF4, 0xFDF4, 0xF5F4, 0xFDF5, 0xFDD5, 0xF554, 0xF5D3, 0xF612,
    0xF612, 0xF5D3, 0xED54, 0xDCF2, 0xDCB2, 0xD4B2, 0xD4B2, 0xD4B2, 0x8B77, 0x8B77, 0x8B77, 0x8B77,
    0x8B96, 0x9BB7, 0xA3B7, 0xABB6, 0xABD6, 0xABD7, 0xABD7, 0xABD7, 0xABD7, 0xABD7, 0xABD7, 0xABD7,
    0xABD7, 0xABD7, 0xABD7, 0xABD7, 0xABD7, 0xABD7, 0xABD7, 0xABD7, 0xABD6, 0xABD6, 0xABD7, 0xABD6,
    0xABD6, 0xB3D6, 0xB3D6, 0xB3D6, 0xABD6, 0xABD6, 0xABD6, 0xA3D6, 0x9BD6, 0x9BD6, 0x9BD6, 0x9BD6,
    0x9BB6, 0xABD6, 0xBC16, 0xC416, 0xCC15, 0xCC36, 0xCC16, 0xCC16, 0xD435, 0xD435, 0xDC55, 0xDC35,
    0xE455, 0xEC74, 0xEC74, 0xEC73, 0xEC74, 0xDC35, 0xCBF5, 0xCC15, 0xCC15, 0xC3F6, 0xC417, 0xBC16,
    0xABB5, 0xBBF5, 0xC416, 0xC415, 0xCC35, 0xDC74, 0xE4B4, 0xECB4, 0xF4B4, 0xEC94, 0xEC54, 0xF474,
    0xF494, 0xFCD4, 0xFD54, 0xED74, 0x6A4D, 0xA3B0, 0xFD94, 0xFE34, 0xD593, 0x31AD, 0x3A50, 0x42B2,
    0x6AB2, 0x5291, 0x220F, 0x220E, 0x2A0E, 0x220F, 0x3230, 0x4A50, 0x8352, 0x6B11, 0x3A91, 0x2A2F,
    0x2A0F, 0x3A0F, 0x62D2, 0x8B32, 0x6A0C, 0x7A6E, 0x8B11, 0x3A0F, 0x19AE, 0x19CE, 0x19EF, 0x21EF,
    0x21EF, 0x29EF, 0x2A10, 0x526F, 0x6AEF, 0x9371, 0x9BB2, 0xA3F2, 0xD415, 0xC415, 0xABB3, 0xDC75,
    0xE4B5, 0xD414, 0xCC15, 0xCC15, 0xCC15, 0xCC15, 0xCC16, 0xCC16, 0xCC16, 0xCC16, 0xC436, 0xB416,
    0x624F, 0x8B12, 0xDC56, 0xD455, 0xDC56, 0xE455, 0xE455, 0xE455, 0xDC54, 0xE454, 0xEC74, 0xEC94,
    0xF4B4, 0xECB3, 0xF514, 0xFD54, 0xFD73, 0xFD74, 0xFD54, 0xED14, 0xF513, 0xFD73, 0xF573, 0xF573,
    0xF573, 0xFD93, 0xF5B3, 0xFE13, 0xFE13, 0xFDF2, 0xFE12, 0xFE32, 0xFE31, 0xFE31, 0xFE31, 0xFE32,
    0xFE32, 0xFE32, 0xF5B3, 0xF534, 0xF514, 0xF4F5, 0xF4F4, 0xF4F4, 0xF4F4, 0xF4F4, 0xECD4, 0xECB4,
    0xEC94, 0xEC75, 0xF474, 0xEC74, 0xEC74, 0xEC73, 0xF4F4, 0xF555, 0xFD93, 0xFDD3, 0xFDF4, 0xFDF3,
    0xFE12, 0xFE32, 0xFE32, 0xFE32, 0xFE32, 0xFE32, 0xFE31, 0xFE32, 0xFE52, 0xFE52, 0xFE52, 0xFE52,
    0xFE52, 0xFE52, 0xFE52, 0xFE52, 0xFE32, 0xFE32, 0xFE32, 0xFE32, 0xFE32, 0xFE32, 0xFE32, 0xFE32,
    0xFE32, 0xFE32, 0xFE32, 0xFE31, 0xFE31, 0xFE31, 0xFE31, 0xFE52, 0xFE52, 0xFE51, 0xFE51, 0xFE51,
    0xFE52, 0xFE51, 0xFE51, 0xFE32, 0xFE32, 0xFE32, 0xFE32, 0xFE32, 0xFE32, 0xFE32, 0xFE32, 0xFE32,
    0xFE32, 0xFE52, 0xFE12, 0xFDF2, 0xFE33, 0xFE32, 0xFE32, 0xFE32, 0xFE32, 0xFE52, 0xFE52, 0xFE52,
    0xFE52, 0xFE52, 0xFE52, 0xFE52, 0xFE13, 0xF574, 0xFDF3, 0xFE52, 0xFE32, 0xFE32, 0xFE52, 0xF573,
    0xF573, 0xF652, 0xFE51, 0xFE51, 0xFE52, 0xFE51, 0xFE32, 0xF514, 0xF553, 0xFE52, 0xFE52, 0xFE51,
    0xFE51, 0xFE51, 0xFE51, 0xFE51, 0xFE51, 0xFE51, 0xFE51, 0xFE51, 0xFE51, 0xFE51, 0xFE51, 0xFE51,
    0xFE51, 0xFE51, 0xFE51, 0xFE51, 0xFE52, 0xFE52, 0xFE32, 0xFE52, 0xFE52, 0xFE52, 0xFE52, 0xFE52,
    0xFE52, 0xFE52, 0xFE52, 0xFE52, 0xF5F3, 0xED54, 0xF5D2, 0xF612, 0xFE12, 0xF612, 0xF5F3, 0xF5D3,
    0xF5D4, 0xF5B4, 0xF594, 0xED94, 0x8B77, 0x8B77, 0x8B77, 0x8B76, 0x9396, 0xA3D7, 0xA3D7, 0xABD7,
    0xABD7, 0xABD7, 0xABD7, 0xABD7, 0xABD7, 0xABD7, 0xABD7, 0xABD7, 0xABD7, 0xABD7, 0xABD7, 0xABD7,
    0xABD7, 0xABD7, 0xABD7, 0xABD7, 0xABD7, 0xABD6, 0xABD7, 0xABD7, 0xABD7, 0xABD7, 0xABD7, 0xABD7,
    0xABD6, 0xABD7, 0xABD7, 0xABD6, 0xA3D7, 0xA3D7, 0xA3D6, 0xA3D6, 0xABF7, 0xBBF6, 0xBBF6, 0xC415,
    0xC415, 0xCC16, 0xCC16, 0xCC16, 0xD435, 0xDC35, 0xDC55, 0xDC35, 0xE455, 0xEC74, 0xE474, 0xDC54,
    0xD435, 0xC416, 0xB3F6, 0xB416, 0xB3F6, 0xB3F6, 0xB416, 0xB3F6, 0x9B54, 0xABB4, 0xC416, 0xBBF6,
    0xC415, 0xCC35, 0xECB5, 0xF4F5, 0xF4B4, 0xF4B4, 0xEC94, 0xEC54, 0xF474, 0xF4D4, 0xF513, 0xED33,
    0x49CC, 0x9B90, 0xFDD5, 0xFE34, 0xD572, 0x31AD, 0x3A10, 0x3A71, 0x5AB2, 0x4A70, 0x220E, 0x21CE,
    0x21CE, 0x2A30, 0x320F, 0x3A0E, 0x5AD0, 0x4A90, 0x2A50, 0x2A2F, 0x2A2F, 0x3A2F, 0x5290, 0x72B1,
    0x9B31, 0x6A8F, 0x39EE, 0x29EE, 0x21CF, 0x19AE, 0x19EF, 0x21EF, 0x21EF, 0x220F, 0x2210, 0x4A90,
    0x7331, 0xA412, 0xA3F3, 0xA3D4, 0xC3F5, 0xAB94, 0x82D2, 0xBBD4, 0xCC35, 0xC3F5, 0xC3F6, 0xC3F6,
    0xC3F6, 0xC3F6, 0xCBF6, 0xCC16, 0xCC16, 0xC3F6, 0xC416, 0xB416, 0x520F, 0x7AD2, 0xCC56, 0xAB92,
    0xBB93, 0xE455, 0xE455, 0xE455, 0xDC55, 0xE455, 0xEC74, 0xEC94, 0xF4B4, 0xF513, 0xFD34, 0xFD54,
    0xFD73, 0xF593, 0xFD94, 0xF534, 0xF534, 0xFD34, 0xFD74, 0xFD74, 0xFD73, 0xFD73, 0xF593, 0xF5B3,
    0xF5D2, 0xFDF2, 0xFE12, 0xFE32, 0xFE31, 0xFE32, 0xFE32, 0xFE52, 0xFE32, 0xFE12, 0xF593, 0xF514,
    0xF4F4, 0xF4D4, 0xECB4, 0xECB4, 0xECB4, 0xECB4, 0xEC94, 0xEC74, 0xEC75, 0xEC75, 0xEC75, 0xEC75,
    0xEC95, 0xF4F4, 0xFD34, 0xFD54, 0xF573, 0xFDB3, 0xFE15, 0xFDF4, 0xFDF3, 0xFE33, 0xFE32, 0xFE32,
    0xFE32, 0xFE32, 0xFE32, 0xFE32, 0xFE32, 0xFE32, 0xFE32, 0xFE32, 0xFE31, 0xFE31, 0xFE31, 0xFE31,
    0xFE31, 0xFE31, 0xFE31, 0xFE31, 0xFE31, 0xFE32, 0xFE32, 0xFE52, 0xFE52, 0xFE32, 0xFE32, 0xFE31,
    0xFE31, 0xFE51, 0xFE51, 0xFE31, 0xFE31, 0xFE51, 0xFE51, 0xFE51, 0xFE51, 0xFE51, 0xFE51, 0xFE52,
    0xFE52, 0xFE52, 0xFE52, 0xFE52, 0xFE52, 0xFE52, 0xFE52, 0xFE52, 0xFE32, 0xFE52, 0xFE52, 0xFE51,
    0xFE52, 0xFE52, 0xFE52, 0xFE51, 0xFE51, 0xFE51, 0xFE51, 0xFE52, 0xFE52, 0xFE51, 0xFE52, 0xFE32,
    0xFE13, 0xF574, 0xFDD3, 0xFE52, 0xFE31, 0xFE32, 0xFE52, 0xF554, 0xF554, 0xFE53, 0xFE52, 0xFE51,
    0xFE52, 0xF611, 0xF5D2, 0xF4F4, 0xF533, 0xFE52, 0xFE52, 0xFE52, 0xFE52, 0xFE52, 0xFE52, 0xFE51,
    0xFE51, 0xFE51, 0xFE51, 0xFE51, 0xFE51, 0xFE51, 0xFE51, 0xFE52, 0xFE52, 0xFE52, 0xFE52, 0xFE52,
    0xFE51, 0xFE52, 0xFE52, 0xFE52, 0xFE52, 0xFE52, 0xFE51, 0xFE51, 0xFE51, 0xFE51, 0xFE51, 0xF653,
    0xFE13, 0xF574, 0xF5F3, 0xFE53, 0xFE54, 0xFE54, 0xFE33, 0xFE33, 0xFE34, 0xFE35, 0xFE14, 0xFE14,
    0x8B77, 0x8B77, 0x8B76, 0x8B76, 0x9396, 0xA3D7, 0xABD7, 0xABD7, 0xABD7, 0xABD7, 0xABD7, 0xABD7,
    0xABD7, 0xABD7, 0xABD7, 0xABD7, 0xABD7, 0xABD7, 0xABD7, 0xABD7, 0xABD7, 0xABD7, 0xABD7, 0xABD7,
    0xABD7, 0xABD7, 0xABD7, 0xABD7, 0xABD7, 0xABD7, 0xABD7, 0xABD7, 0xABD7, 0xABD7, 0xABD7, 0xABD7,
    0xABD7, 0xABD7, 0xB3D7, 0xB3D6, 0xB3F7, 0xBBF6, 0xBC16, 0xD435, 0xD435, 0xCC16, 0xC416, 0xC416,
    0xC416, 0xC415, 0xCC15, 0xCC14, 0xCC15, 0xCBF5, 0xC3F5, 0xBBF6, 0xB3F6, 0xABF6, 0xABF6, 0xAC16,
    0xABF6, 0xABF7, 0xAC16, 0xABF6, 0x8B33, 0x9B74, 0xB3F6, 0xB3F6, 0xB3F6, 0xC415, 0xD435, 0xDC55,
    0xEC93, 0xF4D4, 0xFD34, 0xF4B4, 0xF4B3, 0xF513, 0xFD33, 0xED13, 0x39AC, 0x8B30, 0xFD74, 0xFDD4,
    0xD533, 0x31AD, 0x3A30, 0x4271, 0x52B2, 0x4271, 0x21EE, 0x21EE, 0x2A0F, 0x3A91, 0x4270, 0x5270,
    0x5270, 0x4250, 0x2A2F, 0x3250, 0x4270, 0x4A90, 0x62B1, 0x72D0, 0xB3F4, 0x72B0, 0x218D, 0x29CE,
    0x21CE, 0x19AE, 0x220F, 0x220F, 0x2A0F, 0x3230, 0x4271, 0x7332, 0x93B3, 0xAC53, 0xAC13, 0xA3F5,
    0xBBF5, 0x9B95, 0x7B13, 0xABB5, 0xC3F6, 0xC3F7, 0xC3F6, 0xBBF6, 0xBBF6, 0xC3F6, 0xC3F6, 0xC3F6,
    0xC3F6, 0xC3F6, 0xBC16, 0xBC16, 0x9374, 0xABB5, 0xCC35, 0xBBB3, 0xC3D4, 0xEC54, 0xE455, 0xE455,
    0xD455, 0xE435, 0xEC55, 0xEC74, 0xEC94, 0xF4F4, 0xF4F4, 0xF513, 0xF553, 0xFD94, 0xFD94, 0xFD74,
    0xFD54, 0xF4F3, 0xF534, 0xFD74, 0xFD73, 0xFD94, 0xFDD4, 0xFDB4, 0xF5F3, 0xFE12, 0xFE12, 0xFE12,
    0xFE12, 0xFE32, 0xFE32, 0xF5F1, 0xFDD1, 0xFDF2, 0xF593, 0xF514, 0xF4F4, 0xF4B4, 0xEC94, 0xEC94,
    0xEC95, 0xEC95, 0xEC95, 0xEC74, 0xEC75, 0xEC75, 0xEC75, 0xEC75, 0xEC95, 0xF4D5, 0xFD14, 0xFD34,
    0xF554, 0xFD94, 0xFDB4, 0xFD94, 0xF5B4, 0xFE34, 0xFE33, 0xFE32, 0xFE32, 0xFE32, 0xFE52, 0xFE52,
    0xFE31, 0xFE31, 0xFE32, 0xFE32, 0xFE31, 0xFE31, 0xFE31, 0xFE31, 0xFE31, 0xFE31, 0xFE31, 0xFE31,
    0xFE31, 0xFE32, 0xFE32, 0xFE52, 0xFE52, 0xFE32, 0xFE32, 0xFE31, 0xFE31, 0xFE51, 0xFE51, 0xFE31,
    0xFE31, 0xFE51, 0xFE51, 0xFE51, 0xFE51, 0xFE51, 0xFE51, 0xFE51, 0xFE52, 0xFE52, 0xFE52, 0xFE52,
    0xFE52, 0xFE52, 0xFE52, 0xFE52, 0xFE32, 0xFE32, 0xFE32, 0xFE32, 0xFE52, 0xFE52, 0xFE52, 0xFE31,
    0xFE31, 0xFE31, 0xFE31, 0xFE51, 0xFE51, 0xFE51, 0xFE52, 0xFE32, 0xFE12, 0xF574, 0xFDD3, 0xFE32,
    0xFE32, 0xFE32, 0xFE52, 0xF554, 0xF514, 0xF5D3, 0xFE12, 0xFE51, 0xFE52, 0xFDF2, 0xF593, 0xF4D4,
    0xF534, 0xFE52, 0xFE52, 0xFE52, 0xFE52, 0xFE52, 0xFE52, 0xFE51, 0xFE51, 0xFE51, 0xFE51, 0xFE51,
    0xFE51, 0xFE51, 0xFE51, 0xFE52, 0xFE52, 0xFE52, 0xFE52, 0xFE52, 0xFE51, 0xFE51, 0xFE52, 0xFE52,
    0xFE52, 0xFE52, 0xFE52, 0xFE51, 0xFE51, 0xFE51, 0xFE52, 0xF5B3, 0xED34, 0xECB4, 0xED14, 0xED33,
    0xED33, 0xED34, 0xE533, 0xF5F3, 0xF5D2, 0xE553, 0xE553, 0xE534, 0x8B77, 0x8B77, 0x8B76, 0x8B76,
    0x9396, 0xA3D7, 0xABD6, 0xABD7, 0xABD7, 0xABD7, 0xABD7, 0xABD7, 0xABD7, 0xABD7, 0xABD7, 0xABD7,
    0xABD7, 0xABD7, 0xABD7, 0xABD7, 0xABD7, 0xABD7, 0xABD7, 0xABD7, 0xABD7, 0xABD7, 0xABD7, 0xABD7,
    0xABD7, 0xABD7, 0xABD7, 0xABD7, 0xABD7, 0xABD7, 0xABD7, 0xABD7, 0xABD7, 0xABD7, 0xABD7, 0xABD6,
    0xABD6, 0xB3F6, 0xBBF6, 0xD436, 0xD435, 0xC416, 0xC3F6, 0xBBF6, 0xB3D6, 0xB3F6, 0xBBF6, 0xBBF5,
    0xB3D5, 0xABB6, 0xA3B6, 0x9BB7, 0x9BB7, 0xA3D6, 0xAC16, 0xA3F7, 0xA3F7, 0xA3F7, 0xABF7, 0xABF6,
    0x7B12, 0x8B74, 0xA3B6, 0xA3F6, 0xABF6, 0xB3F6, 0xB3F5, 0xBBF5, 0xDC94, 0xECD5, 0xF535, 0xF4F5,
    0xF4F4, 0xFD33, 0xFD33, 0xE4F4, 0x296D, 0x82F0, 0xFCF4, 0xFD54, 0xD4F3, 0x31AD, 0x4250, 0x42B2,
    0x52B2, 0x4271, 0x220E, 0x21EF, 0x2A2F, 0x3A70, 0x5AB1, 0x72D1, 0x4A71, 0x3A50, 0x324F, 0x3A70,
    0x4290, 0x5AB2, 0x6AB1, 0x7AF1, 0xABD4, 0x62D1, 0x218E, 0x29CE, 0x21CE, 0x19AE, 0x220F, 0x2A2F,
    0x3230, 0x4251, 0x5AB1, 0x93B3, 0xA3F3, 0xB432, 0xAC13, 0xABD4, 0xBBF5, 0xABB5, 0x9375, 0xABD6,
    0xBBF6, 0xBBF6, 0xBBF6, 0xBBF6, 0xBBF6, 0xBBF6, 0xC3F6, 0xC3F6, 0xC3F6, 0xBC16, 0xBC16, 0xBC16,
    0xCC78, 0xD457, 0xD435, 0xD456, 0xDC55, 0xEC54, 0xE455, 0xE435, 0xDC56, 0xE455, 0xEC55, 0xEC54,
    0xEC74, 0xF4B4, 0xF494, 0xF4B4, 0xF514, 0xFD74, 0xF593, 0xF5B3, 0xF533, 0xEC93, 0xF513, 0xFD73,
    0xF553, 0xFDB4, 0xFDF4, 0xFE14, 0xFE33, 0xFE33, 0xFE32, 0xFE12, 0xFE12, 0xFE12, 0xFE12, 0xF591,
    0xF572, 0xFDB3, 0xFD73, 0xFD14, 0xF4D4, 0xECB4, 0xF495, 0xF495, 0xF475, 0xF475, 0xEC75, 0xEC74,
    0xEC75, 0xEC75, 0xEC75, 0xEC75, 0xEC75, 0xEC74, 0xF4D4, 0xFD14, 0xFD54, 0xFD54, 0xF554, 0xF554,
    0xF595, 0xFE14, 0xFE13, 0xFE32, 0xFE32, 0xFE52, 0xFE52, 0xFE52, 0xFE52, 0xFE52, 0xFE32, 0xFE32,
    0xFE31, 0xFE31, 0xFE31, 0xFE31, 0xFE31, 0xFE31, 0xFE31, 0xFE31, 0xFE31, 0xFE32, 0xFE32, 0xFE52,
    0xFE52, 0xFE32, 0xFE32, 0xFE31, 0xFE31, 0xFE51, 0xFE51, 0xFE31, 0xFE31, 0xFE51, 0xFE51, 0xFE51,
    0xFE51, 0xFE51, 0xFE51, 0xFE51, 0xFE52, 0xFE52, 0xFE52, 0xFE52, 0xFE51, 0xFE51, 0xFE51, 0xFE51,
    0xFE51, 0xFE51, 0xFE51, 0xFE32, 0xFE32, 0xFE32, 0xFE32, 0xFE31, 0xFE31, 0xFE31, 0xFE31, 0xFE51,
    0xFE51, 0xFE51, 0xFE52, 0xFE32, 0xFE12, 0xF574, 0xFDD3, 0xFE32, 0xFE32, 0xFE32, 0xFE31, 0xF533,
    0xF4F5, 0xF534, 0xF5F2, 0xFE52, 0xFE52, 0xFDD3, 0xFD34, 0xF4B5, 0xF534, 0xFE52, 0xFE52, 0xFE52,
    0xFE52, 0xFE52, 0xFE52, 0xFE51, 0xFE51, 0xFE51, 0xFE51, 0xFE51, 0xFE51, 0xFE51, 0xFE51, 0xFE52,
    0xFE52, 0xFE52, 0xFE52, 0xFE52, 0xFE51, 0xFE51, 0xFE52, 0xFE52, 0xFE52, 0xFE52, 0xFE52, 0xFE51,
    0xFE51, 0xFE51, 0xFE52, 0xE552, 0xDCB2, 0xDC54, 0xDC93, 0xDCB2, 0xDCB2, 0xDCB3, 0xD492, 0xEDB3,
    0xED93, 0xD4D3, 0xD4D3, 0xD4D3, 0x8B77, 0x8B77, 0x8B77, 0x8B77, 0x8B76, 0x9396, 0xA3B6, 0xABD7,
    0xABD7, 0xABD7, 0xABD7, 0xABD7, 0xABD7, 0xABD7, 0xABD7, 0xABD7, 0xABD7, 0xABD7, 0xABD7, 0xABD7,
    0xABD7, 0xABD7, 0xABD7, 0xABD7, 0xABD7, 0xABD7, 0xABD7, 0xABD7, 0xABD7, 0xABD7, 0xABD7, 0xABD7,
    0xABD7, 0xABD7, 0xABD7, 0xABD7, 0xABD7, 0xABD6, 0xABD7, 0xABD7, 0xABD6, 0xB3F7, 0xB3F7, 0xC3F6,
    0xC3F5, 0xC416, 0xBC16, 0xBBF6, 0xB3F6, 0xABD6, 0xABD6, 0xABD6, 0xA3D6, 0xA3D6, 0x9BD7, 0x9BD6,
    0x9BB6, 0x9BD6, 0x9BD6, 0x9BB6, 0x9BD6, 0x9BD6, 0x9BD6, 0x93D6, 0x6AD2, 0x8B34, 0x9BD7, 0x9BD7,
    0xA3B7, 0xA3D7, 0xA3D6, 0xABD6, 0xC436, 0xC435, 0xBC15, 0xE495, 0xECB4, 0xEC93, 0xECF4, 0xDCF5,
    0x298E, 0x7B11, 0xFCF5, 0xF4D4, 0xCC33, 0x318D, 0x3A31, 0x4AB2, 0x52B2, 0x4271, 0x21EE, 0x220F,
    0x322F, 0x4270, 0x6AF2, 0x8B93, 0x4A71, 0x4291, 0x42D1, 0x2A0E, 0x220F, 0x3AB1, 0x3A70, 0x3A4F,
    0x4A4F, 0x3A50, 0x3A11, 0x3A50, 0x3230, 0x21AE, 0x2A0F, 0x2A30, 0x4251, 0x5A71, 0x6AD2, 0xA3F3,
    0xBC33, 0xBC12, 0xB3F3, 0xABD4, 0xC415, 0xABB4, 0x9333, 0xABB6, 0xBBF6, 0xBBF6, 0xBBF6, 0xBBD6,
    0xBBF6, 0xBBF6, 0xBBF6, 0xBBF6, 0xBBF6, 0xC3F6, 0xBC16, 0xBC16, 0xCC36, 0xCC16, 0xCC16, 0xD416,
    0xD415, 0xEC34, 0xE434, 0xE435, 0xD416, 0xD436, 0xE455, 0xEC55, 0xEC55, 0xF474, 0xF474, 0xF474,
    0xF4B4, 0xF514, 0xFD94, 0xF5B3, 0xF553, 0xEC94, 0xF514, 0xFD74, 0xF553, 0xFD74, 0xFD93, 0xFDF4,
    0xFE33, 0xFE53, 0xFE73, 0xFE53, 0xF5D2, 0xF5D2, 0xFDD3, 0xF593, 0xF554, 0xF533, 0xF514, 0xF4D4,
    0xF4B4, 0xEC94, 0xEC75, 0xEC75, 0xEC75, 0xEC75, 0xEC75, 0xEC75, 0xEC75, 0xEC75, 0xEC75, 0xEC75,
    0xEC75, 0xEC75, 0xF4D5, 0xF4F4, 0xFD14, 0xFD34, 0xFD54, 0xFD34, 0xFD74, 0xFDF5, 0xFE14, 0xFE33,
    0xFE32, 0xFE32, 0xFE32, 0xFE52, 0xFE52, 0xFE52, 0xFE52, 0xFE52, 0xFE51, 0xFE51, 0xFE31, 0xFE31,
    0xFE31, 0xFE31, 0xFE51, 0xFE51, 0xFE51, 0xF651, 0xF651, 0xFE51, 0xFE51, 0xF632, 0xF632, 0xF651,
    0xF651, 0xFE51, 0xFE51, 0xFE52, 0xFE52, 0xFE52, 0xFE52, 0xFE52, 0xFE52, 0xFE52, 0xFE52, 0xFE52,
    0xFE51, 0xFE51, 0xFE51, 0xFE51, 0xFE51, 0xFE51, 0xFE51, 0xFE51, 0xFE51, 0xFE51, 0xFE51, 0xFE51,
    0xFE51, 0xFE51, 0xFE51, 0xFE51, 0xFE51, 0xFE51, 0xFE51, 0xFE51, 0xFE51, 0xFE51, 0xFE52, 0xFE52,
    0xFE33, 0xF573, 0xFDD3, 0xFE32, 0xFE51, 0xFE32, 0xFE12, 0xF534, 0xECD5, 0xECD4, 0xF5D3, 0xFE52,
    0xFE32, 0xFDD4, 0xF514, 0xF495, 0xF534, 0xFE52, 0xFE52, 0xFE52, 0xFE52, 0xFE52, 0xFE52, 0xFE52,
    0xFE52, 0xFE52, 0xFE52, 0xFE52, 0xFE52, 0xFE51, 0xFE51, 0xFE52, 0xFE52, 0xFE52, 0xFE52, 0xFE52,
    0xFE52, 0xFE52, 0xFE52, 0xFE52, 0xFE52, 0xFE52, 0xFE52, 0xFE52, 0xFE52, 0xFE52, 0xFE52, 0xFE73,
    0xFE13, 0xED33, 0xF5F3, 0xFE52, 0xFE52, 0xFE52, 0xFE52, 0xFE52, 0xFE52, 0xFE33, 0xFE33, 0xFE33,
    0x8B77, 0x8B77, 0x8B77, 0x8B77, 0x8B76, 0x8B76, 0x9BB6, 0xABD7, 0xABD7, 0xABD7, 0xABD7, 0xABD7,
    0xABD7, 0xABD7, 0xABD7, 0xABD7, 0xABD7, 0xABD7, 0xABD7, 0xABD7, 0xABD7, 0xABD7, 0xABD7, 0xABD7,
    0xABD7, 0xABD7, 0xABD7, 0xABD7, 0xABD7, 0xABD7, 0xABD6, 0xABD6, 0xABD7, 0xABD7, 0xABD7, 0xABD7,
    0xABD7, 0xABD6, 0xABD6, 0xABD7, 0xABD7, 0xABD7, 0xABF7, 0xBBF6, 0xBBF6, 0xB3D6, 0xBBF6, 0xBBF6,
    0xBC16, 0xB3F7, 0x9BB7, 0xA3D6, 0xA3B6, 0x9BB6, 0x9BB6, 0x93B6, 0x93B6, 0x93B6, 0x9BB7, 0x9BB7,
    0x93D6, 0x93D6, 0x9BD6, 0x93B6, 0x5A70, 0x7B13, 0x9BD6, 0x9BB6, 0x9BB6, 0x9BD6, 0x9BB7, 0xA397,
    0xABB6, 0xABD7, 0xABF7, 0xCC15, 0xDC34, 0xDC14, 0xDC94, 0xCCB5, 0x218E, 0x72B0, 0xE433, 0xEC74,
    0xCC13, 0x318D, 0x3A10, 0x4272, 0x5291, 0x4270, 0x21EE, 0x2A0F, 0x3A50, 0x5291, 0x6AD1, 0x8B33,
    0x5251, 0x4A71, 0x4AD1, 0x2A2F, 0x220F, 0x3AD2, 0x42D1, 0x42B1, 0x3A2E, 0x3250, 0x3251, 0x3250,
    0x322F, 0x21AE, 0x2A0F, 0x3230, 0x5251, 0x62B2, 0x7B13, 0xB413, 0xBC33, 0xB3F1, 0xB3D2, 0xABD3,
    0xC415, 0xABB4, 0x8B33, 0xABB5, 0xBBF6, 0xBBF6, 0xBBF6, 0xB3F6, 0xB3F6, 0xB3F6, 0xB3F6, 0xBBF6,
    0xBBF6, 0xC416, 0xBBF5, 0xB3F6, 0xC417, 0xC416, 0xC3F6, 0xD416, 0xD436, 0xEC54, 0xE434, 0xDC55,
    0xD436, 0xD435, 0xDC55, 0xE455, 0xEC55, 0xEC54, 0xEC74, 0xF474, 0xEC94, 0xF4F4, 0xFD94, 0xFDB4,
    0xF573, 0xF494, 0xF4F4, 0xF514, 0xF514, 0xFD54, 0xFD73, 0xFDB4, 0xF5F3, 0xFE53, 0xFE73, 0xFE53,
    0xFDF3, 0xFE12, 0xFDF2, 0xF573, 0xFD34, 0xF514, 0xF4D4, 0xEC94, 0xF4B4, 0xEC95, 0xEC75, 0xEC75,
    0xEC75, 0xEC75, 0xEC75, 0xEC75, 0xEC75, 0xEC75, 0xEC75, 0xEC75, 0xEC75, 0xEC75, 0xF4B5, 0xF4D4,
    0xF4F4, 0xF514, 0xF535, 0xFD34, 0xFD74, 0xFDD5, 0xFE14, 0xFE14, 0xFE13, 0xFE13, 0xFE13, 0xFE33,
    0xFE33, 0xFE52, 0xFE52, 0xFE52, 0xFE72, 0xFE72, 0xFE52, 0xFE52, 0xFE52, 0xFE52, 0xFE72, 0xFE72,
    0xFE72, 0xFE72, 0xFE72, 0xFE72, 0xFE72, 0xFE52, 0xFE52, 0xFE72, 0xFE72, 0xFE72, 0xFE72, 0xFE72,
    0xFE72, 0xFE72, 0xFE72, 0xFE72, 0xFE72, 0xFE72, 0xFE72, 0xFE72, 0xFE72, 0xFE72, 0xFE72, 0xFE72,
    0xFE72, 0xFE72, 0xFE72, 0xFE72, 0xFE72, 0xFE72, 0xFE72, 0xFE72, 0xFE72, 0xFE72, 0xFE72, 0xFE72,
    0xFE72, 0xFE72, 0xFE72, 0xFE72, 0xFE72, 0xFE72, 0xFE72, 0xFE73, 0xFE33, 0xF574, 0xFDD3, 0xFE13,
    0xFE51, 0xFE12, 0xFDD3, 0xF514, 0xF4D5, 0xECD4, 0xF5B3, 0xFE52, 0xFE13, 0xF5B4, 0xF4F4, 0xEC95,
    0xF534, 0xFE52, 0xFE52, 0xFE72, 0xFE72, 0xFE72, 0xFE72, 0xFE72, 0xFE72, 0xFE72, 0xFE72, 0xFE72,
    0xFE72, 0xFE72, 0xFE72, 0xFE72, 0xFE72, 0xFE72, 0xFE72, 0xFE72, 0xFE72, 0xFE72, 0xFE72, 0xFE72,
    0xFE72, 0xFE72, 0xFE72, 0xFE72, 0xFE72, 0xFE72, 0xFE72, 0xFE92, 0xFE33, 0xED33, 0xF612, 0xFE72,
    0xFE52, 0xFE72, 0xFE72, 0xFE52, 0xFE52, 0xFE52, 0xFE52, 0xFE52, 0x8B77, 0x8B77, 0x8B77, 0x8B77,
    0x8B77, 0x8B56, 0x9BB6, 0xABD7, 0xABD7, 0xABD7, 0xABD7, 0xABD7, 0xABD7, 0xABD7, 0xABD7, 0xABD7,
    0xABD7, 0xABD7, 0xABD7, 0xABD7, 0xABD7, 0xABD7, 0xABD7, 0xABD7, 0xABD7, 0xABD7, 0xABD7, 0xABD7,
    0xABD7, 0xABD7, 0xABD7, 0xABD7, 0xABD7, 0xABD7, 0xABD7, 0xABD7, 0xABD7, 0xABD6, 0xABD6, 0xABD6,
    0xABD7, 0xABD7, 0xABD7, 0xB3D7, 0xB3F6, 0xABD7, 0xB3F7, 0xB3F6, 0xBC17, 0xBC16, 0xABF7, 0xABF6,
    0xABD6, 0xA3B6, 0x9BB6, 0x93B6, 0x93B6, 0x93B6, 0x9BB6, 0x9BB6, 0x93D6, 0x93D6, 0x9BB6, 0x8B96,
    0x420F, 0x6AF2, 0xA3B6, 0x9B96, 0x9BB5, 0x9376, 0xB3D6, 0xBBF6, 0xBBF6, 0xBBF5, 0xB3F5, 0xDC54,
    0xEC94, 0xF494, 0xC3F2, 0x8B31, 0x198D, 0x72D1, 0xF495, 0xEC74, 0xCC12, 0x31AE, 0x3A30, 0x4271,
    0x5292, 0x4270, 0x21EE, 0x2A0F, 0x3250, 0x52B1, 0x6AD2, 0x7B12, 0x4A51, 0x4271, 0x42D1, 0x2A0F,
    0x220F, 0x32B1, 0x42D2, 0x4AB1, 0x62B2, 0x4250, 0x2A0F, 0x29EF, 0x29EF, 0x19CE, 0x2A10, 0x3230,
    0x5A91, 0x72D2, 0x8313, 0xC434, 0xC453, 0xABD1, 0xB3D1, 0xABD2, 0xC435, 0xABB4, 0x8B33, 0xABB5,
    0xC3F7, 0xC3F7, 0xC3F7, 0xBBF6, 0xBBF6, 0xBBD6, 0xBBF6, 0xBBF6, 0xC3F6, 0xBBF6, 0xBC35, 0xBC76,
    0xC416, 0xC416, 0xC3F6, 0xCC16, 0xD416, 0xE454, 0xDC34, 0xD434, 0xE495, 0xE475, 0xEC95, 0xE475,
    0xE454, 0xEC54, 0xEC54, 0xEC54, 0xF4B4, 0xF514, 0xFD74, 0xFD93, 0xF554, 0xF494, 0xECB4, 0xF4B4,
    0xF4B4, 0xF514, 0xFD54, 0xFD74, 0xF5D3, 0xFE54, 0xFE73, 0xFE73, 0xFE33, 0xFE12, 0xFDF2, 0xF573,
    0xF514, 0xF4D4, 0xF4B4, 0xF494, 0xEC94, 0xEC95, 0xEC75, 0xEC75, 0xEC75, 0xEC75, 0xEC75, 0xEC75,
    0xEC75, 0xEC75, 0xEC75, 0xEC75, 0xEC75, 0xEC75, 0xF494, 0xF4B4, 0xFCF4, 0xFD34, 0xF534, 0xFD34,
    0xFD74, 0xFDB5, 0xFDD5, 0xFDD4, 0xFDF4, 0xF5B4, 0xF535, 0xF574, 0xF5B4, 0xFE53, 0xFE52, 0xFE53,
    0xFE52, 0xFE52, 0xFE72, 0xFE72, 0xFE72, 0xFE72, 0xFE72, 0xFE72, 0xFE72, 0xFE72, 0xFE72, 0xFE72,
    0xFE72, 0xFE72, 0xFE72, 0xFE72, 0xFE72, 0xFE72, 0xF672, 0xFE72, 0xFE72, 0xFE72, 0xFE72, 0xFE72,
    0xFE72, 0xFE72, 0xFE72, 0xFE72, 0xFE72, 0xFE72, 0xFE72, 0xFE72, 0xFE72, 0xFE72, 0xFE72, 0xFE72,
    0xFE52, 0xFE52, 0xFE52, 0xFE52, 0xFE52, 0xFE52, 0xFE52, 0xFE52, 0xFE52, 0xFE52, 0xFE52, 0xFE52,
    0xFE52, 0xFE72, 0xFE52, 0xFE73, 0xFE33, 0xF574, 0xFDD4, 0xFE13, 0xFE52, 0xFDD3, 0xF573, 0xF514,
    0xF4B4, 0xF4B4, 0xF5B3, 0xFE32, 0xFE13, 0xF594, 0xECD5, 0xEC95, 0xF514, 0xFE52, 0xFE52, 0xFE52,
    0xFE52, 0xFE52, 0xFE52, 0xFE72, 0xFE72, 0xFE72, 0xFE72, 0xFE72, 0xFE72, 0xFE72, 0xFE72, 0xFE72,
    0xFE72, 0xFE72, 0xFE72, 0xFE72, 0xFE72, 0xFE72, 0xFE72, 0xFE72, 0xFE72, 0xFE72, 0xFE72, 0xFE72,
    0xFE72, 0xFE72, 0xFE72, 0xFE72, 0xFE13, 0xED13, 0xF5F2, 0xFE72, 0xFE52, 0xFE52, 0xFE52, 0xFE52,
    0xFE72, 0xFE52, 0xFE52, 0xFE52, 0x8B77, 0x8B77, 0x8B77, 0x8B77, 0x8B77, 0x8B76, 0xA396, 0xABD7,
    0xABB7, 0xABD7, 0xABD7, 0xABD7, 0xABD7, 0xABD7, 0xABD7, 0xABD7, 0xABD7, 0xABD7, 0xABD7, 0xABD7,
    0xABD7, 0xABD7, 0xABD7, 0xABD7, 0xABD7, 0xABD7, 0xABD7, 0xABD7, 0xABD6, 0xABD7, 0xABD7, 0xABB7,
    0xABD7, 0xABD6, 0xABD7, 0xABB7, 0xABD7, 0xB3D6, 0xB3B6, 0xABB6, 0xABD6, 0xABD7, 0xABB7, 0xABD6,
    0xABD6, 0xABD7, 0xABD7, 0xB3D6, 0xB3F6, 0xB3F6, 0xB3F6, 0xB3F7, 0xB3F6, 0xB3D6, 0xABF6, 0x9BD6,
    0x9BD6, 0x9BD6, 0x9BD6, 0x9BB6, 0x9BD6, 0x9BB6, 0x9BD6, 0x93D6, 0x29CE, 0x7B12, 0xD455, 0xC415,
    0xC415, 0xC3F5, 0xD415, 0xDC35, 0xE455, 0xDC34, 0xDC34, 0xF494, 0xF4B3, 0xFCF4, 0xA350, 0x51ED,
    0x196E, 0x7AF1, 0xF4D5, 0xEC54, 0xC3D2, 0x31CD, 0x3A50, 0x4271, 0x4A91, 0x3A50, 0x21EE, 0x2A30,
    0x3A70, 0x4AB1, 0x62D2, 0x6AD2, 0x4230, 0x3A50, 0x3A71, 0x2A0F, 0x222F, 0x32B1, 0x3AB2, 0x4AB1,
    0x7312, 0x4A70, 0x21AE, 0x2A0F, 0x2A2F, 0x19CE, 0x3230, 0x4251, 0x5AB1, 0x7AF2, 0x9312, 0xD453,
    0xD452, 0xAB90, 0xABD1, 0xABD2, 0xC435, 0xAB94, 0x82D2, 0xB395, 0xC3F6, 0xC3F6, 0xC3F6, 0xC3F6,
    0xC3F6, 0xC3F6, 0xC3F6, 0xC3F5, 0xBBD5, 0x9B73, 0xAC34, 0xB4B6, 0xCC16, 0xC416, 0xC416, 0xCC36,
    0xD435, 0xDC35, 0xDC55, 0xDC75, 0xEC74, 0xF494, 0xF4B5, 0xE475, 0xE474, 0xEC74, 0xF474, 0xF454,
    0xF494, 0xECD4, 0xF513, 0xFD73, 0xFD73, 0xF514, 0xF4F4, 0xF4F4, 0xF4F4, 0xF513, 0xF513, 0xF553,
    0xF5B3, 0xFE14, 0xFE53, 0xFE73, 0xF5F2, 0xFDF2, 0xFE33, 0xF553, 0xF4D4, 0xF495, 0xF495, 0xF494,
    0xEC94, 0xEC94, 0xEC95, 0xEC95, 0xEC95, 0xEC95, 0xEC95, 0xEC75, 0xEC95, 0xEC95, 0xEC95, 0xEC94,
    0xEC94, 0xEC94, 0xF4D4, 0xF4F4, 0xF4F4, 0xF514, 0xF4F4, 0xF4F4, 0xF4F4, 0xF4F4, 0xFD54, 0xFDB4,
    0xFDD4, 0xF554, 0xF4D5, 0xF555, 0xFDB4, 0xFDF3, 0xFE13, 0xFE13, 0xFE12, 0xFE13, 0xFE33, 0xFE52,
    0xFE53, 0xFE72, 0xFE72, 0xFE72, 0xFE72, 0xFE72, 0xFE52, 0xFE72, 0xFE72, 0xFE72, 0xFE72, 0xFE72,
    0xFE72, 0xFE72, 0xFE72, 0xFE72, 0xFE72, 0xFE72, 0xFE72, 0xFE72, 0xFE72, 0xFE72, 0xFE72, 0xFE72,
    0xFE72, 0xFE72, 0xFE72, 0xFE72, 0xFE72, 0xFE72, 0xFE72, 0xFE72, 0xFE72, 0xFE72, 0xFE72, 0xFE52,
    0xFE72, 0xFE72, 0xFE71, 0xFE72, 0xFE72, 0xFE72, 0xFE72, 0xFE71, 0xFE71, 0xFE71, 0xFE72, 0xFE72,
    0xFE33, 0xF574, 0xFD94, 0xFDD3, 0xFE32, 0xF5B3, 0xF534, 0xF4F4, 0xF4B4, 0xEC94, 0xF594, 0xFE32,
    0xFDB3, 0xF554, 0xF4B5, 0xEC94, 0xF534, 0xFE52, 0xFE52, 0xFE72, 0xFE72, 0xFE72, 0xFE72, 0xFE72,
    0xFE72, 0xFE72, 0xFE72, 0xFE72, 0xFE72, 0xFE72, 0xFE71, 0xFE72, 0xFE72, 0xFE71, 0xFE72, 0xFE72,
    0xFE72, 0xFE72, 0xFE72, 0xFE72, 0xFE72, 0xFE72, 0xFE72, 0xFE72, 0xFE72, 0xFE72, 0xFE72, 0xFE52,
    0xFE13, 0xED13, 0xF5F2, 0xFE72, 0xFE52, 0xFE72, 0xFE72, 0xFE72, 0xFE72, 0xFE72, 0xFE72, 0xFE72,
    0x8B77, 0x8B77, 0x8B77, 0x8B77, 0x8B77, 0x8B76, 0xA396, 0xABD7, 0xABB7, 0xABD7, 0xABD7, 0xABD7,
    0xABD7, 0xABD7, 0xABD7, 0xABD7, 0xABD7, 0xABD7, 0xABD7, 0xABD7, 0xABD7, 0xABD7, 0xABD7, 0xABD7,
    0xABD7, 0xABD7, 0xABD6, 0xABD6, 0xABD7, 0xABB7, 0xB3D6, 0xBBF6, 0xBBF6, 0xB3F7, 0xABD7, 0xBBF7,
    0xBBF6, 0xCBF5, 0xCBF5, 0xC3F6, 0xB3D6, 0xABD7, 0xABD6, 0xABD7, 0xABD7, 0xABD6, 0xABD6, 0xABD7,
    0xABF6, 0xABF6, 0xB3F6, 0xABD6, 0xB3F6, 0xBC17, 0xB417, 0xAC16, 0xABF6, 0xABF6, 0xABF6, 0xABF6,
    0xABF6, 0xABF6, 0x8B74, 0x6AF3, 0x19CE, 0x7311, 0xD434, 0xE433, 0xEC53, 0xEC54, 0xEC34, 0xEC34,
    0xEC54, 0xEC54, 0xEC54, 0xF474, 0xF493, 0xFD14, 0x8B0F, 0x296D, 0x118D, 0x72F1, 0xECB6, 0xEC55,
    0xC3B2, 0x31AD, 0x3A2F, 0x4271, 0x3230, 0x2A2F, 0x19CE, 0x3250, 0x3A91, 0x4AB1, 0x5AB2, 0x62D2,
    0x4A71, 0x4250, 0x3A50, 0x220F, 0x222F, 0x3AD2, 0x3AB2, 0x42B1, 0x5AD1, 0x4250, 0x29EF, 0x3250,
    0x2A2F, 0x19AD, 0x3A50, 0x5292, 0x6291, 0x7AF2, 0x9B52, 0xDC53, 0xDC51, 0xAB6F, 0xABB1, 0xA3D2,
    0xC434, 0x9B93, 0x6AB0, 0xA394, 0xC416, 0xC3F6, 0xC3F6, 0xC3F6, 0xC3F6, 0xC3F6, 0xC3F6, 0xCC16,
    0xAB95, 0x5250, 0x7B72, 0xAC76, 0xBC16, 0xC436, 0xC416, 0xCC36, 0xCC36, 0xD415, 0xE435, 0xE456,
    0xDC35, 0xE475, 0xEC74, 0xEC94, 0xEC94, 0xEC74, 0xE455, 0xE455, 0xE454, 0xE494, 0xECD4, 0xECF4,
    0xECF4, 0xF4F4, 0xF515, 0xF534, 0xF554, 0xF534, 0xF513, 0xF554, 0xF573, 0xF5B3, 0xF5F3, 0xFE13,
    0xF5B3, 0xFDF3, 0xFE74, 0xF593, 0xF514, 0xEC94, 0xEC95, 0xEC74, 0xEC75, 0xEC75, 0xEC75, 0xEC75,
    0xEC75, 0xEC75, 0xEC75, 0xEC55, 0xEC74, 0xEC94, 0xEC74, 0xEC75, 0xEC95, 0xF494, 0xF4B4, 0xF4D4,
    0xF4B4, 0xF4B4, 0xF495, 0xF495, 0xF475, 0xEC74, 0xF4D4, 0xF534, 0xF554, 0xF514, 0xF4B4, 0xF554,
    0xF594, 0xF5D3, 0xFDD4, 0xFDD4, 0xFDB3, 0xFDD4, 0xFDD3, 0xFDF3, 0xFE13, 0xFE12, 0xFE12, 0xFE32,
    0xFE72, 0xFE72, 0xFE71, 0xFE71, 0xFE71, 0xFE72, 0xFE72, 0xFE72, 0xFE72, 0xFE72, 0xFE72, 0xFE72,
    0xFE72, 0xFE72, 0xFE72, 0xFE72, 0xFE72, 0xFE72, 0xFE72, 0xFE72, 0xFE72, 0xFE72, 0xFE72, 0xFE72,
    0xFE72, 0xFE72, 0xFE72, 0xFE72, 0xFE72, 0xFE72, 0xFE72, 0xFE52, 0xF612, 0xF612, 0xFE52, 0xFE32,
    0xF612, 0xF612, 0xF612, 0xF612, 0xF612, 0xF632, 0xFE12, 0xFE13, 0xF5F3, 0xF574, 0xF554, 0xF573,
    0xFE33, 0xF5B3, 0xF534, 0xF4F4, 0xF4B4, 0xEC94, 0xF594, 0xFE33, 0xF573, 0xF514, 0xF495, 0xEC75,
    0xF534, 0xFE73, 0xFE72, 0xFE71, 0xFE72, 0xFE72, 0xFE72, 0xFE72, 0xFE72, 0xFE72, 0xFE72, 0xFE72,
    0xFE72, 0xFE72, 0xFE72, 0xFE33, 0xFE52, 0xFE72, 0xFE72, 0xFE72, 0xFE72, 0xFE72, 0xFE72, 0xFE72,
    0xFE72, 0xFE72, 0xFE72, 0xFE72, 0xFE72, 0xFE72, 0xFE72, 0xFE52, 0xFDF4, 0xECF4, 0xF5D3, 0xFE72,
    0xFE52, 0xFE72, 0xFE72, 0xFE72, 0xFE72, 0xFE72, 0xFE72, 0xFE72, 0x8B77, 0x8B77, 0x8B77, 0x8B77,
    0x8B77, 0x8B76, 0xA396, 0xABD7, 0xABB7, 0xABD7, 0xABD7, 0xABD7, 0xABD7, 0xABD7, 0xABD7, 0xABD7,
    0xABD7, 0xABB6, 0xABB6, 0xABD7, 0xABD7, 0xABD7, 0xABD7, 0xABD7, 0xABD7, 0xABD7, 0xABD6, 0xBBD5,
    0xBBD6, 0xB3B6, 0xCC16, 0xDC36, 0xDC35, 0xCC16, 0xB3F6, 0xD416, 0xDC16, 0xE435, 0xE415, 0xD435,
    0xBBD6, 0xABD6, 0xABD6, 0xABD7, 0xABD7, 0xB3D6, 0xB3B6, 0xABD7, 0xABD6, 0xABF6, 0xBC17, 0xABF6,
    0xB417, 0xBC37, 0xBC17, 0xBC17, 0xBC36, 0xBC36, 0xBC37, 0xBC36, 0xBC16, 0xC457, 0x62D1, 0x21CE,
    0x19EE, 0x52D2, 0x93B3, 0xD414, 0xF454, 0xE434, 0xE434, 0xEC54, 0xEC54, 0xEC54, 0xE453, 0xEC34,
    0xEC54, 0xFCF4, 0x8310, 0x118D, 0x118D, 0x6B11, 0xDCB5, 0xDC54, 0xBBD3, 0x29AE, 0x31EE, 0x320F,
    0x21CE, 0x21EE, 0x21EE, 0x3250, 0x3A91, 0x4A91, 0x5AD2, 0x62F2, 0x52B2, 0x4A71, 0x4250, 0x220F,
    0x220F, 0x32D2, 0x42B2, 0x52B2, 0x5A91, 0x4250, 0x2A30, 0x2A2F, 0x2A0F, 0x19CE, 0x3A30, 0x4A72,
    0x6291, 0x72B1, 0x8B11, 0xD453, 0xD452, 0xA34F, 0xABB0, 0xA3D2, 0xC415, 0x8B73, 0x4A6F, 0x9B95,
    0xBC17, 0xC3F6, 0xC3F6, 0xC3F6, 0xC3F6, 0xC3F6, 0xC3F6, 0xCC17, 0x9B74, 0x218E, 0x6B11, 0xAC74,
    0xC416, 0xC416, 0xC416, 0xC416, 0xCC16, 0xCC36, 0xD435, 0xDC35, 0xD436, 0xD455, 0xDC34, 0xE475,
    0xE475, 0xDC75, 0xD455, 0xD455, 0xD435, 0xE455, 0xE475, 0xDC55, 0xDC55, 0xDC35, 0xE495, 0xECF5,
    0xF515, 0xF534, 0xF554, 0xF554, 0xF554, 0xF553, 0xF554, 0xED73, 0xF594, 0xF5D4, 0xFE55, 0xF5F4,
    0xF575, 0xEC94, 0xECB5, 0xECB5, 0xECB5, 0xECB5, 0xECB4, 0xECB4, 0xECB4, 0xECB4, 0xECB4, 0xECB4,
    0xF4B4, 0xF4B4, 0xF4B4, 0xF4D4, 0xF4B4, 0xECD5, 0xF4D4, 0xECD4, 0xF4D4, 0xF4D4, 0xECD4, 0xF4B5,
    0xF494, 0xF475, 0xEC74, 0xEC93, 0xF4B4, 0xF4B4, 0xEC95, 0xECD4, 0xF514, 0xFD55, 0xF554, 0xF554,
    0xF554, 0xF554, 0xF554, 0xFD74, 0xFD94, 0xFD93, 0xFD94, 0xFDB4, 0xFE14, 0xFE53, 0xFE72, 0xFE72,
    0xFE72, 0xFE53, 0xFE32, 0xFE33, 0xFE33, 0xFE52, 0xFE72, 0xFE72, 0xFE72, 0xFE72, 0xFE72, 0xFE72,
    0xFE72, 0xFE72, 0xFE72, 0xFE72, 0xFE72, 0xFE72, 0xFE72, 0xFE72, 0xFE72, 0xFE72, 0xFE72, 0xFE72,
    0xFE72, 0xFE72, 0xFE72, 0xFE52, 0xED91, 0xF5B2, 0xFE12, 0xF5F2, 0xF5B2, 0xF5B3, 0xF5B3, 0xF5B3,
    0xF5B3, 0xF5D3, 0xF5D3, 0xF5B3, 0xF5B3, 0xFD74, 0xF534, 0xED33, 0xFE33, 0xF5B3, 0xF514, 0xF4D4,
    0xF4B5, 0xEC95, 0xF594, 0xFE13, 0xF554, 0xF4F4, 0xF495, 0xEC75, 0xED15, 0xFE34, 0xFE33, 0xFE72,
    0xFE72, 0xFE72, 0xFE72, 0xFE72, 0xFE72, 0xFE72, 0xFE72, 0xFE72, 0xFE72, 0xFE72, 0xFE72, 0xFDF3,
    0xFE13, 0xFE72, 0xFE72, 0xFE72, 0xFE72, 0xFE72, 0xFE72, 0xFE72, 0xFE72, 0xFE72, 0xFE72, 0xFE72,
    0xFE72, 0xFE72, 0xFE72, 0xFE13, 0xFDB5, 0xECD4, 0xFDD4, 0xFE73, 0xFE52, 0xFE72, 0xFE72, 0xFE72,
    0xFE72, 0xFE72, 0xFE72, 0xFE72, 0x8B77, 0x8B77, 0x8B77, 0x8B77, 0x8B77, 0x8B76, 0x9B96, 0xABB7,
    0xABD6, 0xABD7, 0xABD7, 0xABD7, 0xABD7, 0xABD7, 0xABD7, 0xABD7, 0xABB6, 0xABB6, 0xABB6, 0xABB7,
    0xABB6, 0xABD7, 0xABD7, 0xABD7, 0xABD7, 0xB3B6, 0xB3B6, 0xCC15, 0xD435, 0xD415, 0xDC15, 0xDC15,
    0xDC15, 0xDC35, 0xD436, 0xDC35, 0xE414, 0xDC15, 0xE414, 0xDC35, 0xCC16, 0xBBF6, 0xB3D5, 0xB3D5,
    0xBBD5, 0xCC36, 0xBBF6, 0xABD6, 0xABD6, 0xB3F6, 0xC416, 0xBC16, 0xBC17, 0xBC17, 0xBC16, 0xBC36,
    0xBC16, 0xBC16, 0xBC36, 0xBC36, 0xBC16, 0xC437, 0x62D2, 0x19CE, 0x19EF, 0x5B32, 0x9456, 0xD455,
    0xF473, 0xEC53, 0xE474, 0xEC94, 0xE434, 0xE453, 0xEC53, 0xEC54, 0xEC54, 0xFCD5, 0x7AF0, 0x096D,
    0x19AE, 0x62B1, 0xBBD4, 0xBBF4, 0x9B93, 0x21CE, 0x21CE, 0x21CE, 0x21EE, 0x21EE, 0x21EE, 0x220F,
    0x3250, 0x4AB2, 0x52D2, 0x5AF2, 0x5291, 0x4A70, 0x3A50, 0x2A0F, 0x222F, 0x3291, 0x5AD2, 0x7313,
    0x5A90, 0x4230, 0x29EF, 0x3250, 0x2A50, 0x21AE, 0x3230, 0x4271, 0x62B1, 0x6290, 0x520D, 0xABF2,
    0xBC32, 0xAB4E, 0xA390, 0xA3D1, 0xC415, 0x8B74, 0x4271, 0x9394, 0xB416, 0xC3F6, 0xC3F6, 0xC3F6,
    0xCBF6, 0xC3F6, 0xC3F6, 0xCC36, 0xA394, 0x19CE, 0x6B71, 0xB4D3, 0xBC35, 0xC436, 0xC416, 0xC416,
    0xC416, 0xCC36, 0xD436, 0xD435, 0xD416, 0xD436, 0xD436, 0xD435, 0xD436, 0xD436, 0xD456, 0xD456,
    0xD436, 0xD436, 0xDC35, 0xDC55, 0xDC35, 0xDC35, 0xDC35, 0xE455, 0xE475, 0xE495, 0xECB4, 0xECD4,
    0xECD5, 0xECF5, 0xECD5, 0xECF5, 0xECF5, 0xED14, 0xED14, 0xED14, 0xF515, 0xF4D5, 0xF4F5, 0xF4F5,
    0xF4F5, 0xF4F5, 0xF4F5, 0xF4F5, 0xF4F5, 0xF515, 0xF515, 0xF514, 0xFD15, 0xFD15, 0xF514, 0xF535,
    0xFD15, 0xF534, 0xF535, 0xFD35, 0xFD34, 0xFD35, 0xF514, 0xF4F4, 0xF4D4, 0xEC74, 0xEC75, 0xF475,
    0xF475, 0xEC94, 0xEC95, 0xF4B5, 0xF4B4, 0xF4B4, 0xF4B4, 0xF4B4, 0xF4B5, 0xF4B4, 0xF4B4, 0xF4F4,
    0xF514, 0xF534, 0xFD34, 0xFD55, 0xF574, 0xFDD4, 0xFE33, 0xFE33, 0xFE33, 0xF5F3, 0xF613, 0xF5F4,
    0xFE13, 0xF633, 0xFE72, 0xFE72, 0xFE72, 0xFE72, 0xFE72, 0xFE92, 0xFE92, 0xFE72, 0xFE72, 0xFE72,
    0xFE72, 0xFE72, 0xFE72, 0xFE93, 0xFE93, 0xFE93, 0xFE93, 0xFE93, 0xFE73, 0xFE72, 0xFE92, 0xFE92,
    0xFE72, 0xFE71, 0xFE72, 0xFE72, 0xFE72, 0xFE72, 0xFE72, 0xFE72, 0xFE72, 0xFE72, 0xFE72, 0xFE73,
    0xFE34, 0xFD94, 0xF534, 0xED14, 0xFE13, 0xF594, 0xF4F4, 0xF4D5, 0xF4B5, 0xEC74, 0xF593, 0xF5F3,
    0xF534, 0xF4F5, 0xEC95, 0xEC95, 0xECD5, 0xF533, 0xF5F3, 0xFE73, 0xF672, 0xFE72, 0xFE72, 0xFE72,
    0xFE72, 0xFE72, 0xFE72, 0xFE72, 0xFE72, 0xFE72, 0xFE92, 0xFDB3, 0xF5D2, 0xFE92, 0xFE72, 0xFE92,
    0xFE72, 0xFE72, 0xFE72, 0xFE72, 0xFE72, 0xFE72, 0xFE72, 0xFE72, 0xFE72, 0xFE72, 0xFE92, 0xF5B4,
    0xF535, 0xF4B5, 0xFDB3, 0xFE53, 0xF613, 0xFE32, 0xF671, 0xFE72, 0xFE72, 0xFE72, 0xFE72, 0xFE72,
    0x8B77, 0x8B77, 0x8B77, 0x8B77, 0x8B76, 0x8B76, 0x9376, 0xA396, 0xABD7, 0xABD7, 0xABD7, 0xABD7,
    0xABD7, 0xABD7, 0xABD7, 0xABD7, 0xABD6, 0xA3B6, 0xA396, 0xA3B6, 0xABD6, 0xABD7, 0xABD7, 0xABD7,
    0xABD7, 0xB3D7, 0xB3B6, 0xCC16, 0xDC15, 0xDC15, 0xD415, 0xD415, 0xD435, 0xDC35, 0xDC35, 0xDC35,
    0xD415, 0xC3D5, 0xD3F5, 0xE435, 0xDC35, 0xDC35, 0xDC55, 0xD435, 0xDC35, 0xE434, 0xCBF5, 0xBBD6,
    0xC3F6, 0xC3F6, 0xCBF6, 0xC3F6, 0xBC16, 0xBC16, 0xBC16, 0xBC36, 0xBC16, 0xBC16, 0xBC36, 0xBC36,
    0xBC16, 0xC457, 0x6AB1, 0x218D, 0x220F, 0x4250, 0x5A71, 0xCC14, 0xFCB4, 0xEC54, 0xEC74, 0xEC74,
    0x620C, 0x8ACF, 0xF474, 0xEC74, 0xEC74, 0xF4B5, 0x7AF1, 0x096E, 0x19CE, 0x420F, 0x72B1, 0x4A0E,
    0x31CD, 0x220F, 0x220F, 0x2A0F, 0x2A2F, 0x2A0F, 0x220F, 0x19EE, 0x2A2F, 0x4A92, 0x4AD2, 0x4B33,
    0x5AB2, 0x4A51, 0x320F, 0x220F, 0x2A2F, 0x4312, 0x5B12, 0x72F2, 0x6AB0, 0x424F, 0x21CF, 0x2A0F,
    0x2A0F, 0x21CF, 0x2A10, 0x3A50, 0x5AB1, 0x6AF1, 0x7B11, 0x8B2F, 0x934F, 0xA34F, 0xA34F, 0x9B91,
    0xBC35, 0x8373, 0x3A50, 0x6AF1, 0x9331, 0xBBF6, 0xBBF6, 0xBBF6, 0xC3F6, 0xC3F6, 0xC3F6, 0xCC16,
    0x9374, 0x11EE, 0x42AF, 0x7350, 0x9BB3, 0xB3F4, 0xCC16, 0xCC16, 0xCC36, 0xC416, 0xCC16, 0xCC16,
    0xD436, 0xD436, 0xD436, 0xD435, 0xD436, 0xD436, 0xCC36, 0xCC36, 0xD436, 0xD435, 0xDC35, 0xDC35,
    0xDC55, 0xDC55, 0xDC55, 0xDC55, 0xE475, 0xE455, 0xE476, 0xE476, 0xE455, 0xE476, 0xE455, 0xE455,
    0xE475, 0xE475, 0xE474, 0xE475, 0xE475, 0xE475, 0xEC75, 0xEC75, 0xEC75, 0xEC75, 0xEC95, 0xEC95,
    0xEC94, 0xEC94, 0xEC94, 0xEC74, 0xEC95, 0xEC95, 0xEC94, 0xECB4, 0xECD3, 0xECF3, 0xECB4, 0xEC75,
    0xEC95, 0xEC95, 0xEC94, 0xEC94, 0xEC75, 0xE454, 0xEC74, 0xEC74, 0xEC74, 0xEC74, 0xEC75, 0xEC74,
    0xEC74, 0xEC74, 0xEC94, 0xEC94, 0xEC94, 0xEC94, 0xF454, 0xEC74, 0xEC94, 0xEC94, 0xEC94, 0xECB4,
    0xECD4, 0xECD4, 0xECF3, 0xECF3, 0xED13, 0xF574, 0xF595, 0xF595, 0xFDD4, 0xFDD4, 0xFDF4, 0xF613,
    0xF633, 0xFE72, 0xFE72, 0xFE92, 0xFE92, 0xFE72, 0xFE72, 0xF672, 0xF673, 0xF693, 0xF6D5, 0xF716,
    0xFF37, 0xFF58, 0xFF58, 0xFF58, 0xFF37, 0xF717, 0xF6D5, 0xF693, 0xF673, 0xFE72, 0xFE72, 0xFE72,
    0xFE72, 0xFE71, 0xFE71, 0xFE72, 0xFE72, 0xFE72, 0xFE72, 0xFE73, 0xFE33, 0xFD94, 0xF534, 0xF514,
    0xF573, 0xF534, 0xF4F5, 0xF4D5, 0xF4B5, 0xEC94, 0xF574, 0xF5F4, 0xF534, 0xF4F4, 0xEC95, 0xEC95,
    0xECB5, 0xF514, 0xF5D3, 0xFE92, 0xF672, 0xFE72, 0xFE72, 0xFE72, 0xFE72, 0xFE72, 0xFE72, 0xFE72,
    0xFE72, 0xFE72, 0xFE92, 0xF592, 0xF5B2, 0xFE92, 0xFE72, 0xFE92, 0xFE72, 0xFE72, 0xFE72, 0xFE72,
    0xFE72, 0xFE72, 0xFE72, 0xFE72, 0xFE72, 0xFE72, 0xFE72, 0xF594, 0xF534, 0xEC94, 0xFD94, 0xFE33,
    0xFDF2, 0xFE33, 0xFE52, 0xFE72, 0xFE72, 0xFE72, 0xFE72, 0xFE72, 0x8B77, 0x8B77, 0x8B77, 0x8B77,
    0x8B76, 0x8B76, 0x9B97, 0xABD7, 0xABD6, 0xABD7, 0xABD7, 0xABD7, 0xABD7, 0xABD7, 0xABD7, 0xABD7,
    0xABD6, 0xA3B6, 0x9B76, 0xABB7, 0xB3B7, 0xABB7, 0xABD7, 0xABD7, 0xABD7, 0xABD7, 0xABD7, 0xBBD6,
    0xC3F6, 0xC3F6, 0xBC16, 0xBC16, 0xC416, 0xD416, 0xDC36, 0xCBF5, 0xBBF6, 0xB3D7, 0xC416, 0xDC35,
    0xDC15, 0xD415, 0xCC15, 0xCC16, 0xD435, 0xD435, 0xDC15, 0xD435, 0xD435, 0xD436, 0xD415, 0xD416,
    0xC416, 0xBC16, 0xBC36, 0xBC36, 0xBC16, 0xBC16, 0xBC36, 0xBC36, 0xBC36, 0xBC57, 0x8B74, 0x5AD2,
    0x3A50, 0x62D1, 0x8B52, 0xD433, 0xF4B4, 0xEC74, 0xE4B4, 0xDCB6, 0x31CE, 0x6AB0, 0xFCB5, 0xEC54,
    0xE454, 0xE475, 0x72D1, 0x118E, 0x19CE, 0x21CD, 0x39CD, 0x298E, 0x218D, 0x19CE, 0x21CE, 0x21EE,
    0x21CE, 0x21EE, 0x19EF, 0x222F, 0x2A50, 0x4271, 0x42F1, 0x4351, 0x52B2, 0x5291, 0x4270, 0x2A0F,
    0x2A4F, 0x5352, 0x5B11, 0x62D1, 0x6AD1, 0x4A50, 0x21D0, 0x2A0F, 0x2A0F, 0x21CF, 0x2A30, 0x3A50,
    0x62B1, 0x72F1, 0x7B52, 0x9371, 0x9B71, 0xA34F, 0x9B4F, 0x9350, 0x7AF0, 0x7B92, 0x8434, 0xB515,
    0xC537, 0xBBF5, 0xB3F6, 0xB3F5, 0xC3F6, 0xC3F6, 0xC3F6, 0xC417, 0x9394, 0x11CE, 0x52F1, 0x8BF2,
    0x8330, 0xA392, 0xCC37, 0xCC16, 0xCC36, 0xC416, 0xC416, 0xCC16, 0xD436, 0xD436, 0xD436, 0xD435,
    0xDC36, 0xDC35, 0xDC35, 0xDC55, 0xDC35, 0xE454, 0xEC95, 0xF4D4, 0xF4F4, 0xECF4, 0xECF4, 0xECF5,
    0xE475, 0xE495, 0xECD5, 0xECF5, 0xF515, 0xED35, 0xF535, 0xF555, 0xF595, 0xF5B5, 0xF5B5, 0xF5B5,
    0xF595, 0xF554, 0xED54, 0xED54, 0xF554, 0xF554, 0xF554, 0xF554, 0xF554, 0xED34, 0xED34, 0xF4F4,
    0xEC74, 0xECB5, 0xECD3, 0xF5B3, 0xFE33, 0xFE33, 0xF553, 0xF4F4, 0xF4F3, 0xF533, 0xFD74, 0xF573,
    0xF574, 0xF574, 0xF574, 0xF574, 0xF594, 0xF574, 0xF575, 0xF574, 0xF574, 0xF574, 0xF574, 0xF554,
    0xFD35, 0xF4F5, 0xE474, 0xF554, 0xFD94, 0xFDB4, 0xFDD3, 0xF5F3, 0xF613, 0xFDF3, 0xFDF4, 0xFDF3,
    0xFDF3, 0xFE13, 0xFE33, 0xFE33, 0xFE53, 0xFE53, 0xFE53, 0xFE33, 0xFE53, 0xFE72, 0xFE72, 0xF672,
    0xF673, 0xF6D5, 0xFF79, 0xF79A, 0xF7BB, 0xF7BB, 0xF7BC, 0xF7BC, 0xF7DD, 0xF7DD, 0xF7DD, 0xF7DD,
    0xF7DD, 0xF7DC, 0xF7BC, 0xF7BB, 0xF7BA, 0xF779, 0xF737, 0xF6B4, 0xFE71, 0xFE72, 0xFE73, 0xFE92,
    0xFE72, 0xFE72, 0xFE72, 0xFE53, 0xFE33, 0xFD94, 0xF554, 0xF515, 0xF4F4, 0xF4F5, 0xF4D5, 0xF4B5,
    0xF4B5, 0xEC94, 0xF554, 0xFDD4, 0xF534, 0xF4F4, 0xEC95, 0xEC95, 0xECB5, 0xF4F4, 0xF5D3, 0xFE92,
    0xF671, 0xFE72, 0xFE72, 0xFE72, 0xFE72, 0xFE72, 0xFE72, 0xFE72, 0xFE72, 0xFE72, 0xFE92, 0xF572,
    0xED92, 0xFE92, 0xFE72, 0xFE92, 0xFE72, 0xFE72, 0xFE72, 0xFE72, 0xFE72, 0xFE72, 0xFE72, 0xFE72,
    0xFE72, 0xFE72, 0xFE72, 0xFD94, 0xF515, 0xF4B5, 0xF574, 0xF5D4, 0xF593, 0xF5F2, 0xFE52, 0xFE52,
    0xFE72, 0xFE72, 0xFE72, 0xFE72, 0x8B77, 0x8B77, 0x8B96, 0x8396, 0x8B96, 0x9B96, 0xABB7, 0xABD7,
    0xABD6, 0xABD7, 0xABD7, 0xABD7, 0xABD7, 0xABD7, 0xABD7, 0xABD7, 0xABD7, 0xA3B6, 0x9B76, 0x9B54,
    0xA354, 0xABD7, 0xABD7, 0xABD6, 0xABD6, 0xABD6, 0xABD6, 0xB3D6, 0xB3D6, 0xB3D6, 0xB3D6, 0xB3D6,
    0xB3F6, 0xBBF6, 0xBBF7, 0xB3B6, 0xABD6, 0xABD6, 0xBBD6, 0xC3F6, 0xC3F6, 0xBBF6, 0xBBD6, 0xBBD6,
    0xBBD6, 0xBBF6, 0xC3F6, 0xC3F6, 0xC3F6, 0xCBF5, 0xD3F5, 0xCC15, 0xCC16, 0xBC16, 0xBC36, 0xBC16,
    0xBC16, 0xBC36, 0xBC16, 0xBC16, 0xBC36, 0xC457, 0x7B12, 0x4A70, 0x52D1, 0x9BD3, 0xDCD5, 0xDC54,
    0xDC34, 0xDC54, 0xA371, 0x82F0, 0x21AD, 0x5AB0, 0xD496, 0xDC34, 0xD435, 0xD497, 0x6AD1, 0x098D,
    0x19CE, 0x21AD, 0x218C, 0x4A50, 0x5270, 0x19CE, 0x29EF, 0x320F, 0x3210, 0x2A0F, 0x19EE, 0x2A50,
    0x3270, 0x4271, 0x4AD2, 0x5352, 0x52B2, 0x5271, 0x4A71, 0x2A0F, 0x2A2F, 0x5393, 0x5B32, 0x5AD1,
    0x72F2, 0x5291, 0x2A0F, 0x4AF1, 0x4311, 0x19EE, 0x3230, 0x3A50, 0x62B1, 0x72F1, 0x8332, 0x9BD2,
    0xA3B1, 0xA32E, 0x9B2F, 0x8B30, 0x4A0E, 0x4A90, 0x5332, 0x7BD3, 0x9C13, 0xB3D5, 0xABD5, 0xABB5,
    0xBBF6, 0xBBF6, 0xC3F6, 0xBC37, 0x8BB4, 0x11CE, 0x5311, 0x9432, 0x8B2F, 0xA392, 0xCC17, 0xCC16,
    0xCC16, 0xC3F6, 0xCC16, 0xCC16, 0xD435, 0xDC35, 0xDC35, 0xDC35, 0xE455, 0xEC74, 0xEC94, 0xEC94,
    0xEC94, 0xEC74, 0xF494, 0xF4F4, 0xF534, 0xF534, 0xF594, 0xF5B5, 0xE474, 0xECB5, 0xED14, 0xF534,
    0xFD74, 0xF574, 0xF594, 0xFDB4, 0xF614, 0xFE34, 0xFE74, 0xFE94, 0xFE74, 0xF613, 0xF5F3, 0xF5F3,
    0xF613, 0xF613, 0xFE13, 0xFE13, 0xFE12, 0xFE12, 0xFE12, 0xFDF3, 0xF574, 0xF4F4, 0xEC93, 0xF534,
    0xF553, 0xED13, 0xECB4, 0xECB4, 0xF5B3, 0xF612, 0xFE33, 0xFE32, 0xFE32, 0xFE32, 0xFE32, 0xFE33,
    0xFE33, 0xF5D3, 0xF553, 0xF574, 0xED74, 0xF574, 0xF554, 0xF554, 0xF554, 0xF534, 0xECD4, 0xF553,
    0xF5B3, 0xFDD3, 0xFE12, 0xFE72, 0xFE72, 0xFE72, 0xFE72, 0xFE72, 0xFE72, 0xFE72, 0xFE72, 0xFE72,
    0xFE72, 0xFE72, 0xFE52, 0xFE52, 0xFE72, 0xF652, 0xFEF5, 0xFF58, 0xF759, 0xF79B, 0xF7FC, 0xF7FE,
    0xF7FE, 0xF7FE, 0xF7FE, 0xF7FE, 0xF7FE, 0xF7FE, 0xF7FE, 0xF7FE, 0xF7FE, 0xF7FE, 0xF7FE, 0xF7FE,
    0xF7FE, 0xF7FD, 0xF7DB, 0xF79A, 0xF758, 0xF737, 0xFEB4, 0xFE51, 0xFE92, 0xFE92, 0xFE72, 0xFE53,
    0xFE33, 0xF594, 0xF554, 0xF514, 0xF4D4, 0xF4D5, 0xF4D5, 0xF4B5, 0xEC95, 0xEC94, 0xF535, 0xFD74,
    0xF534, 0xF4F5, 0xEC95, 0xEC95, 0xECB5, 0xF4F5, 0xF593, 0xFE13, 0xFE72, 0xFE72, 0xFE72, 0xFE72,
    0xFE72, 0xFE72, 0xFE72, 0xFE72, 0xFE72, 0xFE72, 0xFE92, 0xF573, 0xF593, 0xFE92, 0xFE72, 0xFE72,
    0xFE72, 0xFE72, 0xFE72, 0xFE72, 0xFE72, 0xFE72, 0xFE72, 0xFE72, 0xFE72, 0xFE72, 0xFE92, 0xFD74,
    0xF515, 0xECD4, 0xF4F4, 0xF534, 0xED53, 0xF574, 0xF5B4, 0xFE33, 0xFE72, 0xFE72, 0xFE72, 0xFE72,
    0x8B77, 0x8B77, 0x8B96, 0x8396, 0x8B96, 0xABD7, 0xABD7, 0xABD7, 0xABD6, 0xABD7, 0xABD7, 0xABD7,
    0xABD7, 0xABD7, 0xABD7, 0xABD7, 0xABD7, 0x9B75, 0x8314, 0x9B33, 0xA354, 0xABD7, 0xABD7, 0xABD6,
    0xABD6, 0xABD6, 0xABD6, 0xB3D6, 0xABD7, 0xABD7, 0xABD6, 0xABD6, 0xABD7, 0xABD7, 0xABD7, 0xABD7,
    0xABD6, 0xABD7, 0xABD7, 0xABD7, 0xABD6, 0xABD6, 0xABD6, 0xABD7, 0xABD7, 0xABD7, 0xB3D7, 0xB3D6,
    0xABD6, 0xB3D6, 0xCC16, 0xC416, 0xC416, 0xBBF6, 0xC416, 0xC436, 0xC416, 0xBC16, 0xBC16, 0xBC16,
    0xBC16, 0xC457, 0x72F2, 0x322F, 0x4290, 0x7B31, 0xABD2, 0xBBF4, 0xC414, 0xD435, 0x6290, 0x298D,
    0x198D, 0x3A0F, 0x7311, 0xC3F4, 0xC3F5, 0x8B73, 0x5270, 0x118D, 0x19CE, 0x19AE, 0x19AD, 0x3A4E,
    0x4270, 0x21CF, 0x3210, 0x3A50, 0x4271, 0x3230, 0x19CE, 0x2A50, 0x3A71, 0x4251, 0x4AB1, 0x5AF2,
    0x52B1, 0x4A90, 0x4250, 0x2A0F, 0x2A2F, 0x4B53, 0x5B33, 0x6AF2, 0x7AD2, 0x5270, 0x2A0E, 0x4B31,
    0x4B32, 0x21CF, 0x3230, 0x3A50, 0x62B1, 0x72F1, 0x8332, 0x9391, 0x936F, 0x8B0C, 0x8B0E, 0x830F,
    0x39ED, 0x320E, 0x322F, 0x62D0, 0x8B31, 0xABD5, 0x8332, 0x7AF2, 0xBBF6, 0xBBF6, 0xC416, 0x8B53,
    0x62D1, 0x19CE, 0x5B11, 0x9C33, 0xA3D1, 0xB3F3, 0xC417, 0xCC17, 0xCC16, 0xC416, 0xCC16, 0xCC16,
    0xDC35, 0xDC35, 0xDC35, 0xDC35, 0xE454, 0xEC74, 0xEC74, 0xEC75, 0xF4D4, 0xF4B4, 0xEC73, 0xF4F4,
    0xF553, 0xF553, 0xFDB3, 0xFE14, 0xED54, 0xF534, 0xF533, 0xF513, 0xF533, 0xFD73, 0xFD73, 0xFD93,
    0xFDF3, 0xFE33, 0xFE74, 0xFEB4, 0xFEB4, 0xFE52, 0xFE32, 0xFE32, 0xF652, 0xFE72, 0xFE72, 0xFE72,
    0xFE72, 0xFE72, 0xFE72, 0xFE72, 0xFE52, 0xF5D3, 0xF554, 0xF593, 0xF573, 0xED33, 0xF534, 0xED54,
    0xF632, 0xFE72, 0xFE72, 0xFE72, 0xFE72, 0xFE72, 0xFE72, 0xFE71, 0xFE72, 0xF613, 0xF5D2, 0xF5D2,
    0xF5F2, 0xF5F2, 0xF5D2, 0xF5D2, 0xF5D2, 0xF5F3, 0xF5D3, 0xF5D2, 0xF5F2, 0xFDF3, 0xF632, 0xFE72,
    0xFE72, 0xFE71, 0xFE71, 0xFE72, 0xFE72, 0xFE72, 0xFE72, 0xFE72, 0xFE72, 0xFE51, 0xFE51, 0xFE93,
    0xF6F5, 0xF737, 0xF7BB, 0xF7FE, 0xF7FD, 0xF7FE, 0xF7FE, 0xEFFE, 0xF7FD, 0xF7FD, 0xF7FE, 0xF7FE,
    0xF7FE, 0xF7FE, 0xF7FE, 0xF7FE, 0xF7FE, 0xF7FD, 0xF7FD, 0xF7FD, 0xF7FE, 0xF7FE, 0xF7FE, 0xF7FE,
    0xF7DE, 0xF7BC, 0xF79A, 0xF737, 0xF6B4, 0xF692, 0xFE92, 0xFE53, 0xFE13, 0xF594, 0xF554, 0xF514,
    0xF4D4, 0xF4D5, 0xF4D5, 0xF4B5, 0xEC95, 0xEC75, 0xECD5, 0xF514, 0xF514, 0xF4D4, 0xEC95, 0xEC95,
    0xF4B5, 0xF4F5, 0xF534, 0xF573, 0xFE73, 0xFE72, 0xFE72, 0xFE72, 0xFE72, 0xFE72, 0xFE72, 0xFE72,
    0xFE72, 0xFE72, 0xFE92, 0xF573, 0xF593, 0xFE72, 0xFE72, 0xFE72, 0xFE72, 0xFE72, 0xFE72, 0xFE72,
    0xFE72, 0xFE72, 0xFE72, 0xFE72, 0xFE72, 0xFE72, 0xFE92, 0xFD94, 0xF515, 0xF4B4, 0xECB5, 0xECB5,
    0xECF4, 0xF4F4, 0xED14, 0xF554, 0xF5D3, 0xFE72, 0xFE72, 0xFE72, 0x8B77, 0x8B77, 0x8B77, 0x8376,
    0x9396, 0xABD6, 0xABD7, 0xABD7, 0xABD7, 0xABD7, 0xABD7, 0xABD7, 0xABD7, 0xABD7, 0xABD7, 0xABD7,
    0xB3D7, 0x8334, 0x5270, 0x9B53, 0xAB74, 0xABD7, 0xABD7, 0xABD6, 0xABD6, 0xABD6, 0xABD6, 0xABD6,
    0xABD7, 0xABD6, 0xABD7, 0xABD7, 0xABD7, 0xABD7, 0xABD7, 0xABD6, 0xABD6, 0xABD7, 0xABD7, 0xABD6,
    0xABD6, 0xABD7, 0xABD6, 0xABD7, 0xABD7, 0xABD7, 0xABD7, 0xABD6, 0xABD6, 0xB3D6, 0xBBF7, 0xBBF6,
    0xBC16, 0xBBF6, 0xC416, 0xCC35, 0xC436, 0xC416, 0xC416, 0xBC16, 0xBC16, 0xCC37, 0x7313, 0x2A4F,
    0x31CF, 0x5270, 0x7AF1, 0xABB4, 0xC414, 0xCC15, 0x5291, 0x19AE, 0x29EE, 0x21CE, 0x218C, 0xBBD4,
    0xB393, 0x41CD, 0x31CE, 0x19AE, 0x19AE, 0x19AE, 0x19CD, 0x19AD, 0x19CE, 0x19EF, 0x3230, 0x3A50,
    0x4251, 0x3230, 0x21CE, 0x2A50, 0x3270, 0x3A51, 0x4A71, 0x5AB1, 0x5AB2, 0x4A90, 0x3A4F, 0x2A0F,
    0x222F, 0x3271, 0x4A91, 0x5A91, 0x6250, 0x4A2F, 0x2A0F, 0x52D0, 0x4AD1, 0x21EF, 0x3A50, 0x4271,
    0x62B1, 0x6AF1, 0x7332, 0xA3B1, 0xABD0, 0xB3EF, 0x936F, 0x6AEF, 0x3A0D, 0x3A0E, 0x3A70, 0x7351,
    0x93B2, 0xABD5, 0x6A90, 0x522E, 0xBBF6, 0xBBF6, 0xC416, 0x6290, 0x3A0E, 0x2A30, 0x5B10, 0x93F1,
    0xCD35, 0xD4D5, 0xC3F7, 0xC417, 0xC436, 0xC416, 0xCC16, 0xCC16, 0xD415, 0xDC35, 0xDC34, 0xDC34,
    0xE455, 0xE435, 0xE435, 0xE455, 0xEC94, 0xEC94, 0xEC94, 0xF4F3, 0xF533, 0xF554, 0xF594, 0xF5D4,
    0xFE14, 0xFD94, 0xF513, 0xF4F3, 0xF513, 0xF574, 0xF574, 0xFD73, 0xFDB3, 0xF5F3, 0xFE54, 0xFE94,
    0xFE94, 0xFE53, 0xFE52, 0xFE52, 0xFE52, 0xFE52, 0xFE52, 0xFE52, 0xFE72, 0xFE72, 0xFE52, 0xFE52,
    0xFE72, 0xFE72, 0xFE92, 0xFE92, 0xFE72, 0xFE73, 0xFE53, 0xFE72, 0xFE52, 0xFE52, 0xFE72, 0xFE72,
    0xFE72, 0xFE72, 0xFE72, 0xFE72, 0xFE72, 0xFE72, 0xFE92, 0xFE92, 0xFE92, 0xFE92, 0xFE92, 0xFE92,
    0xFE92, 0xFE92, 0xFE92, 0xFE72, 0xFE92, 0xFE92, 0xFE72, 0xFE72, 0xFE72, 0xFE72, 0xFE72, 0xFE72,
    0xFE72, 0xFE71, 0xFE72, 0xFE72, 0xFE51, 0xFE93, 0xF6D5, 0xF738, 0xF79B, 0xF7FD, 0xF7FE, 0xF7DE,
    0xF7FE, 0xF7FE, 0xF7FE, 0xF7FD, 0xF7FE, 0xF7FE, 0xF7FE, 0xF7FE, 0xF7FE, 0xF7FE, 0xF7FE, 0xF7FE,
    0xF7FE, 0xF7FE, 0xF7FE, 0xF7FE, 0xF7FD, 0xF7FE, 0xF7FE, 0xF7DD, 0xF7FE, 0xF7DE, 0xF7FE, 0xF7FD,
    0xF738, 0xFED4, 0xF673, 0xF633, 0xFE13, 0xF593, 0xF554, 0xF515, 0xECB4, 0xF4B5, 0xF4D5, 0xF4B5,
    0xEC95, 0xEC95, 0xEC95, 0xECB4, 0xECD5, 0xECB5, 0xEC95, 0xEC95, 0xF4B5, 0xF4D5, 0xF4F4, 0xF533,
    0xFE72, 0xFE72, 0xFE72, 0xFE72, 0xFE72, 0xFE72, 0xFE72, 0xFE72, 0xFE72, 0xFE92, 0xFE92, 0xF573,
    0xF574, 0xFE73, 0xFE72, 0xFE72, 0xFE72, 0xFE72, 0xFE72, 0xFE72, 0xFE72, 0xFE72, 0xFE72, 0xFE72,
    0xFE72, 0xFE72, 0xFE72, 0xFD74, 0xF4F5, 0xF4B4, 0xF4B5, 0xF4B5, 0xECD4, 0xF4B4, 0xECB5, 0xECB4,
    0xED53, 0xFE72, 0xFE72, 0xFE73, 0x8B77, 0x8B77, 0x8B77, 0x8B77, 0x9396, 0xABD7, 0xABD6, 0xABD7,
    0xABD7, 0xABD7, 0xABD7, 0xABD7, 0xABD7, 0xABD7, 0xABD7, 0xABB6, 0xB3B7, 0x72F3, 0x31CE, 0x9AF2,
    0xAB54, 0xABB7, 0xABD7, 0xABD6, 0xABD6, 0xABD6, 0xABD7, 0xABD7, 0xABD7, 0xABD7, 0xABD7, 0xABD7,
    0xABD7, 0xABD7, 0xABD7, 0xABD7, 0xABD7, 0xABD7, 0xABD7, 0xABD7, 0xABD7, 0xABD7, 0xABD7, 0xABD7,
    0xABD7, 0xABD7, 0xABD7, 0xABD7, 0xABD7, 0xB3D6, 0xB3D7, 0xB3D7, 0xBBF6, 0xBBF6, 0xC416, 0xCC35,
    0xCC35, 0xCC36, 0xC416, 0xC415, 0xBC15, 0xCC36, 0x6AD2, 0x21EF, 0x29EE, 0x7332, 0xBC97, 0xBBF5,
    0xBBD4, 0xC415, 0x5AB1, 0x21CE, 0x3A91, 0x3250, 0x21AD, 0xBBF4, 0xA373, 0x196C, 0x21AD, 0x19CE,
    0x21CE, 0x19AE, 0x19AE, 0x19CE, 0x21EF, 0x19EF, 0x3210, 0x3A50, 0x4271, 0x3230, 0x19CE, 0x224F,
    0x2A70, 0x3230, 0x4271, 0x5291, 0x5291, 0x4A70, 0x3A50, 0x2A0E, 0x220E, 0x19EE, 0x21EE, 0x29CD,
    0x29CD, 0x31EE, 0x320F, 0x7AB0, 0x82D1, 0x31AF, 0x3A50, 0x4291, 0x4AB1, 0x52D1, 0x5AD1, 0xAC33,
    0xC4B4, 0xD516, 0xA3B2, 0x628E, 0x320D, 0x3A2E, 0x3A2F, 0x8350, 0xA3D1, 0xB3D5, 0x6290, 0x422F,
    0xB3F6, 0xBBF6, 0xC3F7, 0x5AB0, 0x3A6F, 0x3AB1, 0x5B10, 0x8B90, 0xD5D4, 0xD536, 0xC3F6, 0xC416,
    0xC416, 0xC416, 0xCC16, 0xCC16, 0xD436, 0xDC35, 0xE455, 0xE455, 0xE455, 0xE435, 0xE455, 0xE455,
    0xE455, 0xEC54, 0xEC94, 0xF4B3, 0xF4F4, 0xF554, 0xF574, 0xF594, 0xFE14, 0xFD94, 0xF513, 0xF513,
    0xF514, 0xF574, 0xFD73, 0xF593, 0xF593, 0xFDD3, 0xFE34, 0xFE94, 0xFE93, 0xFE53, 0xFE52, 0xFE52,
    0xFE72, 0xFE72, 0xFE72, 0xFE72, 0xFE72, 0xFE72, 0xFE72, 0xFE72, 0xFE72, 0xFE52, 0xFE52, 0xFE52,
    0xFE52, 0xFE52, 0xFE52, 0xFE72, 0xFE72, 0xFE72, 0xFE72, 0xFE72, 0xFE72, 0xFE72, 0xFE72, 0xFE72,
    0xFE72, 0xFE72, 0xFE72, 0xFE72, 0xFE72, 0xFE72, 0xFE72, 0xFE72, 0xF672, 0xF672, 0xFE72, 0xFE72,
    0xFE72, 0xFE72, 0xFE72, 0xFE72, 0xFE72, 0xFE72, 0xFE72, 0xFE72, 0xFE72, 0xFE71, 0xFE71, 0xFE72,
    0xF693, 0xF737, 0xFFDB, 0xF7DD, 0xF7FD, 0xF7FD, 0xF7FE, 0xF7FE, 0xF7FE, 0xF7FE, 0xF7FE, 0xF7FE,
    0xF7FE, 0xF7FE, 0xF7FE, 0xF7FE, 0xF7FE, 0xF7FE, 0xF7FE, 0xF7FE, 0xF7FE, 0xF7FE, 0xF7FE, 0xF7FE,
    0xF7FE, 0xF7FE, 0xF7FE, 0xF7FE, 0xF7FE, 0xF7DE, 0xF7DE, 0xF7DE, 0xFFFD, 0xF759, 0xF633, 0xFE13,
    0xFDD4, 0xF574, 0xF535, 0xF4F4, 0xF4B4, 0xF4B5, 0xF4B5, 0xF4B5, 0xF495, 0xF495, 0xEC95, 0xEC95,
    0xEC95, 0xEC95, 0xEC95, 0xEC95, 0xEC95, 0xECB4, 0xF4D4, 0xF514, 0xFE52, 0xFE72, 0xFE72, 0xFE72,
    0xFE92, 0xFE92, 0xFE92, 0xFE92, 0xFE92, 0xFE92, 0xFE92, 0xF553, 0xF554, 0xFE73, 0xFE73, 0xFE72,
    0xFE92, 0xFE92, 0xFE72, 0xFE72, 0xFE72, 0xFE72, 0xFE92, 0xFE92, 0xFE92, 0xFE72, 0xFE72, 0xFD94,
    0xF4F5, 0xF4B5, 0xF4B5, 0xF4B5, 0xEC95, 0xECB5, 0xECD5, 0xF4B5, 0xF554, 0xFE73, 0xFE73, 0xFE73,
    0x8B77, 0x8B77, 0x8B77, 0x8B77, 0x8B97, 0xA3D7, 0xABD7, 0xABD7, 0xABD7, 0xABD7, 0xABD7, 0xABD7,
    0xABD7, 0xABD7, 0xABD7, 0xA3B6, 0x9374, 0x62D2, 0x31EF, 0x92F1, 0xA332, 0xABD6, 0xABD7, 0xABD6,
    0xABD6, 0xABD6, 0xABD7, 0xABD7, 0xABD7, 0xABD7, 0xABD7, 0xABD7, 0xABD7, 0xABD7, 0xABD7, 0xABD7,
    0xABD7, 0xABD7, 0xABD7, 0xABD7, 0xABD7, 0xABD7, 0xABD7, 0xABD7, 0xABD7, 0xABD7, 0xABD7, 0xABD7,
    0xABD7, 0xABD7, 0xB3D7, 0xB3D7, 0xB3D6, 0xBBF6, 0xC416, 0xCC15, 0xCC15, 0xCC15, 0xC416, 0xCC36,
    0xC415, 0xD436, 0x72F2, 0x29EF, 0x3230, 0x62F2, 0x9BD4, 0xB3B4, 0xABB5, 0x9BB6, 0x4A70, 0x19AF,
    0x3A92, 0x3250, 0x19CD, 0xB3F4, 0x9B73, 0x098D, 0x19CE, 0x19AE, 0x19AE, 0x19AE, 0x11AD, 0x19CE,
    0x19CF, 0x19EF, 0x2A10, 0x3230, 0x4271, 0x3230, 0x19EE, 0x21EE, 0x21EF, 0x320F, 0x3A0F, 0x3A30,
    0x3A30, 0x3A2F, 0x3A2F, 0x21EE, 0x19CD, 0x11CD, 0x21CD, 0x21CD, 0x21ED, 0x31CD, 0x31AD, 0x928F,
    0xA28F, 0x516C, 0x31CE, 0x21EF, 0x29EF, 0x2A10, 0x2A10, 0x5AD0, 0x6B10, 0x6331, 0x7B31, 0x8330,
    0x320E, 0x322E, 0x3A2F, 0x9BF2, 0xC493, 0xA3B2, 0x5270, 0x320F, 0x9B93, 0xABB3, 0xC3F6, 0x5A90,
    0x322E, 0x2A70, 0x5B11, 0x8BB3, 0x6AAB, 0x932F, 0xCC16, 0xC416, 0xC416, 0xC416, 0xCC16, 0xCC16,
    0xD416, 0xD435, 0xDC35, 0xDC35, 0xDC35, 0xDC35, 0xE455, 0xE455, 0xE455, 0xEC54, 0xF474, 0xF494,
    0xF4D4, 0xFD55, 0xF554, 0xF573, 0xFDF4, 0xFD94, 0xF513, 0xF514, 0xF4F4, 0xF513, 0xF553, 0xF573,
    0xFD73, 0xFD93, 0xF5B3, 0xFE74, 0xFE93, 0xFE53, 0xFE52, 0xFE52, 0xFE72, 0xFE72, 0xFE72, 0xFE72,
    0xFE72, 0xFE72, 0xFE72, 0xFE72, 0xFE72, 0xFE72, 0xFE72, 0xFE72, 0xFE72, 0xFE72, 0xFE72, 0xFE71,
    0xFE71, 0xFE72, 0xFE72, 0xFE72, 0xFE72, 0xFE72, 0xFE72, 0xFE72, 0xFE72, 0xFE72, 0xFE72, 0xFE72,
    0xFE72, 0xFE72, 0xFE72, 0xFE72, 0xFE72, 0xFE72, 0xFE92, 0xFE72, 0xFE72, 0xFE72, 0xFE72, 0xFE72,
    0xFE72, 0xFE72, 0xFE72, 0xFE72, 0xFE72, 0xFE72, 0xFE72, 0xF694, 0xFFBB, 0xFFDD, 0xF7DD, 0xF7FD,
    0xF7FE, 0xF7FE, 0xF7FE, 0xF7FE, 0xF7FE, 0xF7FE, 0xF7FE, 0xF7FE, 0xF7FE, 0xF7FE, 0xF7FE, 0xF7FE,
    0xF7FE, 0xF7FE, 0xF7FE, 0xF7FE, 0xF7FE, 0xF7FE, 0xF7FE, 0xF7FE, 0xF7FE, 0xF7FE, 0xF7FE, 0xF7FE,
    0xF7FE, 0xF7FE, 0xF7FE, 0xF7FE, 0xF7DD, 0xF6F8, 0xF5D3, 0xFD94, 0xF574, 0xF534, 0xF4F4, 0xF4B4,
    0xECB5, 0xEC95, 0xEC95, 0xEC95, 0xF495, 0xF495, 0xEC95, 0xEC95, 0xEC95, 0xEC75, 0xEC95, 0xEC95,
    0xEC95, 0xECB5, 0xECD4, 0xF514, 0xFE72, 0xFE72, 0xFE52, 0xFE72, 0xFE92, 0xFE92, 0xFE92, 0xFE92,
    0xFE92, 0xFE72, 0xFE72, 0xF553, 0xF574, 0xFE73, 0xFE73, 0xFE72, 0xFE92, 0xFE92, 0xFE72, 0xFE72,
    0xFE72, 0xFE92, 0xFE92, 0xFE92, 0xFE92, 0xFE32, 0xF5F3, 0xF574, 0xF4D5, 0xF4B5, 0xF4B5, 0xF4B5,
    0xEC95, 0xF495, 0xF4B5, 0xF4B5, 0xF554, 0xFE93, 0xFE73, 0xFE73, 0x8B77, 0x8B77, 0x8B77, 0x8B77,
    0x8B77, 0x9376, 0xA3B6, 0xABD7, 0xABD7, 0xABD7, 0xABD7, 0xABD7, 0xABD7, 0xABD6, 0xABD6, 0xA3B6,
    0x6270, 0x4210, 0x29AE, 0x8AD1, 0xA332, 0xABD6, 0xABD6, 0xABD6, 0xABD6, 0xABD6, 0xABD7, 0xABD7,
    0xABD7, 0xABD7, 0xABD7, 0xABD7, 0xABD7, 0xABD7, 0xABD7, 0xABD7, 0xABD7, 0xABD7, 0xABD7, 0xABD7,
    0xABD7, 0xABD7, 0xABD7, 0xABD7, 0xABD7, 0xABD7, 0xABD7, 0xABD7, 0xABD6, 0xABD6, 0xABF6, 0xB3F6,
    0xBBF6, 0xBBF6, 0xC3D6, 0xC3D5, 0xC3F6, 0xC3F6, 0xC3F6, 0xCC15, 0xCC15, 0xD435, 0x72D2, 0x29EF,
    0x3A10, 0x5291, 0x6AD1, 0xAB94, 0x9B73, 0x39AE, 0x29CE, 0x19AF, 0x3A92, 0x3271, 0x19EE, 0xBC55,
    0x9BB4, 0x112C, 0x19AD, 0x21CE, 0x21CE, 0x19CE, 0x19CE, 0x19CE, 0x19CE, 0x19EE, 0x2A0F, 0x322F,
    0x4271, 0x3230, 0x19CE, 0x2A0F, 0x3A71, 0x6B33, 0x4A91, 0x29EF, 0x31EF, 0x29EF, 0x29EE, 0x21CD,
    0x19CD, 0x19AD, 0x19AD, 0x21AD, 0x19CD, 0x422F, 0x6A91, 0x8A0E, 0x91CD, 0x924E, 0x49EE, 0x21CE,
    0x3A30, 0x3250, 0x320F, 0x6AD0, 0x7311, 0x5AB0, 0x9392, 0xB413, 0x322E, 0x320E, 0x420E, 0x628E,
    0x8B2F, 0xDD76, 0x62F1, 0x29EE, 0x9BF3, 0xA3D3, 0xC3F5, 0x520C, 0x29CB, 0x3290, 0x426F, 0x5A8F,
    0x832F, 0xAB92, 0xC417, 0xC3F6, 0xC3F6, 0xC416, 0xCC16, 0xCC16, 0xCC36, 0xD435, 0xD415, 0xD415,
    0xD436, 0xDC56, 0xDC55, 0xE455, 0xE454, 0xEC54, 0xF474, 0xF474, 0xF4B4, 0xFD54, 0xFD53, 0xF553,
    0xFDB3, 0xF554, 0xF514, 0xF514, 0xF4F4, 0xF4F3, 0xFD34, 0xFD74, 0xFD74, 0xFD94, 0xFD93, 0xFE74,
    0xFE94, 0xFE53, 0xFE52, 0xFE52, 0xFE72, 0xFE72, 0xFE72, 0xFE72, 0xFE72, 0xFE72, 0xFE72, 0xFE72,
    0xFE72, 0xFE72, 0xFE72, 0xFE72, 0xFE72, 0xFE72, 0xFE72, 0xFE72, 0xFE72, 0xFE72, 0xFE72, 0xFE72,
    0xFE72, 0xFE72, 0xFE72, 0xFE72, 0xFE72, 0xFE72, 0xFE72, 0xFE72, 0xFE72, 0xFE72, 0xFE72, 0xFE72,
    0xFE72, 0xFE72, 0xFE92, 0xFE92, 0xFE92, 0xFE92, 0xFE72, 0xFE72, 0xFE92, 0xFE92, 0xFE92, 0xFE92,
    0xFE92, 0xF672, 0xF717, 0xFFBB, 0xF7FD, 0xF7FE, 0xEFFE, 0xEFFE, 0xF7FE, 0xF7FE, 0xF7FE, 0xF7FE,
    0xF7FE, 0xF7FE, 0xF7FE, 0xF7FE, 0xF7FE, 0xF7FE, 0xF7FE, 0xF7FE, 0xF7FE, 0xF7FE, 0xF7FE, 0xF7FE,
    0xF7FE, 0xF7FE, 0xF7FE, 0xF7FE, 0xF7FE, 0xF7FE, 0xF7FE, 0xF7FE, 0xF7FE, 0xF7FE, 0xF7FE, 0xF7DC,
    0xEEB7, 0xF615, 0xFDB4, 0xF554, 0xF534, 0xF515, 0xF4F4, 0xF4B4, 0xEC95, 0xEC95, 0xEC95, 0xEC95,
    0xEC94, 0xEC95, 0xEC95, 0xEC95, 0xEC95, 0xEC95, 0xEC95, 0xEC95, 0xEC95, 0xEC95, 0xECB4, 0xF4F4,
    0xFE73, 0xFE73, 0xFE32, 0xFE72, 0xFE92, 0xFE92, 0xFE92, 0xFE92, 0xFE92, 0xFE92, 0xFE93, 0xF553,
    0xF574, 0xFE93, 0xFE73, 0xFE72, 0xFE92, 0xFE92, 0xFE92, 0xFE72, 0xFE52, 0xFE92, 0xFE92, 0xFE92,
    0xFE92, 0xF5F2, 0xF574, 0xF534, 0xF4D5, 0xECB5, 0xF495, 0xF4B5, 0xF495, 0xF495, 0xF495, 0xF495,
    0xF534, 0xFE93, 0xFE73, 0xFE53, 0x8B77, 0x8B77, 0x8B77, 0x8B77, 0x9377, 0x9376, 0xA3B6, 0xABD7,
    0xABB7, 0xABD6, 0xABD6, 0xABD7, 0xABD6, 0xABD6, 0xABD6, 0xA3B6, 0x5230, 0x41EF, 0x39CD, 0x92D0,
    0xA312, 0xAB95, 0xABB6, 0xABD6, 0xABD7, 0xABD7, 0xABD7, 0xABD7, 0xABD7, 0xABD7, 0xABD7, 0xABD7,
    0xABD7, 0xABD7, 0xABD7, 0xABD7, 0xABD7, 0xABD7, 0xABD7, 0xABD7, 0xABD7, 0xABD7, 0xABD7, 0xABD7,
    0xABD7, 0xABD7, 0xABD7, 0xABD6, 0xABD6, 0xABD6, 0xABF6, 0xB3F7, 0xBBF7, 0xBBF6, 0xBBD6, 0xBBD6,
    0xBBF6, 0xBBF6, 0xBBD6, 0xC416, 0xCBF5, 0xD436, 0x72F2, 0x29EF, 0x3A30, 0x4A70, 0x5291, 0xA374,
    0x9B53, 0x21AE, 0x21EF, 0x2210, 0x3A92, 0x3250, 0x19AD, 0x8332, 0x8332, 0x4A50, 0x3A2F, 0x21CE,
    0x29EF, 0x29EF, 0x21EE, 0x21CE, 0x19CF, 0x21CE, 0x29EF, 0x3230, 0x4271, 0x3250, 0x21CE, 0x2A30,
    0x4AB1, 0x8374, 0x52B2, 0x2A30, 0x3250, 0x2A0F, 0x21CE, 0x19CD, 0x19CD, 0x19AD, 0x31CD, 0x41EE,
    0x29CD, 0x4A0E, 0x6A4E, 0x7A0E, 0x8A0E, 0xAAB0, 0x520E, 0x21CE, 0x4230, 0x3A50, 0x3A10, 0x72F1,
    0x7B11, 0x5A90, 0x9BB3, 0xBC54, 0x320E, 0x2A0E, 0x320D, 0x5A6D, 0x6ACE, 0x8BB2, 0x4290, 0x320F,
    0xAC95, 0xB455, 0xBC15, 0x8310, 0x52AF, 0x3250, 0x5AF0, 0x9370, 0x832E, 0xA392, 0xCC16, 0xC417,
    0xC3F6, 0xC416, 0xC416, 0xCC16, 0xCC36, 0xCC36, 0xD436, 0xCC36, 0xD436, 0xDC56, 0xDC55, 0xE455,
    0xE454, 0xEC54, 0xF454, 0xF474, 0xF4B4, 0xFD53, 0xF554, 0xF553, 0xFD93, 0xF534, 0xF4F4, 0xFCF4,
    0xFD14, 0xFD14, 0xFD14, 0xFD34, 0xF554, 0xFD74, 0xF573, 0xF633, 0xFE53, 0xFE53, 0xFE52, 0xFE52,
    0xFE72, 0xFE72, 0xFE72, 0xFE72, 0xFE72, 0xFE72, 0xFE72, 0xFE72, 0xFE72, 0xFE72, 0xFE72, 0xFE72,
    0xFE72, 0xFE72, 0xFE72, 0xFE92, 0xFE92, 0xFE72, 0xFE72, 0xFE72, 0xFE72, 0xFE72, 0xFE72, 0xFE72,
    0xFE72, 0xFE72, 0xFE72, 0xFE72, 0xFE72, 0xFE72, 0xFE72, 0xFE72, 0xFE72, 0xFE72, 0xFE92, 0xFE92,
    0xFE92, 0xFE92, 0xFE92, 0xFE92, 0xFE92, 0xFE92, 0xFE72, 0xFE91, 0xFE93, 0xFED4, 0xF779, 0xF7DD,
    0xF7DD, 0xF7FE, 0xF7FE, 0xF7FE, 0xF7FE, 0xF7FE, 0xF7FE, 0xF7FE, 0xF7FE, 0xF7FE, 0xF7FE, 0xF7FE,
    0xF7FE, 0xF7FE, 0xF7FE, 0xF7FE, 0xF7FE, 0xF7FE, 0xF7FE, 0xF7FE, 0xF7FE, 0xF7FE, 0xF7FE, 0xF7FE,
    0xF7FE, 0xF7FE, 0xF7FE, 0xF7FE, 0xF7FE, 0xF7FD, 0xF7FE, 0xF7DC, 0xF655, 0xFDD4, 0xFD74, 0xF554,
    0xFD35, 0xF4F5, 0xF4D4, 0xF4B4, 0xEC95, 0xEC95, 0xEC95, 0xECD5, 0xECF4, 0xF4D4, 0xF4B4, 0xF4B5,
    0xEC95, 0xEC95, 0xEC95, 0xEC95, 0xEC95, 0xEC95, 0xF4B4, 0xF4F4, 0xFE53, 0xF633, 0xF5B3, 0xFE53,
    0xFE92, 0xFE92, 0xFE92, 0xFE92, 0xFE92, 0xFE72, 0xFE93, 0xF553, 0xF574, 0xFE93, 0xFE73, 0xFE92,
    0xFE92, 0xFE92, 0xFE92, 0xF652, 0xFE52, 0xFE72, 0xFE92, 0xFE72, 0xFE92, 0xF5F3, 0xF535, 0xF515,
    0xF4F5, 0xECB5, 0xF495, 0xF495, 0xF4B5, 0xF495, 0xF4B5, 0xEC95, 0xF534, 0xFE73, 0xFDF3, 0xF594,
    0x8B77, 0x8B77, 0x8B77, 0x8B77, 0x8B77, 0x9396, 0xA3B6, 0xABD7, 0xABB7, 0xABD6, 0xABD6, 0xABD7,
    0xABD6, 0xABD6, 0xABD6, 0xA3B6, 0x41EF, 0x31CE, 0x41EE, 0x92D1, 0xAB12, 0xAB75, 0xABB6, 0xABD6,
    0xABD7, 0xABD7, 0xABD7, 0xABD7, 0xABD7, 0xABD7, 0xABD7, 0xABD7, 0xABD7, 0xABD7, 0xABD7, 0xABD7,
    0xABD7, 0xABD7, 0xABD7, 0xABD7, 0xABD7, 0xABD7, 0xABD7, 0xABD7, 0xABD7, 0xABD7, 0xABD7, 0xABD6,
    0xABD6, 0xABD6, 0xABF6, 0xB3F7, 0xBBF6, 0xBBF6, 0xBBF6, 0xB3F6, 0xB3D6, 0xB3D6, 0xB3D6, 0xBC15,
    0xBBF6, 0xC436, 0x6AF2, 0x29F0, 0x3A50, 0x4271, 0x4251, 0xA395, 0x9B94, 0x19AE, 0x3292, 0x3AD3,
    0x3A71, 0x3270, 0x2A2F, 0x3A0E, 0x6290, 0xAC36, 0x62D2, 0x21CE, 0x3230, 0x3250, 0x3A50, 0x21EF,
    0x19EF, 0x21EF, 0x2A0F, 0x3A30, 0x4271, 0x3250, 0x21CE, 0x3A2F, 0x5AB1, 0x9394, 0x5AF3, 0x2251,
    0x3AB1, 0x2A2F, 0x19AD, 0x19CE, 0x19EE, 0x19EF, 0x422F, 0x626F, 0x5A0E, 0x51ED, 0x51ED, 0x5A0E,
    0x724F, 0xA2D1, 0x4A2F, 0x19CE, 0x4250, 0x4A70, 0x4A50, 0x7B11, 0x7B11, 0x6290, 0x8372, 0x9BF3,
    0x320E, 0x320E, 0x424E, 0x62AD, 0x5A8E, 0x29AE, 0x21CE, 0x3A70, 0xBCF7, 0xB475, 0x8B52, 0xBC95,
    0xA434, 0x322F, 0x8391, 0xCC93, 0x82EC, 0x9B71, 0xCC37, 0xC3F6, 0xC3F6, 0xC436, 0xC416, 0xC416,
    0xCC16, 0xCC16, 0xCC16, 0xCC16, 0xD416, 0xDC36, 0xDC55, 0xE455, 0xE455, 0xE454, 0xEC54, 0xEC74,
    0xF4B4, 0xFD53, 0xF554, 0xF553, 0xF533, 0xF4F4, 0xEC94, 0xF4B4, 0xFCD4, 0xF4F4, 0xF4F4, 0xF514,
    0xF534, 0xF554, 0xF574, 0xF613, 0xF652, 0xFE33, 0xFE52, 0xFE52, 0xFE72, 0xFE72, 0xFE72, 0xFE72,
    0xFE72, 0xFE72, 0xFE72, 0xFE72, 0xFE72, 0xFE72, 0xFE72, 0xFE72, 0xFE72, 0xFE72, 0xFE72, 0xFE72,
    0xFE72, 0xFE72, 0xFE72, 0xFE72, 0xFE72, 0xFE72, 0xFE72, 0xFE72, 0xFE72, 0xFE72, 0xFE72, 0xFE72,
    0xFE72, 0xFE72, 0xFE72, 0xFE72, 0xFE72, 0xFE72, 0xFE92, 0xFE92, 0xFE92, 0xFE92, 0xFE92, 0xFE92,
    0xFE92, 0xFE92, 0xFE92, 0xF672, 0xF6B4, 0xFF9A, 0xF7BC, 0xEFFE, 0xF7FD, 0xF7FE, 0xF7FE, 0xF7FE,
    0xF7FE, 0xF7FE, 0xF7FE, 0xF7FE, 0xF7FE, 0xF7FE, 0xF7FE, 0xF7FE, 0xF7FE, 0xF7FE, 0xF7FE, 0xF7FE,
    0xF7FE, 0xF7FE, 0xF7FE, 0xF7FE, 0xF7FE, 0xF7FE, 0xF7FE, 0xF7FE, 0xF7FE, 0xF7FE, 0xF7FE, 0xF7FE,
    0xF7FE, 0xEFFE, 0xF7FD, 0xF7DC, 0xF635, 0xF594, 0xF514, 0xF535, 0xF514, 0xF4D5, 0xF4B5, 0xF4B5,
    0xEC94, 0xECB5, 0xF4D5, 0xF535, 0xF555, 0xF514, 0xF4F4, 0xF4D5, 0xEC95, 0xEC95, 0xEC95, 0xEC95,
    0xEC95, 0xEC95, 0xF4B4, 0xF4F4, 0xFE53, 0xF5D3, 0xED12, 0xF632, 0xFEB2, 0xFE72, 0xFE92, 0xFE92,
    0xFE92, 0xFE52, 0xF613, 0xF554, 0xF574, 0xFE73, 0xFE72, 0xFE92, 0xFE92, 0xFE92, 0xFE92, 0xF632,
    0xF632, 0xFE72, 0xFE92, 0xFE72, 0xFE92, 0xF5F4, 0xF535, 0xF515, 0xF4F5, 0xECB5, 0xF495, 0xF4B5,
    0xF495, 0xF495, 0xF4B5, 0xEC95, 0xF534, 0xFE93, 0xF594, 0xECD4, 0x8B77, 0x8B77, 0x8B77, 0x8B77,
    0x8B77, 0x8B76, 0x9BB7, 0xA3B7, 0xABB6, 0xABD6, 0xABD6, 0xABD6, 0xABD6, 0xABD6, 0xABD6, 0x9BB6,
    0x39EF, 0x29CF, 0x39CF, 0x8AD1, 0xAB12, 0xB375, 0xB395, 0xABD6, 0xABD7, 0xABD7, 0xABD7, 0xABD7,
    0xABD7, 0xABD7, 0xABD7, 0xABD7, 0xABD7, 0xABD7, 0xABD7, 0xABD7, 0xABD7, 0xABD7, 0xABD7, 0xABD7,
    0xABD7, 0xABD7, 0xABD7, 0xABD7, 0xABD7, 0xABD7, 0xABD7, 0xABD6, 0xABD6, 0xABD6, 0xABF6, 0xB3D7,
    0xB3D6, 0xBBD6, 0xB3F6, 0xB3F6, 0xB3F6, 0xB3F6, 0xB3F6, 0xB3F6, 0xB3D6, 0xB416, 0x62D2, 0x29EF,
    0x4271, 0x4271, 0x4251, 0x8B74, 0x8373, 0x198E, 0x5354, 0x6C36, 0x3270, 0x3AB2, 0x5374, 0x2A0E,
    0x5A90, 0xD4B8, 0x6AF2, 0x118D, 0x2A30, 0x3A50, 0x4AB1, 0x2A0F, 0x19CE, 0x21EF, 0x2A0F, 0x322F,
    0x3A50, 0x2A0F, 0x19CE, 0x3A50, 0x5AB1, 0x9394, 0x5AF3, 0x2251, 0x3A91, 0x2A2F, 0x19CD, 0x222F,
    0x2250, 0x2231, 0x4250, 0x6A2F, 0x8A90, 0x622F, 0x31AD, 0x41CD, 0x49ED, 0x724F, 0x3A0E, 0x21EE,
    0x4250, 0x5271, 0x5AB1, 0x7B31, 0x7B11, 0x62D1, 0x62F0, 0x5ACF, 0x2A2E, 0x4A8F, 0x6B11, 0x834F,
    0x832F, 0x29EF, 0x21EE, 0x324F, 0x9C55, 0x8393, 0x41CC, 0xCCB4, 0xC4D5, 0x4A70, 0x8B71, 0xCC51,
    0x8AED, 0xA351, 0xCC37, 0xB3B5, 0xB3D5, 0xC416, 0xC416, 0xC416, 0xC416, 0xC416, 0xCC16, 0xCC16,
    0xCC16, 0xD436, 0xDC35, 0xDC35, 0xE455, 0xE455, 0xE455, 0xEC74, 0xF4B4, 0xFD34, 0xFD54, 0xFD54,
    0xF4F4, 0xF4B4, 0xEC74, 0xF474, 0xF494, 0xF4F4, 0xF4F4, 0xFD14, 0xF514, 0xF534, 0xFD94, 0xFE34,
    0xFE74, 0xFE53, 0xFE72, 0xFE52, 0xFE72, 0xFE72, 0xFE72, 0xFE72, 0xFE72, 0xFE72, 0xFE72, 0xFE72,
    0xFE72, 0xFE72, 0xFE72, 0xFE72, 0xFE72, 0xFE72, 0xFE72, 0xFE72, 0xFE72, 0xFE72, 0xFE72, 0xFE72,
    0xFE72, 0xFE72, 0xFE92, 0xFE92, 0xFE92, 0xFE92, 0xFE72, 0xFE72, 0xFE72, 0xFE72, 0xFE72, 0xFE72,
    0xFE72, 0xFE72, 0xFE92, 0xFE92, 0xFE92, 0xFE92, 0xFE92, 0xFE92, 0xFE92, 0xFE92, 0xFE72, 0xF6D5,
    0xEF17, 0xF7DD, 0xF7FE, 0xEFFE, 0xF7FE, 0xF7FE, 0xF7FE, 0xF7FE, 0xF7FE, 0xF7FE, 0xF7FE, 0xF7FE,
    0xF7FE, 0xF7FE, 0xF7FE, 0xF7FE, 0xF7FE, 0xF7FE, 0xF7FE, 0xF7FE, 0xF7FE, 0xF7FE, 0xF7FE, 0xF7FE,
    0xF7FE, 0xF7FE, 0xF7FE, 0xF7FE, 0xF7FE, 0xF7FE, 0xF7FE, 0xF7FE, 0xF7FD, 0xF7FE, 0xF7BC, 0xF73A,
    0xF5F5, 0xF574, 0xF514, 0xF514, 0xF4F4, 0xF4D4, 0xF4D5, 0xF4D5, 0xECD4, 0xF515, 0xFD55, 0xF555,
    0xF554, 0xECF4, 0xF4D4, 0xF4B5, 0xEC95, 0xEC95, 0xEC95, 0xEC95, 0xEC95, 0xEC95, 0xF4B5, 0xF4F4,
    0xFE33, 0xF594, 0xECB3, 0xF613, 0xFEB2, 0xFE92, 0xFE92, 0xFE92, 0xFE92, 0xF633, 0xED74, 0xF535,
    0xF575, 0xFE73, 0xFE73, 0xFE93, 0xFE92, 0xFE92, 0xFE93, 0xF612, 0xF612, 0xFE93, 0xFE92, 0xFE92,
    0xFEB2, 0xF5F4, 0xF535, 0xF515, 0xF4D5, 0xF4B5, 0xEC74, 0xE454, 0xEC95, 0xF495, 0xF495, 0xF495,
    0xF534, 0xFE94, 0xF594, 0xF4B5, 0x8B77, 0x8B77, 0x8B77, 0x8B77, 0x8B77, 0x8B76, 0x9376, 0x9B96,
    0xABB7, 0xABD6, 0xABD6, 0xABD6, 0xABD6, 0xABB6, 0xA3B6, 0x8B75, 0x39EF, 0x29AE, 0x31AE, 0x826F,
    0x9AB0, 0xB333, 0xAB95, 0xABD6, 0xABD7, 0xABD7, 0xABD7, 0xABD7, 0xABD7, 0xABD7, 0xABD7, 0xABD7,
    0xABD7, 0xABD7, 0xABD7, 0xABD7, 0xABD7, 0xABD7, 0xABD7, 0xABD7, 0xABD7, 0xABD7, 0xABD7, 0xABD7,
    0xABD7, 0xABD7, 0xABD7, 0xABD6, 0xABD6, 0xABD6, 0xABF6, 0xABD7, 0xB3D7, 0xB3D6, 0xB3D6, 0xB3D6,
    0xB3D6, 0xB3F6, 0xB3F6, 0xBBF7, 0xB3D6, 0xBC16, 0x62D2, 0x29EF, 0x3A30, 0x3A51, 0x4271, 0x4A4F,
    0x422F, 0x19CE, 0x6416, 0x8D3A, 0x3A91, 0x3A71, 0x4B13, 0x220E, 0x4A6F, 0xC477, 0x62D2, 0x19AE,
    0x3250, 0x3A71, 0x4AB1, 0x2A0F, 0x19CE, 0x21EF, 0x29EF, 0x21EE, 0x21CE, 0x21CE, 0x19EE, 0x4270,
    0x6AD1, 0x8B74, 0x6313, 0x3AB2, 0x3A71, 0x2A2F, 0x11CD, 0x2250, 0x2A71, 0x2231, 0x39EF, 0x49EE,
    0x5A2E, 0x41CD, 0x198D, 0x218D, 0x298D, 0x39CE, 0x29EE, 0x29EF, 0x4A50, 0x5A91, 0x62B2, 0x8332,
    0x8B51, 0x6AF1, 0x6AF1, 0x62CF, 0x320E, 0x4A90, 0x6B12, 0xCCD4, 0xCCD4, 0x21CD, 0x220E, 0x322F,
    0x83B4, 0x7332, 0x41CC, 0xC473, 0xC495, 0x5A91, 0x9BB1, 0xD472, 0x92EE, 0xA351, 0xCC37, 0xABB5,
    0xABB5, 0xCC16, 0xC416, 0xC416, 0xC416, 0xC416, 0xC416, 0xCC16, 0xCC16, 0xD416, 0xD415, 0xD415,
    0xDC35, 0xDC35, 0xDC35, 0xE454, 0xEC94, 0xF4F4, 0xFD14, 0xFD34, 0xFD55, 0xF4F4, 0xEC94, 0xEC94,
    0xECD4, 0xFD55, 0xF534, 0xF514, 0xF4F3, 0xF534, 0xF593, 0xFDF3, 0xFE54, 0xFEB3, 0xFE93, 0xFE72,
    0xFE72, 0xFE72, 0xFE72, 0xFE72, 0xFE72, 0xFE72, 0xFE72, 0xFE72, 0xFE72, 0xFE72, 0xFE72, 0xFE92,
    0xFE92, 0xFE92, 0xFE92, 0xFE92, 0xFE92, 0xFE92, 0xFE92, 0xFE92, 0xFE92, 0xFE92, 0xFE92, 0xFE92,
    0xFE92, 0xFE92, 0xFE92, 0xFE92, 0xFE92, 0xFE92, 0xFE92, 0xFE92, 0xFE92, 0xFE92, 0xFE92, 0xFE92,
    0xFE92, 0xFE92, 0xFE92, 0xFE92, 0xFE92, 0xF6B2, 0xF694, 0xF7BA, 0xF7FD, 0xEFFD, 0xEFFE, 0xF7FE,
    0xF7FE, 0xF7FE, 0xF7FE, 0xF7FE, 0xF7FE, 0xF7FE, 0xF7FE, 0xF7FE, 0xF7FE, 0xF7FE, 0xF7FE, 0xF7FE,
    0xF7FE, 0xF7FE, 0xF7FE, 0xF7FE, 0xF7FE, 0xF7FE, 0xF7FE, 0xF7FE, 0xF7FE, 0xF7FE, 0xF7FE, 0xF7FE,
    0xF7FE, 0xF7FE, 0xF7FE, 0xEFFE, 0xF7DD, 0xF7FE, 0xF6D9, 0xF5D5, 0xF5B4, 0xFD55, 0xF514, 0xFD54,
    0xFD54, 0xF4F4, 0xF4D4, 0xF4F5, 0xFD55, 0xF574, 0xF554, 0xF554, 0xF534, 0xF4F4, 0xECB4, 0xEC95,
    0xEC95, 0xEC95, 0xEC95, 0xEC95, 0xEC95, 0xEC95, 0xEC95, 0xECB4, 0xFDD4, 0xF554, 0xEC94, 0xF5F3,
    0xFEB2, 0xFE92, 0xFE92, 0xFE92, 0xFEB2, 0xFE33, 0xF554, 0xF515, 0xF575, 0xFE74, 0xFE74, 0xFE73,
    0xFE92, 0xFE92, 0xFE93, 0xF5F3, 0xF5F3, 0xFE93, 0xFEB2, 0xFE93, 0xFED2, 0xF5F3, 0xF534, 0xF514,
    0xF4D5, 0xF4D5, 0xC371, 0xB2AE, 0xEC74, 0xF4B5, 0xEC95, 0xF475, 0xF534, 0xFE93, 0xF593, 0xF4B4,
    0x8B77, 0x8B77, 0x8B77, 0x8B77, 0x8B77, 0x8B96, 0x8B76, 0x9376, 0xABD7, 0xABD6, 0xABD6, 0xABD6,
    0xABD6, 0xABD7, 0x9B75, 0x8313, 0x31CF, 0x31CE, 0x420F, 0x8290, 0x9AAF, 0xB332, 0xAB74, 0xABB6,
    0xABB7, 0xABD7, 0xABD7, 0xABD7, 0xABD7, 0xABD7, 0xABD7, 0xABD7, 0xABD7, 0xABD7, 0xABD7, 0xABD7,
    0xABD7, 0xABD7, 0xABD7, 0xABD7, 0xABD7, 0xABD7, 0xABD7, 0xABD7, 0xABD7, 0xABD7, 0xABD7, 0xABD6,
    0xABD6, 0xABD6, 0xB3F6, 0xABD7, 0xABD6, 0xB3F6, 0xB3F7, 0xB3F7, 0xABD6, 0xABF7, 0xB3F6, 0xBBF6,
    0xB3D6, 0xC417, 0x6AD2, 0x29EE, 0x3230, 0x3A50, 0x3A71, 0x29EF, 0x21CE, 0x2A0F, 0x3290, 0x3AD1,
    0x3A71, 0x3A71, 0x3A91, 0x21CD, 0x422F, 0x93D5, 0x52B1, 0x19CE, 0x3250, 0x3A91, 0x4AB2, 0x2A0F,
    0x19CE, 0x29EF, 0x29EF, 0x2A0F, 0x2A0F, 0x29EF, 0x19EE, 0x3A2F, 0x4A4F, 0x5A70, 0x5290, 0x4292,
    0x21EE, 0x21CE, 0x19EE, 0x2251, 0x2271, 0x2251, 0x29EE, 0x29AD, 0x29CE, 0x21CE, 0x19CD, 0x21CF,
    0x21CE, 0x19AD, 0x220E, 0x322F, 0x4A71, 0x5A91, 0x5A70, 0x8B11, 0x8B31, 0x6AF1, 0x9392, 0xAC14,
    0x320F, 0x4A90, 0x7331, 0xD4B3, 0xD4B2, 0x21AD, 0x29EE, 0x322F, 0x6353, 0x5AF1, 0x41EC, 0xBC74,
    0xBC95, 0x6271, 0xA392, 0xD472, 0x9AED, 0xA371, 0xCC37, 0x9B54, 0x9B54, 0xC416, 0xC416, 0xC416,
    0xC416, 0xC416, 0xC416, 0xCC16, 0xCC36, 0xCC36, 0xCC36, 0xCC36, 0xD436, 0xD436, 0xD436, 0xE455,
    0xEC54, 0xEC95, 0xF4F4, 0xFD54, 0xFD54, 0xF534, 0xF4D4, 0xFD34, 0xFD74, 0xFD74, 0xFD74, 0xFD74,
    0xFD54, 0xF554, 0xFD73, 0xFD94, 0xFDF4, 0xFE93, 0xFE93, 0xFE72, 0xFE72, 0xFE72, 0xFE72, 0xFE72,
    0xFE72, 0xFE72, 0xFE72, 0xFE72, 0xFE72, 0xFE72, 0xFE72, 0xFE92, 0xFE72, 0xFE72, 0xFE72, 0xFE92,
    0xFE92, 0xFE92, 0xFE92, 0xFE92, 0xFE92, 0xFE92, 0xFE92, 0xFE72, 0xFE93, 0xFE93, 0xFE92, 0xFE92,
    0xFE92, 0xFE92, 0xFE92, 0xFE92, 0xFE92, 0xFE92, 0xFE92, 0xFE92, 0xFE92, 0xFE92, 0xFE92, 0xFE92,
    0xFE92, 0xF6F5, 0xFF7A, 0xF7DD, 0xF7FE, 0xF7FD, 0xEFFE, 0xF7FE, 0xF7FE, 0xF7FE, 0xF7FE, 0xF7FE,
    0xF7FE, 0xF7FE, 0xF7FE, 0xF7FE, 0xF7FE, 0xF7FE, 0xF7FE, 0xF7FE, 0xF7FE, 0xF7FE, 0xF7FE, 0xF7FE,
    0xF7FE, 0xF7FE, 0xF7FE, 0xF7FE, 0xF7FE, 0xF7FE, 0xF7FE, 0xF7FE, 0xF7FE, 0xF7FE, 0xF7FE, 0xF7FE,
    0xF7BD, 0xF79C, 0xF6B8, 0xFD94, 0xF574, 0xF534, 0xF514, 0xF574, 0xFD74, 0xF514, 0xF4D5, 0xF4D4,
    0xFD75, 0xF554, 0xF535, 0xF534, 0xF4F5, 0xF4B5, 0xF4B5, 0xEC95, 0xEC95, 0xEC95, 0xEC95, 0xEC95,
    0xEC95, 0xEC95, 0xF4B5, 0xF495, 0xECF4, 0xECD4, 0xECB4, 0xF5F3, 0xFEB2, 0xFE92, 0xFE92, 0xFE92,
    0xFEB2, 0xFE33, 0xF534, 0xF514, 0xF555, 0xFE55, 0xFE34, 0xFE53, 0xFE92, 0xFE92, 0xFE93, 0xED72,
    0xE572, 0xFE72, 0xFEB2, 0xFEB3, 0xFEB2, 0xF5F4, 0xF535, 0xDC73, 0xDC33, 0xF4F6, 0xB2EF, 0x89EB,
    0xE454, 0xF4B5, 0xEC95, 0xF496, 0xF534, 0xFE93, 0xF573, 0xECB4, 0x8B77, 0x8B77, 0x8B77, 0x8B77,
    0x8B76, 0x8B76, 0x8B97, 0x9396, 0xABB7, 0xABB7, 0xABB7, 0xABB6, 0xABB6, 0xABD6, 0x9B95, 0x8333,
    0x31CE, 0x29AE, 0x39AD, 0x8290, 0xA2D0, 0xB331, 0xB354, 0xA396, 0xABD6, 0xABB7, 0xABD7, 0xABD7,
    0xABD7, 0xABD7, 0xABD7, 0xABD7, 0xABD7, 0xABD7, 0xABD7, 0xABD7, 0xABD7, 0xABD7, 0xABD7, 0xABD7,
    0xABD7, 0xABD7, 0xABD7, 0xABD7, 0xABD7, 0xABD7, 0xB3D6, 0xB3D6, 0xABB6, 0xB3D6, 0xABF7, 0xABD7,
    0xABD6, 0xB3F6, 0x9355, 0x6A92, 0x6A92, 0x8B34, 0xB3F7, 0xBBD6, 0xBBF6, 0xC437, 0x6AD2, 0x21CE,
    0x3A50, 0x3A50, 0x3A30, 0x21EF, 0x21EF, 0x3250, 0x3250, 0x3250, 0x3251, 0x3A50, 0x3290, 0x21ED,
    0x29CD, 0x3A2E, 0x2A0E, 0x21EF, 0x3230, 0x3271, 0x3A91, 0x2A0F, 0x21EF, 0x3AB2, 0x4AF2, 0x4AF2,
    0x2A0F, 0x29EF, 0x19CE, 0x31EE, 0x3A0F, 0x31CE, 0x4270, 0x5313, 0x21CE, 0x19EE, 0x2250, 0x2251,
    0x2251, 0x2251, 0x21EE, 0x19AD, 0x2A30, 0x220F, 0x19AD, 0x2230, 0x2230, 0x19AD, 0x220F, 0x322F,
    0x4A50, 0x62B1, 0x7B32, 0xB3B2, 0xABB2, 0x72B0, 0xAC13, 0xCCD5, 0x3A0E, 0x4A90, 0x7311, 0xCCB2,
    0xCCD2, 0x3A0F, 0x322F, 0x324F, 0x42D2, 0x4A90, 0x4A0C, 0xBC74, 0xBC95, 0x5250, 0xA3D2, 0xED13,
    0x9AEC, 0xAB50, 0xCC36, 0x9313, 0x9334, 0xC416, 0xCBF6, 0xCC16, 0xCC16, 0xCC16, 0xCC16, 0xCC16,
    0xCC16, 0xCC37, 0xCC36, 0xCC36, 0xCC36, 0xD436, 0xD436, 0xDC55, 0xE455, 0xEC75, 0xECB4, 0xF4F4,
    0xFD34, 0xF553, 0xF554, 0xF554, 0xFD74, 0xFD94, 0xF594, 0xFD74, 0xF574, 0xF574, 0xFD74, 0xFD74,
    0xFDD3, 0xFE93, 0xFE73, 0xFE52, 0xFE72, 0xFE72, 0xFE72, 0xFE72, 0xFE72, 0xFE72, 0xFE72, 0xFE72,
    0xFE72, 0xFE72, 0xFE72, 0xFE92, 0xFE92, 0xFE73, 0xFE72, 0xFE92, 0xFE92, 0xFE92, 0xFE92, 0xFE92,
    0xFE92, 0xFE92, 0xFE52, 0xFE13, 0xFE73, 0xFE93, 0xFE92, 0xFE92, 0xFE92, 0xFE92, 0xFE92, 0xFE92,
    0xFE92, 0xFE92, 0xFE92, 0xFE92, 0xFE92, 0xFE92, 0xFE92, 0xFE92, 0xF673, 0xF717, 0xF7FD, 0xF7DD,
    0xF7FE, 0xF7FE, 0xF7FE, 0xF7FE, 0xF7FE, 0xF7FE, 0xF7FE, 0xF7FE, 0xF7FE, 0xF7FE, 0xF7FE, 0xF7FE,
    0xF7FE, 0xF7FE, 0xF7FE, 0xF7FE, 0xF7FE, 0xF7FE, 0xF7FE, 0xF7FE, 0xF7FE, 0xF7FE, 0xF7FE, 0xF7FE,
    0xF7FE, 0xF7FE, 0xF7FE, 0xF7FE, 0xF7FE, 0xF7FE, 0xF7FE, 0xF7FE, 0xF79C, 0xEF1A, 0xF677, 0xF594,
    0xF574, 0xF534, 0xED14, 0xF574, 0xFD74, 0xF514, 0xF4D5, 0xF4F4, 0xF594, 0xF554, 0xF4F5, 0xF4D4,
    0xECB5, 0xEC95, 0xEC95, 0xEC95, 0xEC95, 0xF495, 0xEC95, 0xEC95, 0xEC95, 0xEC95, 0xEC95, 0xEC95,
    0xEC95, 0xECB5, 0xEC94, 0xF5F3, 0xFEB2, 0xFE92, 0xFE92, 0xFE92, 0xFEB2, 0xFE13, 0xF534, 0xF535,
    0xF535, 0xED35, 0xF5B4, 0xFE53, 0xFE92, 0xFE92, 0xFE93, 0xED73, 0xED73, 0xFEF5, 0xFED3, 0xFE92,
    0xFE94, 0xF5D5, 0xF536, 0xAACD, 0x91CB, 0x9A6D, 0x9A2C, 0x920C, 0xBB30, 0xD3F3, 0xF4F6, 0xB2AE,
    0xBB8E, 0xFE94, 0xF574, 0xECB4, 0x8B77, 0x8B77, 0x8B77, 0x8B77, 0x8B76, 0x8B76, 0x8B97, 0x8B96,
    0xA3B7, 0xA3B7, 0xABB7, 0xABB6, 0xABB6, 0xABD7, 0x9355, 0x7313, 0x31CF, 0x31AE, 0x41EE, 0x7A90,
    0x92D1, 0xB310, 0xAB53, 0xA375, 0xABD6, 0xABD7, 0xABD7, 0xABD7, 0xABD7, 0xABD7, 0xABD7, 0xABD7,
    0xABD7, 0xABD7, 0xABD7, 0xABD7, 0xABD7, 0xABD7, 0xABD7, 0xABD7, 0xABD7, 0xABD7, 0xABD7, 0xABD7,
    0xABD7, 0xABD7, 0xB3D6, 0xBBD6, 0xBBD6, 0xB3D6, 0xABB6, 0xABD7, 0xABD6, 0xB3F7, 0x9B96, 0x8B34,
    0x8B54, 0x9B95, 0xB3F7, 0xBBF6, 0xB3F6, 0xC437, 0x62B2, 0x19AE, 0x3250, 0x3A50, 0x4271, 0x29EF,
    0x19CE, 0x21EF, 0x220F, 0x220F, 0x220F, 0x21EF, 0x21CE, 0x21CD, 0x19AD, 0x198C, 0x21EE, 0x3230,
    0x3230, 0x3250, 0x3A91, 0x21EF, 0x2A0F, 0x4B33, 0x5372, 0x5352, 0x2A0F, 0x29EF, 0x21CD, 0x21AE,
    0x21CE, 0x19AD, 0x29EE, 0x324F, 0x19CD, 0x19EF, 0x2250, 0x2250, 0x2250, 0x19EF, 0x21CE, 0x21CE,
    0x2A70, 0x222F, 0x19CE, 0x2A50, 0x2A50, 0x19AD, 0x21EE, 0x2A0F, 0x4A71, 0x5A91, 0x6A90, 0xCC12,
    0xCC33, 0x7AF0, 0xB453, 0xD4F5, 0x322D, 0x4A8E, 0x6B10, 0xBC92, 0xC472, 0x320F, 0x2A0F, 0x2A0F,
    0x3A92, 0x4270, 0x41EC, 0xBC94, 0xBCB5, 0x5250, 0x9371, 0xCC93, 0xBC52, 0xC434, 0xC416, 0x8B13,
    0x8313, 0xC3F6, 0xCBF6, 0xCBF6, 0xCC16, 0xCC16, 0xCC16, 0xC416, 0xCC16, 0xCC17, 0xCC16, 0xCC16,
    0xCC36, 0xCC16, 0xD436, 0xDC55, 0xE455, 0xE455, 0xEC74, 0xECB4, 0xFD14, 0xF554, 0xFD54, 0xFD34,
    0xF513, 0xF513, 0xF533, 0xF533, 0xF594, 0xF574, 0xFD74, 0xFD74, 0xFDB3, 0xFE93, 0xFE53, 0xFE33,
    0xFE72, 0xFE72, 0xFE73, 0xFE72, 0xFE52, 0xFE52, 0xFE52, 0xFE52, 0xFE72, 0xFE72, 0xFE72, 0xFE92,
    0xFE72, 0xFE53, 0xFE72, 0xFE92, 0xFE92, 0xFE92, 0xFE92, 0xFE92, 0xFE92, 0xFE92, 0xFE13, 0xFDB3,
    0xFE73, 0xFE92, 0xFE92, 0xFE92, 0xFE92, 0xFE92, 0xFE92, 0xFE92, 0xFE92, 0xFE92, 0xFE92, 0xFE92,
    0xFE92, 0xFE92, 0xFE92, 0xFEB2, 0xFF37, 0xF79B, 0xF7FE, 0xF7FD, 0xF7FD, 0xF7FE, 0xF7FE, 0xF7FE,
    0xF7FE, 0xF7FE, 0xF7FE, 0xF7FE, 0xF7FE, 0xF7FE, 0xF7FE, 0xF7FE, 0xF7FE, 0xF7FE, 0xF7FE, 0xF7FE,
    0xF7FE, 0xF7FE, 0xF7FE, 0xF7FE, 0xF7FE, 0xF7FE, 0xF7FE, 0xF7FE, 0xF7FE, 0xF7FD, 0xF7FD, 0xF7FD,
    0xF7FD, 0xF7FD, 0xF7DD, 0xF7FE, 0xF7BC, 0xF77A, 0xF697, 0xF594, 0xF574, 0xF554, 0xF554, 0xF574,
    0xFD74, 0xF515, 0xF515, 0xF515, 0xF575, 0xF534, 0xF4D5, 0xECB4, 0xEC95, 0xEC95, 0xEC95, 0xEC95,
    0xEC95, 0xEC95, 0xEC95, 0xEC75, 0xEC95, 0xEC95, 0xEC95, 0xEC95, 0xEC95, 0xECB5, 0xEC94, 0xF5F3,
    0xFEB2, 0xFE92, 0xFEB2, 0xFE92, 0xFEB2, 0xFE33, 0xF535, 0xF535, 0xF515, 0xECB5, 0xF574, 0xFE53,
    0xFE92, 0xFEB2, 0xFE93, 0xF573, 0xE513, 0xA3CC, 0xD4F0, 0xFDD3, 0xDCF2, 0xED14, 0xF535, 0xCBF2,
    0xAAEF, 0x7169, 0x89EB, 0x922C, 0x89EA, 0xA2AD, 0xD3F3, 0x898A, 0xA2AC, 0xFE96, 0xF554, 0xF4B4,
    0x8B77, 0x8B77, 0x8B77, 0x8B77, 0x8B76, 0x8B76, 0x8B76, 0x8B96, 0x9397, 0x9B97, 0xA3B6, 0xABD7,
    0xA3B7, 0xA3D7, 0x7B34, 0x4A70, 0x29EF, 0x31EE, 0x4A0F, 0x6250, 0x7A90, 0xB310, 0xB331, 0xB354,
    0xB3B7, 0xABD7, 0xABD7, 0xABD7, 0xABD7, 0xABD7, 0xABD7, 0xABD7, 0xABD7, 0xABD7, 0xABD7, 0xABD7,
    0xABD7, 0xABD7, 0xABD7, 0xABD7, 0xABD7, 0xABD7, 0xABD7, 0xABD7, 0xABD7, 0xABD7, 0xB3F7, 0xBBF6,
    0xBBF6, 0xBBF6, 0xB3D6, 0xB3F6, 0xABD6, 0x9B95, 0xABD6, 0xBBF7, 0xBBF7, 0xBC16, 0xB3D6, 0xB3D6,
    0xB3D6, 0xBC16, 0x62D2, 0x21EF, 0x3250, 0x4291, 0x4AB2, 0x29EF, 0x19CE, 0x21CE, 0x2A2F, 0x3291,
    0x19EF, 0x2A70, 0x3B32, 0x220E, 0x19CD, 0x19CD, 0x21EE, 0x2A0F, 0x2A0F, 0x2A10, 0x2A30, 0x21CE,
    0x220E, 0x3AD2, 0x42D1, 0x42B1, 0x2A0F, 0x29EF, 0x21CD, 0x21CD, 0x19AD, 0x19AD, 0x19AD, 0x19AD,
    0x19CD, 0x21EE, 0x2210, 0x2A30, 0x220F, 0x198D, 0x21EE, 0x2A0F, 0x220F, 0x222F, 0x222F, 0x224F,
    0x222F, 0x19EE, 0x2A0F, 0x2A2F, 0x4291, 0x5290, 0x5A2E, 0xAB90, 0xB3B1, 0x830F, 0xBC32, 0xDCF5,
    0x3A2E, 0x528F, 0x7331, 0xCC91, 0xCC91, 0x31EE, 0x31EF, 0x2A0F, 0x3291, 0x3A50, 0x41EC, 0xB473,
    0xB495, 0x5251, 0x8B72, 0xC433, 0xABD2, 0xBBF3, 0xBC17, 0x7AD2, 0x7AD3, 0xC3F6, 0xCBF6, 0xCBF6,
    0xCC16, 0xCC16, 0xCBF6, 0xC416, 0xC416, 0xC416, 0xC416, 0xC416, 0xCC16, 0xCC16, 0xD436, 0xD435,
    0xE435, 0xE455, 0xE455, 0xEC95, 0xF4B4, 0xF4D4, 0xF4D4, 0xF4D4, 0xF4B4, 0xF494, 0xF4D4, 0xF513,
    0xF594, 0xF593, 0xF593, 0xFD94, 0xFDD3, 0xFE93, 0xFE53, 0xFE33, 0xFE52, 0xFE53, 0xFE53, 0xFE52,
    0xFE53, 0xFE53, 0xFE72, 0xFE72, 0xFE72, 0xFE72, 0xFE72, 0xFE92, 0xFE72, 0xF612, 0xFE72, 0xFE92,
    0xFE92, 0xFE92, 0xFE92, 0xFE92, 0xFE92, 0xFEB2, 0xFE13, 0xF594, 0xFE53, 0xFE92, 0xFE92, 0xFE92,
    0xFE92, 0xFE92, 0xFE92, 0xFE92, 0xFE92, 0xFE92, 0xFE92, 0xFE92, 0xFE92, 0xFE92, 0xFE92, 0xF694,
    0xF7DC, 0xF7FE, 0xF7FD, 0xF7FD, 0xF7FD, 0xF7FE, 0xF7FE, 0xF7FE, 0xF7FE, 0xF7FE, 0xF7FE, 0xF7FE,
    0xF7FE, 0xF7FE, 0xF7FE, 0xF7FE, 0xF7FE, 0xF7FE, 0xF7FE, 0xF7FE, 0xF7FE, 0xF7FE, 0xF7FE, 0xF7FE,
    0xF7FE, 0xF7FE, 0xF7FE, 0xF7FE, 0xF7FE, 0xF7FD, 0xF7FD, 0xF7FD, 0xF7FD, 0xF7FE, 0xF7FE, 0xF79C,
    0xF73A, 0xF6D8, 0xF636, 0xF594, 0xF574, 0xF554, 0xF574, 0xF574, 0xF554, 0xF4F4, 0xF514, 0xF515,
    0xF554, 0xF4F4, 0xF4D5, 0xECB5, 0xEC95, 0xEC95, 0xECB5, 0xECB5, 0xECB5, 0xF4D5, 0xF4B5, 0xEC94,
    0xEC95, 0xEC95, 0xEC95, 0xEC95, 0xF4B5, 0xECB5, 0xECB5, 0xF613, 0xFEB2, 0xFEB3, 0xFEB3, 0xFEB3,
    0xFED2, 0xFE33, 0xF535, 0xF535, 0xF4F5, 0xEC95, 0xF575, 0xFE54, 0xFE92, 0xFE92, 0xFE93, 0xF5B5,
    0xD4B3, 0x4925, 0x930C, 0xCC50, 0x826B, 0xBBD1, 0xFD76, 0xC412, 0xA30F, 0x71AA, 0x79AB, 0x79EA,
    0xA2CE, 0xAACF, 0xA26D, 0x91CC, 0xA2CE, 0xE534, 0xE4D3, 0xF4B4, 0x8B76, 0x8B76, 0x8B76, 0x8B77,
    0x8B76, 0x8B76, 0x8B76, 0x8B76, 0x8B77, 0x9377, 0x9B96, 0x9BB7, 0x9396, 0x8375, 0x5291, 0x21CE,
    0x29CE, 0x31EE, 0x39EE, 0x520F, 0x622F, 0xA2F0, 0xB332, 0xB374, 0xABB6, 0xABD6, 0xABD7, 0xABD7,
    0xABD7, 0xABD7, 0xABD7, 0xABD7, 0xABD7, 0xABD7, 0xABD7, 0xABD7, 0xABD6, 0xABD6, 0xABD6, 0xABD7,
    0xABD7, 0xABD7, 0xABD7, 0xABD6, 0xABD6, 0xABD6, 0xB3F6, 0xBBF6, 0xBBF6, 0xC3F6, 0xC3F6, 0xC416,
    0xB3D6, 0x8B54, 0xA395, 0xBBD6, 0xB3D6, 0xB3D6, 0xABD6, 0xB3D6, 0xB3D6, 0xBBF7, 0x6AD3, 0x2A10,
    0x3A91, 0x3A71, 0x4291, 0x29EE, 0x19CE, 0x19CE, 0x42F2, 0x5394, 0x2A0F, 0x4353, 0x6D79, 0x2A90,
    0x21AE, 0x19CD, 0x21CE, 0x21CE, 0x21EF, 0x21EE, 0x21EE, 0x19CE, 0x21CE, 0x3230, 0x3230, 0x3230,
    0x2A0F, 0x29EF, 0x21CD, 0x19CD, 0x19AD, 0x19AD, 0x19AD, 0x21CE, 0x19CE, 0x21CF, 0x29EF, 0x21EF,
    0x21CE, 0x19AD, 0x220E, 0x2A2F, 0x19CD, 0x220F, 0x2A70, 0x1A0F, 0x220F, 0x320F, 0x2A0F, 0x2A0F,
    0x4271, 0x62B0, 0x82F0, 0x8AEF, 0x8AEF, 0x7AAF, 0xB3F2, 0xDCD6, 0x3A4F, 0x4290, 0x5AF1, 0xB411,
    0xB411, 0x39EF, 0x2A0F, 0x2A0F, 0x3271, 0x3A50, 0x39ED, 0xAC53, 0xAC74, 0x5291, 0x8353, 0xA3B3,
    0x722C, 0x92F0, 0xC437, 0x6AB2, 0x72B2, 0xC416, 0xC416, 0xC416, 0xCC16, 0xCBF6, 0xC3F6, 0xC3F6,
    0xC416, 0xC416, 0xCC16, 0xD436, 0xD435, 0xD435, 0xDC55, 0xDC35, 0xE435, 0xE435, 0xE455, 0xEC54,
    0xEC53, 0xEC73, 0xEC73, 0xEC74, 0xEC94, 0xEC75, 0xF4B4, 0xF4F3, 0xFD74, 0xF594, 0xF5B3, 0xFD73,
    0xFDB4, 0xF634, 0xFDF3, 0xFDD3, 0xFE53, 0xFE52, 0xFE53, 0xFE53, 0xFE52, 0xFE73, 0xFE73, 0xFE72,
    0xFE72, 0xFE72, 0xFE72, 0xFE72, 0xFE72, 0xF5F2, 0xFE53, 0xFE92, 0xFE92, 0xFE92, 0xFE92, 0xFE92,
    0xFE92, 0xFEB2, 0xFDF3, 0xF594, 0xFE53, 0xFE92, 0xFE92, 0xFE92, 0xFE92, 0xFE92, 0xFE92, 0xFE92,
    0xFE92, 0xFE92, 0xFE92, 0xFE92, 0xFE92, 0xFE92, 0xFED4, 0xF717, 0xF7DC, 0xEFFE, 0xF7FD, 0xF7FE,
    0xF7FE, 0xF7FE, 0xF7FE, 0xF7FE, 0xF7FE, 0xF7FE, 0xF7FE, 0xF7FE, 0xF7FE, 0xF7FE, 0xF7FE, 0xF7FE,
    0xF7FE, 0xF7FE, 0xF7FE, 0xF7FE, 0xF7FE, 0xF7FE, 0xF7FE, 0xF7FE, 0xF7FE, 0xF7FE, 0xF7FE, 0xF7FE,
    0xF7FE, 0xF7FD, 0xF7FE, 0xF7FE, 0xF7FD, 0xF7BD, 0xF77B, 0xEE98, 0xEE36, 0xF5B4, 0xF594, 0xF594,
    0xF554, 0xF554, 0xF553, 0xF534, 0xF534, 0xF4F4, 0xF4F4, 0xF4F4, 0xF514, 0xF4D4, 0xEC95, 0xEC95,
    0xEC95, 0xEC95, 0xF4F4, 0xF535, 0xF515, 0xF515, 0xF4F5, 0xF4B5, 0xEC95, 0xEC95, 0xEC95, 0xF4B5,
    0xF4B5, 0xF4B5, 0xECB5, 0xF613, 0xFED2, 0xFEB2, 0xFEB3, 0xFEB3, 0xFED2, 0xFE33, 0xF515, 0xF515,
    0xF4F5, 0xEC95, 0xF555, 0xFE13, 0xFE73, 0xFEB2, 0xFE93, 0xB450, 0x8B6D, 0x3105, 0x51A8, 0x722A,
    0x30A5, 0x8A6C, 0xE474, 0x820B, 0x6149, 0x71AA, 0x718A, 0x718A, 0xC3D2, 0xB350, 0x79CA, 0x8A2C,
    0x928D, 0x9AAD, 0xCBF1, 0xF4F4, 0x9397, 0x9376, 0x9377, 0x8B77, 0x8B76, 0x8B76, 0x8B76, 0x8B76,
    0x8B77, 0x8B77, 0x8B56, 0x8B96, 0x7B34, 0x5250, 0x3A0F, 0x21CE, 0x31EE, 0x29CD, 0x29AC, 0x49EE,
    0x620E, 0x92CF, 0xA311, 0xAB54, 0xABB6, 0xABD7, 0xABD7, 0xABD7, 0xABD7, 0xABD7, 0xABD7, 0xABD7,
    0xABD7, 0xABD7, 0xABD7, 0xABD6, 0xABD6, 0xABD6, 0xABD6, 0xABD7, 0xABD7, 0xABD7, 0xABD7, 0xABD6,
    0xABD6, 0xABD6, 0xABD6, 0xB3D6, 0xBBF6, 0xC3F6, 0xC3F6, 0xC416, 0xBBF6, 0xABF6, 0xB3F6, 0xBBD6,
    0xBBF6, 0xB3D6, 0xB3D6, 0xB3D6, 0xB3D6, 0xBBF7, 0x62B2, 0x21CF, 0x3A50, 0x3250, 0x3A50, 0x21EE,
    0x19CE, 0x21EE, 0x3AF2, 0x5373, 0x2A0F, 0x3B12, 0x5CB7, 0x2A70, 0x21CE, 0x19CD, 0x21EE, 0x2A2F,
    0x2A30, 0x2A4F, 0x2A4F, 0x21EE, 0x21CE, 0x3250, 0x3A50, 0x3250, 0x322F, 0x29EF, 0x19AD, 0x19AD,
    0x19AD, 0x19AD, 0x19AD, 0x19CD, 0x19AD, 0x21CE, 0x2A0F, 0x21CE, 0x21AD, 0x19AD, 0x21EE, 0x21EF,
    0x21EE, 0x2A0F, 0x3250, 0x21EF, 0x21CE, 0x3A0F, 0x320F, 0x2A2F, 0x4271, 0x6AD1, 0x8B51, 0xAB90,
    0xA350, 0x726E, 0xB3D2, 0xD4B5, 0x320F, 0x320F, 0x4250, 0x6AAF, 0x6AAF, 0x29CF, 0x29CE, 0x21EE,
    0x3271, 0x3250, 0x39EC, 0xB474, 0xBCB5, 0x5AF2, 0x6AF0, 0x7A8D, 0x7A8D, 0xA331, 0xC436, 0x6A92,
    0x6A91, 0xC3F6, 0xC3F6, 0xC3F6, 0xCBF6, 0xBBF6, 0xB3D6, 0xBBF6, 0xC3F6, 0xCC15, 0xDC35, 0xE455,
    0xE475, 0xEC74, 0xEC75, 0xE454, 0xE454, 0xEC74, 0xEC74, 0xEC54, 0xEC74, 0xEC74, 0xEC74, 0xE454,
    0xE455, 0xE455, 0xEC94, 0xF4D4, 0xFD14, 0xF554, 0xFD94, 0xF554, 0xF554, 0xF573, 0xF553, 0xF553,
    0xFE33, 0xFE73, 0xFE53, 0xFE33, 0xFE33, 0xFE53, 0xFE73, 0xFE73, 0xFE52, 0xFE52, 0xFE52, 0xFE53,
    0xFE53, 0xFDD3, 0xFE33, 0xFE73, 0xFE93, 0xFE92, 0xFE92, 0xFE92, 0xFE92, 0xFEB3, 0xFDF3, 0xF574,
    0xFE53, 0xFE93, 0xFE92, 0xFE92, 0xFE92, 0xFE92, 0xFE92, 0xFE92, 0xFE92, 0xFE92, 0xFE92, 0xFE92,
    0xFE92, 0xFE71, 0xF737, 0xFFFD, 0xF7DD, 0xF7FE, 0xF7FE, 0xF7FE, 0xF7FE, 0xF7FE, 0xF7FE, 0xF7FE,
    0xF7FE, 0xF7FE, 0xF7FE, 0xF7FE, 0xF7FE, 0xF7FE, 0xF7FE, 0xF7FE, 0xF7FE, 0xF7FE, 0xF7FE, 0xF7FE,
    0xF7FE, 0xF7FE, 0xF7FE, 0xF7FE, 0xF7FE, 0xF7FE, 0xF7FE, 0xF7FE, 0xF7FE, 0xF7FD, 0xF7FE, 0xF7FE,
    0xF7FD, 0xF75B, 0xEE16, 0xF5F5, 0xF5D4, 0xFDD4, 0xFD94, 0xFD74, 0xFD55, 0xF554, 0xF554, 0xF514,
    0xF4F4, 0xF4D4, 0xF514, 0xF515, 0xF4F4, 0xF4B5, 0xEC95, 0xEC95, 0xECB5, 0xECD4, 0xF554, 0xFD74,
    0xF555, 0xF4F5, 0xECB4, 0xEC95, 0xEC95, 0xEC95, 0xEC95, 0xF4B5, 0xF4B5, 0xF4B5, 0xF4B5, 0xF613,
    0xFED3, 0xFE92, 0xFE92, 0xFEB2, 0xFED3, 0xF633, 0xF515, 0xF515, 0xF4F5, 0xEC95, 0xF515, 0xF593,
    0xFE73, 0xFE93, 0xFE53, 0x4165, 0x1063, 0x20E5, 0x20A4, 0x2084, 0x38C5, 0x6148, 0x81EB, 0x71AB,
    0x69AB, 0x718A, 0x718A, 0x698A, 0x7189, 0x7189, 0x71A9, 0x6189, 0x7189, 0x7149, 0xBB4F, 0xECF4,
    0x9BB7, 0x9BB7, 0x9BB7, 0x9396, 0x8B76, 0x8B76, 0x8B76, 0x8B96, 0x8B76, 0x8B76, 0x8B76, 0x8B96,
    0x72F4, 0x31CE, 0x29CE, 0x21AE, 0x21AD, 0x29CD, 0x39CD, 0x6A2F, 0x824F, 0x9AAF, 0xAB32, 0xB375,
    0xABB7, 0xABB7, 0xABD7, 0xABD7, 0xABD7, 0xABD7, 0xABD7, 0xABD7, 0xABD7, 0xABD7, 0xB3D6, 0xB3D6,
    0xABD6, 0xABD6, 0xABD6, 0xABD7, 0xABD7, 0xABF7, 0xABD7, 0xABD6, 0xABD6, 0xABD7, 0xABD7, 0xB3D6,
    0xBBF7, 0xBBD6, 0xBBD6, 0xBBF6, 0xBC17, 0xC3F6, 0xBBF6, 0xBBF6, 0xB3F6, 0xABF7, 0xA3D7, 0xB3D6,
    0xB3D6, 0xBBF7, 0x62D3, 0x2210, 0x4291, 0x3A50, 0x2A2F, 0x21EE, 0x19EE, 0x2A2F, 0x2A50, 0x2A50,
    0x3230, 0x3270, 0x32B1, 0x2A0F, 0x220F, 0x21EE, 0x21EE, 0x21EE, 0x2A0F, 0x220F, 0x19EE, 0x19CD,
    0x21EE, 0x3A70, 0x3A70, 0x3A70, 0x3250, 0x2A0F, 0x19AD, 0x19CD, 0x19CE, 0x19CE, 0x19AD, 0x19AD,
    0x19CD, 0x21CE, 0x2A0E, 0x21CD, 0x19AD, 0x19CD, 0x21AD, 0x29AD, 0x4A4F, 0x422F, 0x3A0F, 0x29EE,
    0x29CE, 0x39CE, 0x29EE, 0x2A2F, 0x4271, 0x62D1, 0x8B51, 0xCC12, 0xBBD1, 0x6A2D, 0xABB1, 0xCC74,
    0x31EE, 0x3A2F, 0x5A90, 0xB454, 0xB495, 0x29CE, 0x29EF, 0x2A0F, 0x3271, 0x3270, 0x3A2D, 0xB453,
    0xBC74, 0x52B2, 0xA3F3, 0xE4D4, 0x8ACC, 0x9B30, 0xC436, 0x6271, 0x6272, 0xC3F6, 0xC3F6, 0xC3D6,
    0xC3D6, 0xB3F7, 0xABF7, 0xBBF6, 0xC3F6, 0xD435, 0xDC35, 0xE455, 0xE474, 0xE474, 0xE474, 0xE474,
    0xE474, 0xEC74, 0xE454, 0xE455, 0xE454, 0xE455, 0xE455, 0xDC55, 0xDC35, 0xDC56, 0xE475, 0xEC94,
    0xF494, 0xF4F4, 0xFD75, 0xF574, 0xF594, 0xFDD4, 0xFD94, 0xF573, 0xFDF4, 0xFE33, 0xFE53, 0xFE33,
    0xFE13, 0xF5F3, 0xFE33, 0xFE73, 0xFE53, 0xFE73, 0xFE53, 0xFE53, 0xFE33, 0xFDD3, 0xFDF3, 0xF613,
    0xFE73, 0xFE92, 0xFE92, 0xFE92, 0xFE92, 0xFEB2, 0xF5F3, 0xF574, 0xFE53, 0xFE93, 0xFEB3, 0xFEB3,
    0xFE92, 0xFE92, 0xFE92, 0xFE92, 0xFE92, 0xFE92, 0xFE92, 0xFE92, 0xFEB3, 0xF6B3, 0xEF59, 0xF7FE,
    0xF7FD, 0xEFFE, 0xF7FE, 0xF7FE, 0xF7FE, 0xF7FE, 0xF7FE, 0xF7FE, 0xF7FE, 0xF7FE, 0xF7FE, 0xF7FE,
    0xF7FE, 0xF7FE, 0xF7FE, 0xF7FE, 0xF7FE, 0xF7FE, 0xF7FE, 0xF7FE, 0xF7FE, 0xF7FE, 0xF7FE, 0xF7FE,
    0xF7FE, 0xF7FE, 0xF7FE, 0xF7FE, 0xF7FE, 0xF7FD, 0xEFFE, 0xF7FD, 0xFFFD, 0xF71A, 0xF5B4, 0xF5D5,
    0xFDB5, 0xFDD4, 0xF594, 0xF554, 0xF535, 0xF535, 0xF554, 0xF4F4, 0xF4D5, 0xF4D5, 0xF4F4, 0xF4F4,
    0xF4D4, 0xECB5, 0xEC95, 0xEC95, 0xECD5, 0xFD55, 0xF574, 0xF575, 0xF535, 0xF4F5, 0xF4D5, 0xEC95,
    0xEC75, 0xEC95, 0xEC95, 0xF4B5, 0xF4B5, 0xF4D5, 0xF4B5, 0xF613, 0xFED3, 0xFEB2, 0xFEB2, 0xFEB3,
    0xFED2, 0xF633, 0xF515, 0xF515, 0xF4F5, 0xEC95, 0xECF5, 0xFD54, 0xF693, 0xFE34, 0xF574, 0x59C7,
    0x30E4, 0x08A3, 0x1084, 0x1884, 0x4968, 0x4107, 0x3885, 0x5128, 0x6169, 0x696A, 0x698A, 0x698A,
    0x718A, 0x698A, 0x6989, 0x698A, 0x71AA, 0x7189, 0xB350, 0xECF5, 0x9BB7, 0x9BB7, 0x9BB7, 0x9376,
    0x8B76, 0x8B97, 0x8B76, 0x8B76, 0x8B96, 0x8355, 0x72D3, 0x5A71, 0x420F, 0x218D, 0x21AE, 0x21AD,
    0x21AD, 0x31EE, 0x522F, 0x620E, 0x722E, 0x828F, 0xA2D1, 0xB353, 0xAB96, 0xABB6, 0xABD7, 0xABD7,
    0xABD7, 0xABD7, 0xABD7, 0xABD7, 0xABD7, 0xABD7, 0xB3D7, 0xB3F6, 0xB3D6, 0xB3F7, 0xB3F6, 0xB3D6,
    0xABD6, 0xA3D6, 0xA3B6, 0xA3D6, 0xABD6, 0xABB6, 0xABB6, 0xABD6, 0xB3F6, 0xB3D6, 0xB3D7, 0xB3D6,
    0xB3F6, 0xB3F7, 0xBBF7, 0xBBF6, 0x6250, 0x4A50, 0x5271, 0xA395, 0xB3D6, 0xBBF6, 0x62D2, 0x2A10,
    0x4A92, 0x3A51, 0x3250, 0x220E, 0x21EE, 0x2A0F, 0x3270, 0x3A91, 0x3A70, 0x3270, 0x3270, 0x2A0F,
    0x21EE, 0x220F, 0x21EE, 0x21EE, 0x3270, 0x2A2F, 0x19EE, 0x19CE, 0x21CE, 0x320F, 0x2A0F, 0x29EE,
    0x21CE, 0x21CE, 0x19AD, 0x19AD, 0x19EE, 0x2230, 0x19CE, 0x19AD, 0x19AD, 0x19AD, 0x19AD, 0x19CD,
    0x19CD, 0x19AC, 0x422E, 0x5A70, 0x6A4F, 0x7A4F, 0x7A70, 0x49CE, 0x39AE, 0x420F, 0x31EE, 0x31CE,
    0x4A50, 0x62B1, 0x8311, 0xD412, 0xBBD1, 0x622D, 0xA371, 0xCC54, 0x29EE, 0x4270, 0x62D1, 0xA413,
    0xAC32, 0x320F, 0x320F, 0x2A0F, 0x2A70, 0x326F, 0x3A2E, 0xB473, 0xBC74, 0x5292, 0x8311, 0xAB6F,
    0x8ACD, 0xA371, 0xC436, 0x5A71, 0x5A71, 0xC3F6, 0xC3D6, 0xBBD6, 0xCBD6, 0x9B34, 0x6AB2, 0x9B95,
    0xBBF5, 0xD415, 0xD415, 0xD435, 0xDC35, 0xDC34, 0xDC35, 0xDC35, 0xDC55, 0xE455, 0xE455, 0xE455,
    0xDC55, 0xDC55, 0xDC55, 0xDC36, 0xDC36, 0xD456, 0xE456, 0xEC75, 0xF474, 0xF494, 0xECD4, 0xF553,
    0xF593, 0xFDD4, 0xFDD4, 0xFDD4, 0xFDF4, 0xFE14, 0xFE14, 0xFDB3, 0xFDB3, 0xFDB4, 0xF5D3, 0xF5F3,
    0xFE34, 0xFE53, 0xFE73, 0xFE53, 0xFE13, 0xF593, 0xFDB4, 0xF5B3, 0xFE93, 0xFEB2, 0xFE92, 0xFEB3,
    0xFEB2, 0xFEB2, 0xF5F3, 0xF574, 0xFE54, 0xFE93, 0xFEB2, 0xFEB2, 0xFEB3, 0xFEB3, 0xFEB3, 0xFEB3,
    0xFEB3, 0xFEB3, 0xFEB3, 0xFE92, 0xFEF5, 0xFF99, 0xF7BB, 0xF7FE, 0xF7FD, 0xF7FE, 0xF7FE, 0xF7FE,
    0xF7FE, 0xF7FE, 0xF7FE, 0xF7FE, 0xF7FE, 0xF7FE, 0xF7FE, 0xF7FE, 0xF7FE, 0xF7FE, 0xF7FE, 0xF7FE,
    0xF7FE, 0xF7FE, 0xF7FE, 0xF7FE, 0xF7FE, 0xF7FE, 0xF7FE, 0xF7FE, 0xF7FE, 0xF7FE, 0xF7FE, 0xEFFD,
    0xEFFD, 0xF7DD, 0xF7FD, 0xFFDD, 0xF6FA, 0xF677, 0xF5B4, 0xFDD4, 0xF5D4, 0xFDB4, 0xF574, 0xF534,
    0xF514, 0xF514, 0xF534, 0xF4F4, 0xF4D5, 0xF4D5, 0xF4D5, 0xF4F4, 0xF4D4, 0xF4B5, 0xEC95, 0xEC75,
    0xECB5, 0xFD94, 0xF554, 0xF535, 0xF514, 0xF4F4, 0xF4D5, 0xEC95, 0xEC95, 0xEC95, 0xEC95, 0xEC95,
    0xEC95, 0xECB5, 0xEC95, 0xF5F4, 0xFED3, 0xFEB3, 0xFEB3, 0xFEB3, 0xFED3, 0xFE33, 0xF515, 0xF515,
    0xF4D6, 0xEC95, 0xF4F6, 0xFD55, 0xFEB4, 0xF614, 0xF514, 0xE574, 0xB4B2, 0x0883, 0x1926, 0x3167,
    0x28C5, 0x30E5, 0x30E6, 0x4928, 0x5969, 0x698A, 0x698A, 0x698A, 0x696A, 0x718A, 0x71AA, 0x7169,
    0x716A, 0x798A, 0x81EB, 0x8A4B, 0x9BB7, 0x9BB7, 0x9BB7, 0x9BB7, 0x9B97, 0x8B76, 0x9397, 0x9B96,
    0x9396, 0x8B96, 0x8376, 0x4230, 0x29AE, 0x29AE, 0x21AE, 0x21AD, 0x21AD, 0x31CD, 0x41EE, 0x5A2E,
    0x624E, 0x622D, 0x9ACF, 0xBB52, 0xBB73, 0xB3B5, 0xABD7, 0xABD7, 0xABD7, 0xABD7, 0xABD7, 0xABD7,
    0xABD7, 0xABD7, 0xABD6, 0xB3F6, 0xBBF6, 0xBBF6, 0xB3F6, 0xB3F6, 0xB3D6, 0xABD6, 0xABD6, 0xA3D7,
    0xABD7, 0xB3F7, 0xB3F6, 0xB3F7, 0xB3D6, 0xB3D6, 0xB3F7, 0xB3D7, 0xABD7, 0xB3D7, 0xB3F6, 0xABF7,
    0x39EF, 0x21CF, 0x320F, 0x9B94, 0xB3D6, 0xBBF6, 0x62D2, 0x2A10, 0x4AB2, 0x4291, 0x4271, 0x2A0E,
    0x21CE, 0x21EE, 0x2A0F, 0x2A2F, 0x2A0F, 0x2A0F, 0x220F, 0x21CE, 0x21EE, 0x220F, 0x220F, 0x21EE,
    0x3A71, 0x2A2F, 0x21CD, 0x21EE, 0x21CE, 0x21AE, 0x2A0F, 0x322F, 0x19AD, 0x19AE, 0x19AD, 0x19AD,
    0x19CE, 0x2230, 0x21CE, 0x19AD, 0x19AD, 0x19AD, 0x19AD, 0x19CD, 0x19CD, 0x21CD, 0x29CD, 0x41ED,
    0x620E, 0x824F, 0x9A90, 0x824F, 0x622F, 0x31AD, 0x41EF, 0x420F, 0x4A4F, 0x5270, 0x6291, 0x8B11,
    0x8310, 0x522E, 0x9B71, 0xBC13, 0x320F, 0x3A2F, 0x524F, 0xB432, 0xBC73, 0x3A0F, 0x3A50, 0x3250,
    0x2250, 0x3250, 0x3A4F, 0xAC52, 0xB454, 0x5292, 0x9BD3, 0xDCD4, 0x930E, 0x9B71, 0xBC57, 0x5250,
    0x4A30, 0x9B33, 0xABB5, 0xBC17, 0xC3F7, 0x8B33, 0x4A30, 0x8B54, 0xB3D5, 0xD436, 0xD416, 0xD416,
    0xD436, 0xD436, 0xD416, 0xD436, 0xD436, 0xD435, 0xDC35, 0xDC35, 0xD456, 0xD456, 0xD456, 0xD436,
    0xD436, 0xD436, 0xDC56, 0xE456, 0xEC75, 0xEC75, 0xEC74, 0xF514, 0xF553, 0xF553, 0xF593, 0xFDD4,
    0xFDF4, 0xF594, 0xF514, 0xF514, 0xF4F3, 0xF4F3, 0xF574, 0xFDD4, 0xFD94, 0xFDF4, 0xFE34, 0xFDF4,
    0xFDB4, 0xFD74, 0xFD94, 0xF594, 0xF5D4, 0xF633, 0xFEB3, 0xFEB3, 0xFEB2, 0xFEB3, 0xF613, 0xF574,
    0xFE35, 0xFE74, 0xFEB2, 0xFEB2, 0xFEB3, 0xFEB3, 0xFEB3, 0xFEB3, 0xFEB3, 0xFEB3, 0xFEB3, 0xFE92,
    0xF6F5, 0xF7FD, 0xF7DD, 0xF7FE, 0xF7FE, 0xF7FE, 0xF7FE, 0xF7FE, 0xF7FE, 0xF7FE, 0xF7FE, 0xF7FE,
    0xF7FE, 0xF7FE, 0xF7FE, 0xF7FE, 0xF7FE, 0xF7FE, 0xF7FE, 0xF7FE, 0xF7FE, 0xF7FE, 0xF7FE, 0xF7FE,
    0xF7FE, 0xF7FE, 0xF7FE, 0xF7FE, 0xF7FE, 0xF7FE, 0xF7FD, 0xF7FD, 0xFFBC, 0xF75B, 0xF719, 0xEEB8,
    0xEE36, 0xF615, 0xFDB4, 0xFDD5, 0xFDB4, 0xF594, 0xFD74, 0xF535, 0xF4D4, 0xF4F4, 0xF514, 0xF4D4,
    0xF4D5, 0xECB5, 0xF4B5, 0xF4D5, 0xF4D5, 0xF4B5, 0xEC95, 0xEC95, 0xECB4, 0xF575, 0xED34, 0xF515,
    0xF4F5, 0xF4D4, 0xEC95, 0xEC95, 0xEC95, 0xEC95, 0xEC95, 0xEC95, 0xEC95, 0xECB5, 0xEC94, 0xF5F4,
    0xFED3, 0xFEB3, 0xFEB3, 0xFEB3, 0xFED2, 0xFE33, 0xF515, 0xECF5, 0xECB5, 0xEC95, 0xF4D5, 0xF535,
    0xF6B4, 0xF614, 0xECD4, 0x726A, 0x41C8, 0x08A4, 0x08C4, 0x18E5, 0x28E6, 0x28C5, 0x28A5, 0x30E6,
    0x4107, 0x51A9, 0x6189, 0x6989, 0x698A, 0x698A, 0x698A, 0x6989, 0x6969, 0x716A, 0x7169, 0x7189,
    0x9BB7, 0x9BB7, 0x9BB7, 0xA3B7, 0xA3B7, 0x9396, 0xA3B7, 0xA3B6, 0xABD6, 0x8354, 0x4A71, 0x31CF,
    0x21AE, 0x29AE, 0x21AE, 0x21AD, 0x21AD, 0x29AD, 0x31CD, 0x524F, 0x624F, 0x6A4E, 0x92CF, 0xBB30,
    0xBB31, 0xB394, 0xABD7, 0xABD7, 0xABD7, 0xABD7, 0xABD7, 0xABD7, 0xABD7, 0xABD7, 0xABD6, 0xB3F6,
    0xBBF6, 0xBBF6, 0xBBF6, 0xBBF6, 0xB3D6, 0xB3D6, 0xB3F6, 0xB3D6, 0xB3D6, 0xBBF6, 0xBBF6, 0xBBF7,
    0xB3D6, 0xB3F6, 0xBBF6, 0xBBF6, 0xBBD6, 0xB3D6, 0xB3F6, 0xABF6, 0x322F, 0x220F, 0x3230, 0xA394,
    0xB3D6, 0xBBF6, 0x62F3, 0x2A30, 0x4292, 0x4A72, 0x4A91, 0x2A0F, 0x21EE, 0x21EE, 0x21EE, 0x21EE,
    0x21CE, 0x21EE, 0x21EE, 0x21CE, 0x21EE, 0x2A2F, 0x220F, 0x21EE, 0x3250, 0x322F, 0x29EE, 0x21EE,
    0x21CE, 0x196D, 0x322F, 0x3250, 0x19AE, 0x19AE, 0x19AD, 0x19AD, 0x19CE, 0x1A0F, 0x19CE, 0x19AD,
    0x19AD, 0x19AD, 0x19AD, 0x19CD, 0x19AD, 0x19CD, 0x19AD, 0x21AD, 0x41CE, 0x5A0F, 0x6A2F, 0x822F,
    0x722F, 0x49CE, 0x39EE, 0x31EE, 0x320E, 0x320F, 0x31F0, 0x3A0F, 0x4A2F, 0x3A2F, 0x8B31, 0xBC13,
    0x3A2F, 0x424F, 0x522E, 0xC473, 0xD4B3, 0x39EE, 0x3A50, 0x3A71, 0x222F, 0x2A2F, 0x322F, 0xAC93,
    0xB495, 0x4A72, 0x9BB2, 0xE4D3, 0x8B0F, 0x8311, 0x7B34, 0x4230, 0x4230, 0x9333, 0x8B33, 0x8B33,
    0xB395, 0x7AD2, 0x4210, 0x8313, 0xAB95, 0xD437, 0xD436, 0xD436, 0xD436, 0xD436, 0xCC36, 0xCC36,
    0xD436, 0xD436, 0xD436, 0xD436, 0xD456, 0xD456, 0xD456, 0xD436, 0xD436, 0xD436, 0xD456, 0xDC56,
    0xE456, 0xE455, 0xEC55, 0xF4D4, 0xF533, 0xF533, 0xFD74, 0xFDD4, 0xFE14, 0xF554, 0xEC74, 0xF494,
    0xF494, 0xF494, 0xF4F4, 0xF514, 0xF4D4, 0xF514, 0xF554, 0xF514, 0xF4F4, 0xF514, 0xF514, 0xF514,
    0xF4F4, 0xF534, 0xF5B2, 0xF5D2, 0xF5F2, 0xF5F2, 0xF593, 0xF554, 0xF5B4, 0xFE33, 0xFEB2, 0xFEB2,
    0xFEB3, 0xFEB3, 0xFEB3, 0xFEB3, 0xFEB3, 0xFEB3, 0xFEB3, 0xFE92, 0xF6F6, 0xF7FD, 0xEFDD, 0xF7FE,
    0xF7FE, 0xF7FE, 0xF7FE, 0xF7FE, 0xF7FE, 0xF7FE, 0xF7FE, 0xF7FE, 0xF7FE, 0xF7FE, 0xF7FE, 0xF7FE,
    0xF7FE, 0xF7FE, 0xF7FE, 0xF7FE, 0xF7FE, 0xF7FE, 0xF7FE, 0xF7FE, 0xF7FE, 0xF7FE, 0xF7FE, 0xF7FE,
    0xF7FD, 0xF7DD, 0xF7DD, 0xF6FA, 0xF677, 0xF656, 0xF616, 0xF5F5, 0xF5F4, 0xF5D4, 0xFD94, 0xFDB4,
    0xFD94, 0xFD74, 0xF534, 0xF515, 0xF4B5, 0xF4D5, 0xF514, 0xECB4, 0xF4B5, 0xEC95, 0xECB5, 0xF4B5,
    0xF4B4, 0xEC95, 0xEC95, 0xF4D5, 0xF4F5, 0xF575, 0xF514, 0xF4F5, 0xF4D5, 0xF495, 0xEC75, 0xEC75,
    0xEC75, 0xEC95, 0xEC95, 0xEC95, 0xEC95, 0xECB5, 0xEC94, 0xF5F4, 0xFED3, 0xFEB3, 0xFEB3, 0xFEB3,
    0xFED2, 0xFE33, 0xF515, 0xECD5, 0xECB5, 0xEC95, 0xECB5, 0xECF5, 0xFEB3, 0xF613, 0xECB4, 0x8B0E,
    0x5A4B, 0x08A4, 0x00A4, 0x0084, 0x18A5, 0x20C5, 0x20E6, 0x1884, 0x28A4, 0x3106, 0x5148, 0x6189,
    0x6169, 0x5949, 0x4928, 0x6189, 0x6989, 0x6948, 0x822A, 0x92EC, 0x9BB6, 0xA3D7, 0xA3D7, 0xA3B6,
    0xA3B7, 0xA3B7, 0xA3B6, 0xABB6, 0xABF7, 0x7B14, 0x294D, 0x21CE, 0x19AE, 0x198D, 0x218D, 0x19AD,
    0x21AD, 0x29AD, 0x39CD, 0x522F, 0x624E, 0x728F, 0x9AD0, 0xB310, 0xBB30, 0xAB93, 0xABD7, 0xABB7,
    0xABD7, 0xABD7, 0xABD7, 0xABD7, 0xABD7, 0xABD7, 0xABD7, 0xB3D7, 0xBBF6, 0xBBF6, 0xBBF6, 0xBBF6,
    0xBBD6, 0xB3D6, 0xBBF6, 0xBBF6, 0xBBD6, 0xBBD6, 0xBBF6, 0xBBF6, 0xBBF6, 0xBBF7, 0xBBF6, 0xBBF6,
    0xBBF6, 0xBBD6, 0xA3F5, 0x8BD6, 0x320F, 0x2A0F, 0x3A50, 0xA3B5, 0xBBD6, 0xBBD6, 0x6AD3, 0x3230,
    0x4A72, 0x4A71, 0x4A71, 0x2A0F, 0x21EE, 0x21EE, 0x21EE, 0x29EF, 0x31EF, 0x2A0F, 0x2210, 0x21EF,
    0x21EF, 0x2A2F, 0x220F, 0x21EE, 0x2A2F, 0x3230, 0x3230, 0x29EF, 0x21CE, 0x19AD, 0x320F, 0x3A50,
    0x19AE, 0x19AE, 0x19AD, 0x19AD, 0x19AE, 0x19CE, 0x19AD, 0x19AD, 0x19AD, 0x19AD, 0x19AD, 0x19AD,
    0x19AD, 0x19CD, 0x21CE, 0x21CE, 0x29CE, 0x41CE, 0x51EE, 0x69EE, 0x6A0F, 0x6230, 0x31EE, 0x19AD,
    0x21AE, 0x19AE, 0x19CE, 0x19CE, 0x29EE, 0x322F, 0x7B11, 0xA3D3, 0x3250, 0x4A70, 0x5A6F, 0xCC93,
    0xD4D3, 0x31CE, 0x3A50, 0x3A70, 0x220F, 0x2A30, 0x29EF, 0xB495, 0xBCB5, 0x5271, 0x9B51, 0xCC11,
    0x82EF, 0x6A8F, 0x4A50, 0x3A0F, 0x4230, 0x9B54, 0x7AD2, 0x6270, 0x8AF4, 0x6A71, 0x420F, 0x7AF3,
    0x9B74, 0xCBF6, 0xCC16, 0xD436, 0xD436, 0xD436, 0xD436, 0xD436, 0xD436, 0xD436, 0xD436, 0xD436,
    0xD436, 0xD436, 0xD436, 0xD436, 0xD436, 0xD456, 0xD436, 0xD435, 0xD455, 0xDC55, 0xEC55, 0xECB4,
    0xF513, 0xF533, 0xF573, 0xFDD4, 0xFDD4, 0xF574, 0xF4B5, 0xF4B4, 0xF4B4, 0xF4D4, 0xF4D4, 0xECD3,
    0xF4B4, 0xF4B4, 0xECD4, 0xECD4, 0xECD4, 0xECB4, 0xF4D4, 0xF4D4, 0xF4D3, 0xECF3, 0xECF2, 0xED51,
    0xED72, 0xF592, 0xF573, 0xFD35, 0xF574, 0xF5F3, 0xFEB3, 0xFEB3, 0xFEB3, 0xFEB3, 0xFEB3, 0xFEB3,
    0xFEB2, 0xFEB2, 0xFEB2, 0xF6D5, 0xF738, 0xF7FD, 0xF7FD, 0xF7FE, 0xF7FE, 0xF7FE, 0xF7FE, 0xF7FE,
    0xF7FE, 0xF7FE, 0xF7FE, 0xF7FE, 0xF7FE, 0xF7FE, 0xF7FE, 0xF7FE, 0xF7FE, 0xF7FE, 0xF7FE, 0xF7FE,
    0xF7FE, 0xF7FE, 0xF7FE, 0xF7FE, 0xF7FE, 0xF7FE, 0xF7FE, 0xF7FE, 0xF7FE, 0xF79C, 0xFF7B, 0xF657,
    0xF5B4, 0xF5B4, 0xF5B4, 0xF5B4, 0xFDB4, 0xFDB4, 0xF594, 0xFD94, 0xFD95, 0xF574, 0xF534, 0xF4F4,
    0xF4B5, 0xF4D4, 0xF514, 0xECB5, 0xF495, 0xEC95, 0xEC95, 0xF4B4, 0xF4B5, 0xEC95, 0xEC95, 0xF515,
    0xF555, 0xF574, 0xF514, 0xF4F5, 0xF4B5, 0xEC95, 0xEC95, 0xEC96, 0xEC95, 0xEC95, 0xEC95, 0xF4B5,
    0xF4B5, 0xECB5, 0xEC94, 0xF613, 0xFED3, 0xFEB3, 0xFEB3, 0xFEB2, 0xFED3, 0xFE14, 0xF4F5, 0xECB5,
    0xEC95, 0xEC95, 0xEC95, 0xECB5, 0xF694, 0xF5F3, 0xECB4, 0xED57, 0xBC95, 0x08A4, 0x00A4, 0x00A4,
    0x0064, 0x10A5, 0x2106, 0x18A4, 0x1884, 0x1083, 0x4127, 0x5969, 0x5149, 0x4128, 0x30E6, 0x5969,
    0x6969, 0x6949, 0x826B, 0xA38D, 0x9BB6, 0x9BB6, 0x9BB7, 0xA3B6, 0xABD6, 0xABD6, 0xABD6, 0xABD6,
    0xABD6, 0x9BB6, 0x8375, 0x4210, 0x19AE, 0x21AD, 0x218D, 0x19AD, 0x21AC, 0x21AD, 0x29CD, 0x41EE,
    0x520E, 0x7A8F, 0x9AD0, 0xB330, 0xAB10, 0xAB73, 0xABB7, 0xABB6, 0xABD7, 0xABD7, 0xABD7, 0xABD7,
    0xABD7, 0xABD7, 0xABD7, 0xB3D6, 0xB3D6, 0xB3F6, 0xBBF6, 0xBBF7, 0xBBF6, 0xBBF6, 0xBBF7, 0xBBD6,
    0xBBD6, 0xBBF6, 0xBBF6, 0xBBD6, 0xBBF6, 0xBBF6, 0xBBF6, 0xBBF6, 0xBBF6, 0xBC17, 0x6AF2, 0x19AD,
    0x21CE, 0x3270, 0x5332, 0xA3D5, 0xB3D6, 0xBBD6, 0x6AD2, 0x2A10, 0x4A71, 0x4270, 0x4290, 0x2A2F,
    0x220E, 0x29CE, 0x3A0F, 0x4230, 0x5A50, 0x4A51, 0x2A51, 0x2A0F, 0x21EE, 0x21EF, 0x21EE, 0x19EF,
    0x320F, 0x322F, 0x3A70, 0x29EE, 0x21CE, 0x3250, 0x3A50, 0x3A50, 0x19AE, 0x19AE, 0x19AD, 0x19AD,
    0x19CD, 0x19CD, 0x19AD, 0x19AD, 0x19AD, 0x19AD, 0x19AD, 0x19AD, 0x19AD, 0x19AD, 0x220F, 0x2250,
    0x19CE, 0x31EE, 0x49EF, 0x8290, 0x8A70, 0x49AE, 0x29AE, 0x19AD, 0x19AD, 0x19CE, 0x19CE, 0x19CE,
    0x21EE, 0x21EE, 0x3A4F, 0x52B0, 0x2A2F, 0x5290, 0x72F0, 0xCCB3, 0xD4B3, 0x29AE, 0x3A50, 0x4291,
    0x222F, 0x2A30, 0x320F, 0xA3F2, 0xC434, 0x9393, 0xC413, 0xDC73, 0x728F, 0x6A6F, 0x6A8F, 0x3A0F,
    0x3A0F, 0x7A91, 0x72B2, 0x62D2, 0x4A10, 0x4230, 0x4230, 0x6271, 0x82F3, 0xB3D5, 0xCC16, 0xD437,
    0xD436, 0xD436, 0xD436, 0xD436, 0xD436, 0xD436, 0xD436, 0xD436, 0xD436, 0xD436, 0xD436, 0xD436,
    0xD436, 0xD436, 0xD436, 0xD435, 0xD455, 0xDC55, 0xEC75, 0xEC94, 0xF4D4, 0xF514, 0xF574, 0xFD74,
    0xF553, 0xF554, 0xFD54, 0xFD74, 0xFD74, 0xFD74, 0xFD94, 0xFD94, 0xFDB5, 0xFDD5, 0xFDD4, 0xFDD4,
    0xFDB4, 0xF554, 0xFD74, 0xFDB3, 0xFDD3, 0xFE13, 0xFE33, 0xFE73, 0xFE73, 0xFE73, 0xFDB3, 0xF535,
    0xF574, 0xF5F3, 0xFEB3, 0xFEB3, 0xFEB3, 0xFEB3, 0xFEB3, 0xFEB3, 0xFEB3, 0xFEB2, 0xFEB2, 0xFF99,
    0xFFFC, 0xF7FD, 0xF7FE, 0xF7FE, 0xF7FE, 0xF7FE, 0xF7FE, 0xF7FE, 0xF7FE, 0xF7FE, 0xF7FE, 0xF7FE,
    0xF7FE, 0xF7FE, 0xF7FE, 0xF7FE, 0xF7FE, 0xF7FE, 0xF7FE, 0xF7FE, 0xF7FE, 0xF7FE, 0xF7FE, 0xF7FE,
    0xF7FE, 0xF7FE, 0xF7FE, 0xF7FE, 0xF7FE, 0xF71A, 0xF5F6, 0xF5F6, 0xF5D5, 0xFDD4, 0xFDB4, 0xFDB4,
    0xFDB4, 0xF594, 0xF594, 0xFD94, 0xFD74, 0xFD54, 0xF514, 0xF4D5, 0xF4D5, 0xF4F4, 0xF514, 0xECB5,
    0xEC75, 0xEC75, 0xEC95, 0xECB4, 0xF515, 0xECD5, 0xEC95, 0xED34, 0xF575, 0xF535, 0xF4F5, 0xF4D5,
    0xF495, 0xEC95, 0xEC75, 0xEC75, 0xEC95, 0xEC95, 0xEC95, 0xEC95, 0xF4B5, 0xF4B5, 0xEC95, 0xF614,
    0xFED3, 0xFEB3, 0xFED3, 0xFEB3, 0xFED3, 0xFE34, 0xF4F5, 0xECB5, 0xEC95, 0xEC95, 0xEC95, 0xECB5,
    0xED34, 0xED14, 0xE4D4, 0xC473, 0x9391, 0x0084, 0x0084, 0x00A4, 0x0084, 0x0084, 0x0884, 0x18C5,
    0x20C5, 0x0883, 0x20C5, 0x30C7, 0x20E7, 0x18E6, 0x08A4, 0x4927, 0x5949, 0x6169, 0x5927, 0x5106,
    0x9BB6, 0x9B96, 0x9B96, 0xA3B6, 0xABB6, 0xABB6, 0xABD6, 0xABD7, 0xABD6, 0xABD6, 0xA3B6, 0x9375,
    0x7B34, 0x6B34, 0x4270, 0x198C, 0x21AD, 0x21AC, 0x29CD, 0x3A0E, 0x4A2E, 0x628F, 0x724E, 0x826D,
    0xBB52, 0xB374, 0xAB96, 0xABB6, 0xABD7, 0xABD7, 0xABD7, 0xABD7, 0xABD7, 0xABD7, 0xABD7, 0xABD6,
    0xB3D6, 0xB3D6, 0xB3D6, 0xB3F7, 0xB3F7, 0xBBF7, 0xBBF6, 0xBBD6, 0xBBD6, 0xBBF7, 0xB3D6, 0xB3D6,
    0xBBF6, 0xBBF6, 0xBBF6, 0xC3F7, 0xB3D6, 0xB3F6, 0x6AF2, 0x21EE, 0x2A0F, 0x3250, 0x42D1, 0x7333,
    0x8332, 0x8B12, 0x52B1, 0x2A50, 0x31EF, 0x322F, 0x3A50, 0x32D1, 0x3291, 0x29AE, 0x41EE, 0x520F,
    0x7270, 0x6270, 0x4270, 0x2A2F, 0x21EE, 0x198D, 0x19CE, 0x21EE, 0x5291, 0x426F, 0x320F, 0x29EE,
    0x29EE, 0x3A71, 0x3A71, 0x3A70, 0x19AE, 0x19AE, 0x19AD, 0x19AD, 0x19CD, 0x19CD, 0x19AD, 0x19AD,
    0x19AD, 0x19AD, 0x19AD, 0x19AD, 0x19AD, 0x220F, 0x2230, 0x2250, 0x19AD, 0x320E, 0x522F, 0x8A6F,
    0x8A4F, 0x318E, 0x21AE, 0x19CE, 0x19AD, 0x19CE, 0x19CE, 0x222F, 0x222F, 0x19CE, 0x19EE, 0x21EE,
    0x2A2F, 0x5291, 0x72F1, 0xC4B4, 0xCCB4, 0x29AE, 0x29EE, 0x29EE, 0x220E, 0x2A0F, 0x41EE, 0xB3F2,
    0xB3D2, 0x520D, 0x9B30, 0xD3F2, 0x6A4F, 0x7AD0, 0xABB2, 0x41CE, 0x41AF, 0x7AF3, 0x5251, 0x39CF,
    0x31CE, 0x31EF, 0x3A0F, 0x5250, 0x72B2, 0xA3D5, 0xBBD6, 0xCBF6, 0xD436, 0xD436, 0xD436, 0xD436,
    0xD436, 0xD436, 0xD436, 0xD436, 0xD436, 0xD436, 0xD436, 0xD436, 0xD456, 0xD456, 0xD456, 0xDC56,
    0xDC56, 0xDC55, 0xE454, 0xE474, 0xEC74, 0xF494, 0xF4D4, 0xF4D4, 0xF4F4, 0xF4F4, 0xF4F4, 0xF4F4,
    0xF4F4, 0xF514, 0xF514, 0xF534, 0xF554, 0xFDB4, 0xFE13, 0xFE14, 0xFDD4, 0xED33, 0xF573, 0xF573,
    0xFDB4, 0xFDF4, 0xF613, 0xFE73, 0xFE92, 0xFE92, 0xF5D3, 0xF535, 0xF575, 0xF5F4, 0xFEB3, 0xFEB3,
    0xFEB3, 0xFEB3, 0xFEB3, 0xFEB3, 0xFEB3, 0xFEB3, 0xFED3, 0xFFBB, 0xF7FE, 0xEFFE, 0xF7FE, 0xF7FE,
    0xF7FE, 0xF7FE, 0xF7FE, 0xF7FE, 0xF7FE, 0xF7FE, 0xF7FE, 0xF7FE, 0xF7FE, 0xF7FE, 0xF7FE, 0xF7FE,
    0xF7FE, 0xF7FE, 0xF7FE, 0xF7FE, 0xF7FE, 0xF7FE, 0xF7FE, 0xF7FE, 0xF7FE, 0xF7FE, 0xF7FE, 0xF7FD,
    0xF7FD, 0xF71A, 0xF5F5, 0xF5D5, 0xFDB4, 0xFDB4, 0xFDB4, 0xFD94, 0xFD94, 0xFD94, 0xFD94, 0xFD94,
    0xF574, 0xF514, 0xF4F4, 0xF4B5, 0xF4F5, 0xF4F5, 0xF4F5, 0xECB5, 0xEC75, 0xEC75, 0xF4D5, 0xF535,
    0xF574, 0xF554, 0xFD55, 0xF574, 0xF555, 0xF4D5, 0xF4D5, 0xF4B5, 0xEC95, 0xEC95, 0xEC75, 0xEC75,
    0xEC95, 0xF4B5, 0xEC95, 0xEC95, 0xF4B5, 0xF4B5, 0xEC95, 0xF614, 0xFED3, 0xFEB3, 0xFED3, 0xFEB3,
    0xFED3, 0xFE34, 0xF4F5, 0xECB5, 0xEC95, 0xEC95, 0xEC95, 0xECB5, 0xFD36, 0xDCB4, 0xABB0, 0x3967,
    0x18E5, 0x00A5, 0x0084, 0x00A4, 0x0084, 0x00A4, 0x00A4, 0x0884, 0x08A4, 0x18E5, 0x18C5, 0x10C5,
    0x10A5, 0x08A4, 0x08A3, 0x4168, 0x5168, 0x4927, 0x38C6, 0x2864, 0x9B97, 0x9B97, 0xA3B7, 0xABB6,
    0xABB6, 0xABB7, 0xABB6, 0xABB6, 0xABD7, 0xABD6, 0xABB6, 0x9395, 0x7333, 0x3A10, 0x31CE, 0x198D,
    0x19AD, 0x19AC, 0x21AD, 0x31CE, 0x39ED, 0x41CE, 0x49CE, 0x59EE, 0x92AF, 0xA332, 0xB395, 0xABB6,
    0xABD7, 0xABD7, 0xABD7, 0xABD7, 0xABD7, 0xABD7, 0xABD6, 0xABD6, 0xABD6, 0xABD7, 0xABD7, 0xABD6,
    0xABD6, 0xB3D6, 0xBBF6, 0xBC16, 0xBBF6, 0xBBF6, 0xB3D7, 0xB3D6, 0xBBF7, 0xBBF6, 0xB3F6, 0xB3D6,
    0xABD6, 0xA3D6, 0x62D2, 0x19CE, 0x29EE, 0x29EE, 0x29EE, 0x3A2F, 0x424F, 0x6AB0, 0x4A4F, 0x322F,
    0x31CE, 0x3A0F, 0x4250, 0x3AD2, 0x3AD1, 0x31CE, 0x31AE, 0x39AE, 0x49CE, 0x520F, 0x5290, 0x2A2F,
    0x2A4F, 0x4AD1, 0x2A2F, 0x21CE, 0x62F2, 0x5270, 0x21CE, 0x29EF, 0x29EE, 0x2A0F, 0x2A0F, 0x29EF,
    0x21CE, 0x19CE, 0x19CD, 0x19CD, 0x19AD, 0x19AD, 0x19AD, 0x19CD, 0x19AD, 0x19AE, 0x19AD, 0x11AD,
    0x19AE, 0x2230, 0x2251, 0x2250, 0x19AD, 0x39CD, 0x620F, 0x7A0E, 0x820F, 0x6A0F, 0x39EF, 0x21EE,
    0x2230, 0x220F, 0x19CE, 0x2230, 0x2230, 0x19EF, 0x19CE, 0x19CD, 0x2A2F, 0x4A90, 0x62D0, 0xC472,
    0xD4D4, 0x7B54, 0x7B53, 0x7312, 0x4290, 0x4A90, 0x422E, 0x8B71, 0x8B51, 0x39CD, 0x728F, 0xA310,
    0x5A2E, 0x72D0, 0xAB91, 0xB3F3, 0xA3D3, 0x6A50, 0x6291, 0x62D1, 0x7B32, 0x6290, 0x420F, 0x5250,
    0x7292, 0x9B75, 0xB3D6, 0xCC16, 0xD436, 0xD436, 0xD436, 0xD436, 0xD436, 0xD436, 0xD436, 0xD436,
    0xD436, 0xD436, 0xD436, 0xD436, 0xD455, 0xD476, 0xD455, 0xDC55, 0xECB5, 0xEC94, 0xEC74, 0xEC94,
    0xEC94, 0xEC94, 0xF4B4, 0xF4D4, 0xF4D3, 0xECF4, 0xF514, 0xF513, 0xF533, 0xED73, 0xF573, 0xF574,
    0xECD4, 0xF594, 0xFE53, 0xF5B3, 0xF553, 0xF4F3, 0xF534, 0xF554, 0xF593, 0xF594, 0xF5B3, 0xFE53,
    0xF673, 0xFE53, 0xF5B4, 0xF535, 0xF575, 0xF5F4, 0xFE93, 0xFEB3, 0xFEB3, 0xFEB3, 0xFEB3, 0xFED3,
    0xFEB3, 0xFEB3, 0xF6B3, 0xF79B, 0xF7FE, 0xEFFE, 0xF7FE, 0xF7FE, 0xF7FE, 0xF7FE, 0xF7FE, 0xF7FE,
    0xF7FE, 0xF7FE, 0xF7FE, 0xF7FE, 0xF7FE, 0xF7FE, 0xF7FE, 0xF7FE, 0xF7FE, 0xF7FE, 0xF7FE, 0xF7FE,
    0xF7FE, 0xF7FE, 0xF7FE, 0xF7FE, 0xF7FE, 0xF7FE, 0xF7DE, 0xF7DD, 0xEF39, 0xEE77, 0xF5D5, 0xF5D4,
    0xF5B4, 0xFDB4, 0xFDB4, 0xFD94, 0xFD94, 0xFD94, 0xFD94, 0xF574, 0xF554, 0xFCF4, 0xF4D5, 0xF495,
    0xF4D4, 0xF4D5, 0xF4B5, 0xEC75, 0xEC75, 0xEC55, 0xF515, 0xF595, 0xF574, 0xF575, 0xF575, 0xF574,
    0xF515, 0xF4B4, 0xEC95, 0xEC95, 0xEC75, 0xEC75, 0xEC75, 0xEC75, 0xEC95, 0xECB5, 0xEC95, 0xEC95,
    0xEC95, 0xECB5, 0xECB5, 0xF614, 0xFED3, 0xFEB3, 0xFEB3, 0xFEB3, 0xFED3, 0xFE33, 0xF4F5, 0xECD5,
    0xECB5, 0xEC95, 0xECB6, 0xE495, 0x9AAC, 0xAB4F, 0xCCB4, 0x1906, 0x0063, 0x00A4, 0x00A4, 0x00A4,
    0x00A4, 0x00A4, 0x00A4, 0x00A4, 0x00A4, 0x08C5, 0x08A4, 0x00A4, 0x00A4, 0x0084, 0x0883, 0x28E6,
    0x3107, 0x30C6, 0x28A5, 0x1884, 0x9377, 0x9377, 0x9396, 0xA3B7, 0xABB7, 0xABB7, 0xABB7, 0xABB7,
    0xABD7, 0xABD6, 0xABD7, 0x8334, 0x5291, 0x196C, 0x218D, 0x19AD, 0x19AC, 0x19AC, 0x218D, 0x318D,
    0x31AD, 0x41EE, 0x49CE, 0x49EF, 0x5A2E, 0x8AF1, 0xBB96, 0xABB6, 0xABD7, 0xABD7, 0xABD7, 0xABD7,
    0xABD7, 0xABD7, 0xABD6, 0xABD6, 0xABD6, 0xABD7, 0xABD6, 0xABD6, 0xABD6, 0xB3D6, 0xB3F6, 0xB3F6,
    0xBBD6, 0xBBF6, 0xB3D7, 0xB3D7, 0xB3F7, 0xABD6, 0xB3D6, 0xABD6, 0xA3D6, 0xABF7, 0x62F3, 0x19CE,
    0x21EE, 0x2A0F, 0x2A2F, 0x222F, 0x2A2F, 0x52B1, 0x422F, 0x31EE, 0x29CE, 0x31CE, 0x39EE, 0x3A4F,
    0x3A4F, 0x29AE, 0x29AD, 0x218D, 0x298E, 0x39CE, 0x4230, 0x2A0E, 0x2A50, 0x5B13, 0x324F, 0x21CE,
    0x5290, 0x4A4F, 0x31CD, 0x2A0E, 0x2A0E, 0x2A0E, 0x29CE, 0x29CE, 0x21CE, 0x19CE, 0x19CD, 0x19CD,
    0x19CD, 0x19AD, 0x19CE, 0x21EF, 0x19AD, 0x19AD, 0x19AE, 0x19EE, 0x1A0F, 0x2251, 0x2251, 0x2230,
    0x19CD, 0x29CD, 0x39CE, 0x6A0E, 0x8A2F, 0x9A8F, 0x59EE, 0x31AD, 0x2230, 0x2210, 0x19CE, 0x220F,
    0x220F, 0x2A30, 0x220F, 0x19EE, 0x2A50, 0x4270, 0x5A8F, 0xC473, 0xE514, 0x8B74, 0x9394, 0x9373,
    0x72D0, 0x7AF1, 0x8351, 0x628F, 0x526E, 0x5A8F, 0x5A6F, 0x628F, 0x624E, 0x6290, 0x62B0, 0xABB1,
    0xA3B1, 0x5A4F, 0x6A8F, 0x8310, 0xBC54, 0x9371, 0x628F, 0x6270, 0x6A72, 0x9334, 0xB3D5, 0xCC16,
    0xCC16, 0xD416, 0xD416, 0xD436, 0xD436, 0xD436, 0xD436, 0xD436, 0xD436, 0xD436, 0xD436, 0xE495,
    0xE4D5, 0xECF5, 0xECF5, 0xECF5, 0xF4D4, 0xECB4, 0xECB4, 0xF4F4, 0xF4F4, 0xF4D4, 0xF4F4, 0xF534,
    0xF554, 0xF554, 0xF574, 0xFDB4, 0xF5F3, 0xF653, 0xF673, 0xFE33, 0xF594, 0xFE13, 0xFE93, 0xF593,
    0xF514, 0xECF4, 0xF534, 0xF574, 0xFE13, 0xFE33, 0xFE33, 0xFE93, 0xFE54, 0xF5B4, 0xF574, 0xF534,
    0xFD54, 0xF5F4, 0xFE93, 0xFEB3, 0xFEB3, 0xFEB3, 0xFEB3, 0xFEB3, 0xFEB3, 0xFED4, 0xF6F6, 0xF7BB,
    0xF7FD, 0xEFFE, 0xF7FE, 0xF7FE, 0xF7FE, 0xF7FE, 0xF7FE, 0xF7FE, 0xF7FE, 0xF7FE, 0xF7FE, 0xF7FE,
    0xF7FE, 0xF7FE, 0xF7FE, 0xF7FE, 0xF7FE, 0xF7FE, 0xF7FE, 0xF7FE, 0xF7FE, 0xF7FE, 0xF7FE, 0xF7FE,
    0xF7FE, 0xF7FE, 0xEFFE, 0xF7BD, 0xEE36, 0xF5D5, 0xF5D4, 0xF5B4, 0xFDB4, 0xF594, 0xF594, 0xFD94,
    0xFD94, 0xFD94, 0xFD75, 0xF554, 0xF514, 0xF4F5, 0xF4B5, 0xEC95, 0xF4D5, 0xECD5, 0xECB5, 0xEC75,
    0xEC95, 0xF4F5, 0xF554, 0xFD95, 0xF554, 0xF554, 0xF534, 0xF535, 0xF4F5, 0xECB5, 0xEC95, 0xEC75,
    0xEC75, 0xEC75, 0xEC75, 0xEC75, 0xEC95, 0xECB5, 0xEC95, 0xEC95, 0xEC95, 0xECB5, 0xEC95, 0xF614,
    0xFED3, 0xFEB3, 0xFEB3, 0xFEB3, 0xFED3, 0xFE33, 0xF4F5, 0xECD5, 0xECB5, 0xEC95, 0xEC95, 0xEC95,
    0xAB50, 0x8ACE, 0x626B, 0x18E5, 0x0084, 0x00A4, 0x00A4, 0x00A4, 0x00A4, 0x00A4, 0x00A4, 0x00A4,
    0x0084, 0x0084, 0x0084, 0x00A4, 0x00A4, 0x0084, 0x0084, 0x08A4, 0x08A5, 0x10A5, 0x10A4, 0x0884,
    0x8B77, 0x8B76, 0x8B76, 0xA3B7, 0xABB7, 0xABB7, 0xA3B7, 0x9BB7, 0xABD7, 0xA3B6, 0xA3B6, 0x6271,
    0x41EF, 0x21AD, 0x21AD, 0x19AD, 0x198C, 0x21AD, 0x29CD, 0x520E, 0x5A2E, 0x6A4E, 0x622E, 0x5A2E,
    0x6A4F, 0x82D1, 0x9B54, 0xA396, 0xABD7, 0xABD7, 0xABD7, 0xABD7, 0xABD7, 0xABD7, 0xABD7, 0xABD6,
    0xABD7, 0xABD7, 0xABD7, 0xABD6, 0xABD7, 0xB3D7, 0xABD6, 0xABD6, 0xB3D6, 0xB3D6, 0xB3D6, 0xABD7,
    0xABD7, 0xABD7, 0xABD7, 0xABD7, 0xABB6, 0xB3F7, 0x6B14, 0x1A2F, 0x3AD1, 0x3A90, 0x3250, 0x3271,
    0x3271, 0x3A90, 0x322F, 0x29CF, 0x21CD, 0x21CD, 0x21AD, 0x31AD, 0x29AD, 0x218D, 0x21AD, 0x21CD,
    0x29EE, 0x29EE, 0x29CD, 0x21CE, 0x2A2F, 0x4AB1, 0x322F, 0x21CD, 0x31CE, 0x39CD, 0x39ED, 0x29ED,
    0x2A0E, 0x322F, 0x31EF, 0x31CF, 0x21AE, 0x21AE, 0x19CD, 0x19AD, 0x19CD, 0x19CE, 0x21EF, 0x220F,
    0x19EF, 0x19CE, 0x19AD, 0x222F, 0x2251, 0x2230, 0x2230, 0x222F, 0x19AD, 0x21AD, 0x29AD, 0x722F,
    0x9A6F, 0xAA8F, 0x7A0F, 0x59CE, 0x320F, 0x21EF, 0x11AE, 0x19EF, 0x220F, 0x2A71, 0x220F, 0x19CD,
    0x2A30, 0x4270, 0x5A90, 0x9BD2, 0xAC12, 0x6AB1, 0x7AF1, 0x82D1, 0x7A8F, 0x92F0, 0xBBB3, 0x726F,
    0x6A4F, 0x8330, 0x628F, 0x4A2E, 0x6A6E, 0x7ACF, 0x8B32, 0x5A6E, 0x5A4E, 0x5A91, 0x628F, 0x6AAE,
    0x9BB2, 0x8331, 0x6AAF, 0x5A70, 0x6271, 0x8B34, 0xAB95, 0xBBF6, 0xCBF6, 0xCC16, 0xCC16, 0xD436,
    0xD436, 0xCC36, 0xD436, 0xD435, 0xDC35, 0xDC36, 0xDC35, 0xECB5, 0xF514, 0xFD54, 0xFD94, 0xFD74,
    0xECD4, 0xECB4, 0xEC94, 0xF4D4, 0xF4D4, 0xECD4, 0xF4F4, 0xF534, 0xF533, 0xF574, 0xFDB4, 0xFDD3,
    0xFE13, 0xFEB3, 0xFEB3, 0xFEB3, 0xFEB2, 0xFEB2, 0xFEB3, 0xF5B4, 0xF534, 0xF4F3, 0xFD73, 0xF5D3,
    0xFE93, 0xFED2, 0xFED3, 0xFED2, 0xFE33, 0xF514, 0xF534, 0xF534, 0xFD35, 0xF5F4, 0xFE93, 0xFEB3,
    0xFEB3, 0xFEB3, 0xFEB3, 0xFEB3, 0xFEB2, 0xFEF5, 0xF79A, 0xF7DC, 0xF7FD, 0xEFFE, 0xF7FE, 0xF7FE,
    0xF7FE, 0xF7FE, 0xF7FE, 0xF7FE, 0xF7FE, 0xF7FE, 0xF7FE, 0xF7FE, 0xF7FE, 0xF7FE, 0xF7FE, 0xF7FE,
    0xF7FE, 0xF7FE, 0xF7FE, 0xF7FE, 0xF7FE, 0xF7FE, 0xF7FE, 0xF7FE, 0xF7FE, 0xF7FE, 0xF7FE, 0xF7BD,
    0xF5F5, 0xF5B4, 0xF5B4, 0xFDB4, 0xFDB4, 0xF594, 0xF594, 0xFD94, 0xFD74, 0xFD54, 0xF535, 0xF535,
    0xF4F5, 0xF4B4, 0xF495, 0xEC75, 0xF4B5, 0xECB5, 0xEC95, 0xEC75, 0xECB5, 0xF555, 0xF594, 0xFD75,
    0xF514, 0xF514, 0xF515, 0xF4F5, 0xECB5, 0xEC95, 0xEC95, 0xEC95, 0xEC75, 0xEC75, 0xEC75, 0xEC75,
    0xEC95, 0xECB5, 0xEC95, 0xEC95, 0xEC95, 0xECB5, 0xEC94, 0xF614, 0xFED3, 0xFE92, 0xFEB3, 0xFEB3,
    0xFED3, 0xFE33, 0xF4F5, 0xECB5, 0xEC95, 0xEC95, 0xEC95, 0xEC75, 0xFD17, 0x92EE, 0x0001, 0x08A4,
    0x00A4, 0x00A4, 0x00A4, 0x00A4, 0x00A4, 0x00A4, 0x00A4, 0x00A4, 0x00A4, 0x00A4, 0x00A5, 0x00A4,
    0x0084, 0x00A4, 0x0084, 0x00A4, 0x0084, 0x0084, 0x00A4, 0x0084, 0x8B77, 0x8B76, 0x9396, 0xA3B6,
    0xABB6, 0xABB7, 0x9BB7, 0x9B97, 0xA3B7, 0x9B96, 0x8B55, 0x41EF, 0x216D, 0x19AD, 0x19AD, 0x198D,
    0x198C, 0x29AD, 0x39CD, 0x626F, 0x6A6F, 0x6A2E, 0x6A2E, 0x726E, 0x9AF0, 0x92F0, 0x82D1, 0xA395,
    0xB3D7, 0xABD7, 0xABD7, 0xABD7, 0xABD7, 0xABD7, 0xABD7, 0xABD7, 0xABD7, 0xABD7, 0xABD7, 0xABD7,
    0xABD7, 0xABD7, 0xABD7, 0xABD7, 0xABD7, 0xB3D6, 0xABD6, 0xABD7, 0xABD7, 0xABD7, 0xABD7, 0xABD7,
    0xABD7, 0xB3F7, 0x6B13, 0x1A30, 0x4B33, 0x42B1, 0x29EF, 0x3270, 0x3270, 0x29EE, 0x29EE, 0x29EE,
    0x21CD, 0x21CD, 0x21CD, 0x21AD, 0x21AD, 0x19AD, 0x21AD, 0x21CD, 0x326F, 0x2A50, 0x19CD, 0x19CE,
    0x2A0F, 0x4AD2, 0x2A2F, 0x21AD, 0x218D, 0x29AD, 0x31CD, 0x29CD, 0x29CE, 0x420F, 0x420F, 0x39EF,
    0x21AE, 0x19AE, 0x19AE, 0x19AD, 0x19EE, 0x2230, 0x21EF, 0x19EF, 0x2230, 0x1A0F, 0x19AD, 0x2230,
    0x2251, 0x19EF, 0x2230, 0x224F, 0x19CD, 0x29CD, 0x39CE, 0x622E, 0x7A2F, 0x8A4F, 0x9270, 0x9A70,
    0x622F, 0x41EE, 0x29AD, 0x19CE, 0x21EF, 0x2A51, 0x21EF, 0x19CD, 0x222F, 0x3A70, 0x5AB1, 0x5A4E,
    0x5A2E, 0x524F, 0x6A70, 0x7290, 0x6A6F, 0x7A8F, 0x9AF0, 0xB351, 0xBB51, 0xAB31, 0x7AD0, 0x524E,
    0x5A6F, 0x9331, 0xD453, 0x72D0, 0x5AB0, 0x4AB1, 0x4A91, 0x4A6F, 0x426E, 0x526E, 0x5A4F, 0x4A2F,
    0x6271, 0x8B14, 0x9354, 0x9B74, 0xC3D6, 0xC416, 0xCC36, 0xD436, 0xD436, 0xCC37, 0xD436, 0xDC35,
    0xDC55, 0xDC55, 0xDC55, 0xE454, 0xE494, 0xF4F4, 0xF554, 0xFD73, 0xECF4, 0xECD4, 0xEC94, 0xEC94,
    0xF4B4, 0xF4B4, 0xECD4, 0xECF4, 0xF514, 0xF554, 0xFD94, 0xFDD3, 0xFE13, 0xFE93, 0xFEB2, 0xFEB3,
    0xFEB3, 0xFEB3, 0xFEB3, 0xFDD4, 0xF554, 0xF4F4, 0xF574, 0xFD93, 0xFE73, 0xFEB2, 0xFEB3, 0xFEB3,
    0xFE14, 0xF514, 0xF535, 0xFD34, 0xF535, 0xFDF4, 0xFE93, 0xFE93, 0xFEB2, 0xFEB3, 0xFEB3, 0xFEB3,
    0xFE92, 0xFF16, 0xF7FD, 0xF7DD, 0xF7FE, 0xF7FE, 0xF7FE, 0xF7FE, 0xF7FE, 0xF7FE, 0xF7FE, 0xF7FE,
    0xF7FE, 0xF7FE, 0xF7FE, 0xF7FE, 0xF7FE, 0xF7FE, 0xF7FE, 0xF7FE, 0xF7FE, 0xF7FE, 0xF7FE, 0xF7FE,
    0xF7FE, 0xEFFE, 0xEFFE, 0xF7FE, 0xEFFD, 0xF7FD, 0xF7FE, 0xF7BD, 0xF5F6, 0xF5B4, 0xF5B4, 0xFDB4,
    0xF5D4, 0xF594, 0xF574, 0xF575, 0xF534, 0xF534, 0xF534, 0xF574, 0xF534, 0xF4D5, 0xF4B5, 0xEC75,
    0xEC95, 0xEC75, 0xEC75, 0xEC95, 0xECB4, 0xF575, 0xF595, 0xF575, 0xF4F4, 0xF4D5, 0xF4D5, 0xECB5,
    0xEC95, 0xEC95, 0xEC75, 0xEC75, 0xEC75, 0xEC75, 0xEC75, 0xEC76, 0xEC75, 0xEC95, 0xEC95, 0xECB5,
    0xECB5, 0xECB5, 0xEC94, 0xF5F5, 0xFEB3, 0xF612, 0xFE93, 0xFEB3, 0xFED2, 0xFE14, 0xF4F5, 0xECB6,
    0xEC96, 0xEC95, 0xEC95, 0xEC75, 0xFCD7, 0x8ACE, 0x0022, 0x08A4, 0x0084, 0x0084, 0x00A4, 0x00A4,
    0x0084, 0x0084, 0x0084, 0x00A4, 0x00A4, 0x00A5, 0x00A4, 0x00A4, 0x00A4, 0x00A4, 0x00A4, 0x00A4,
    0x00A4, 0x00A4, 0x00A4, 0x0084, 0x8B76, 0x9397, 0x9BB7, 0xA3B6, 0xABB6, 0xA3B7, 0x9B97, 0x9396,
    0x9396, 0x9396, 0x8B96, 0x3A0F, 0x198D, 0x19AD, 0x19AD, 0x198D, 0x21CD, 0x21CD, 0x21AD, 0x298C,
    0x31AC, 0x41ED, 0x626F, 0x82AF, 0xAAEF, 0xBB31, 0xC373, 0xB395, 0xABB6, 0xABD7, 0xABD7, 0xABD7,
    0xABD7, 0xABD7, 0xABD7, 0xABD7, 0xABD7, 0xABD7, 0xABD7, 0xABD7, 0xABD7, 0xABD7, 0xABD7, 0xABD7,
    0xABD7, 0xABD6, 0xABD6, 0xABD7, 0xABD7, 0xABD7, 0xABD7, 0xABD7, 0xABD7, 0xB3F7, 0x6B13, 0x1A30,
    0x3290, 0x3A70, 0x3A71, 0x3270, 0x3250, 0x29ED, 0x29EE, 0x21EE, 0x19CD, 0x19CD, 0x19CD, 0x19AD,
    0x19AD, 0x19AD, 0x19CD, 0x19EE, 0x3AB0, 0x2A6F, 0x19AD, 0x19AD, 0x2A4F, 0x4B93, 0x3290, 0x19CE,
    0x19AD, 0x21AD, 0x21AD, 0x21AD, 0x21CE, 0x3A0F, 0x420F, 0x420F, 0x19AE, 0x19CE, 0x19CD, 0x19AE,
    0x19EE, 0x2251, 0x1A0F, 0x19CE, 0x2230, 0x220F, 0x19CE, 0x2230, 0x2230, 0x19AE, 0x220F, 0x222F,
    0x19AC, 0x19AD, 0x19AD, 0x39AD, 0x49CE, 0x51EE, 0x7A2F, 0x924F, 0x824F, 0x722F, 0x61EE, 0x29AE,
    0x19EE, 0x2A51, 0x21EF, 0x19CD, 0x220F, 0x3A4F, 0x5290, 0x424F, 0x422E, 0x424F, 0x5A90, 0x62B0,
    0x424E, 0x5A6F, 0x7AB0, 0xBB0F, 0xD34F, 0xEB30, 0xBB30, 0x8B30, 0x6290, 0x6AD0, 0x8B4F, 0xABB3,
    0x93D3, 0x4270, 0x422F, 0x4A0E, 0x3A70, 0x5AAF, 0x8330, 0x4A4F, 0x5230, 0x8314, 0x7AD2, 0x7AD2,
    0xBBF6, 0xCC36, 0xCC16, 0xD436, 0xD436, 0xCC36, 0xD436, 0xDC36, 0xDC35, 0xDC35, 0xDC35, 0xDC35,
    0xDC35, 0xDC75, 0xED14, 0xFD94, 0xFD75, 0xFD15, 0xEC94, 0xF4D4, 0xFD14, 0xFD14, 0xF514, 0xF534,
    0xFD54, 0xFD54, 0xFD93, 0xFE34, 0xFE73, 0xFEB3, 0xFEB3, 0xFEB3, 0xFEB3, 0xFEB3, 0xFED3, 0xFDD4,
    0xF554, 0xF4F3, 0xF553, 0xF594, 0xFE73, 0xFEB2, 0xFEB3, 0xFEB3, 0xFE14, 0xF514, 0xF535, 0xFD34,
    0xF535, 0xFDD4, 0xFE73, 0xFE93, 0xFEB2, 0xFEB3, 0xFEB3, 0xFEB3, 0xFEB2, 0xFF16, 0xF7FD, 0xF7DD,
    0xF7FE, 0xF7FE, 0xF7FE, 0xF7FE, 0xF7FE, 0xF7FE, 0xF7FE, 0xF7FE, 0xF7FE, 0xF7FE, 0xF7FE, 0xF7FE,
    0xF7FE, 0xF7FE, 0xF7FE, 0xF7FE, 0xF7FE, 0xF7FE, 0xF7FE, 0xF7FE, 0xF7FE, 0xEFFE, 0xEFFE, 0xF7DE,
    0xF7DD, 0xF7DD, 0xF7FD, 0xF7BC, 0xF5D5, 0xFD94, 0xF5B4, 0xF5B4, 0xFDB4, 0xFD74, 0xF554, 0xF555,
    0xF515, 0xF555, 0xFDB5, 0xF5B5, 0xFD75, 0xFD56, 0xF4F5, 0xEC75, 0xEC95, 0xEC95, 0xEC96, 0xEC95,
    0xECB4, 0xF575, 0xF594, 0xF575, 0xECF5, 0xECB5, 0xEC95, 0xEC95, 0xEC95, 0xEC95, 0xEC75, 0xEC75,
    0xEC75, 0xEC75, 0xEC75, 0xEC76, 0xEC75, 0xEC95, 0xEC95, 0xECB5, 0xF4B6, 0xECB5, 0xEC95, 0xF614,
    0xFE94, 0xF573, 0xFE53, 0xFEB4, 0xFEB3, 0xFE14, 0xF4F5, 0xECB6, 0xEC96, 0xEC96, 0xEC96, 0xEC76,
    0xF4F7, 0x932F, 0x1863, 0x10A4, 0x0084, 0x0084, 0x00A4, 0x00A4, 0x0084, 0x0084, 0x0084, 0x00A4,
    0x00A4, 0x00A5, 0x00A4, 0x00A4, 0x00A4, 0x00A4, 0x00A4, 0x00A4, 0x00A4, 0x00A4, 0x00A4, 0x0084,
    0x8B76, 0x8B76, 0x9376, 0x9BB7, 0xA3B7, 0x9B97, 0x9BB7, 0x9BB7, 0x93B7, 0x8355, 0x6AD3, 0x31CF,
    0x198D, 0x19AD, 0x198D, 0x198D, 0x19AD, 0x19AD, 0x19AD, 0x218D, 0x29AD, 0x316C, 0x724E, 0xAAD0,
    0xAAAF, 0xAACF, 0xA2CF, 0xAB74, 0xB3B6, 0xABB6, 0xABD7, 0xABD7, 0xABD7, 0xABD7, 0xABD7, 0xABD7,
    0xABD7, 0xABD7, 0xABD7, 0xABD7, 0xABD7, 0xABD7, 0xABD7, 0xABD7, 0xABD7, 0xABD6, 0xABD7, 0xABD7,
    0xABD7, 0xABD7, 0xABD7, 0xABD7, 0xABD7, 0xB3F7, 0x62D2, 0x11CE, 0x21CE, 0x21CE, 0x21CE, 0x21CE,
    0x21CE, 0x21CD, 0x21CD, 0x19AD, 0x19CD, 0x19CD, 0x19AD, 0x19AD, 0x19AD, 0x19CD, 0x19CD, 0x19EE,
    0x5BD4, 0x4331, 0x19AD, 0x19AD, 0x32D0, 0x7D79, 0x3B52, 0x11AD, 0x19CD, 0x19CD, 0x19AD, 0x19AD,
    0x19CE, 0x320F, 0x3A50, 0x3A70, 0x19CD, 0x19CD, 0x19CD, 0x220F, 0x2250, 0x2251, 0x2250, 0x2230,
    0x19CE, 0x19EF, 0x2230, 0x1A0F, 0x1A0F, 0x19CD, 0x19CD, 0x19CD, 0x19AC, 0x19AD, 0x19AD, 0x31CD,
    0x39CE, 0x39AC, 0x61EE, 0x722F, 0x7A2F, 0x7A4F, 0x7A4F, 0x31CD, 0x19CE, 0x2A50, 0x220F, 0x19CE,
    0x2A71, 0x3A70, 0x4A6F, 0x320F, 0x31EF, 0x3A2F, 0x4A70, 0x4A70, 0x21ED, 0x2A0D, 0x41EE, 0x9290,
    0xBB10, 0xE350, 0xDB71, 0xCB92, 0x7AAF, 0x628F, 0x5A4E, 0xA351, 0xA371, 0x3A70, 0x7B11, 0x9B92,
    0x322F, 0x7371, 0xCC94, 0x5A90, 0x39EF, 0x5A30, 0x72D2, 0x8333, 0xB3D5, 0xC3F6, 0xC3F6, 0xCC16,
    0xCC36, 0xCC36, 0xD436, 0xDC36, 0xDC36, 0xDC35, 0xDC35, 0xD436, 0xD436, 0xD456, 0xED15, 0xFD74,
    0xFD94, 0xF534, 0xEC75, 0xF4D4, 0xF4F3, 0xF4F4, 0xF514, 0xF553, 0xF514, 0xF534, 0xFD94, 0xFE73,
    0xFEB3, 0xFEB3, 0xFEB3, 0xFEB3, 0xFEB3, 0xFEB3, 0xFED3, 0xFDD4, 0xF554, 0xF4F4, 0xF534, 0xF574,
    0xFE53, 0xFEB3, 0xFEB2, 0xFEB3, 0xFE14, 0xF4D4, 0xF515, 0xFD14, 0xF555, 0xF594, 0xF5D3, 0xFE73,
    0xFEB3, 0xFEB3, 0xFEB3, 0xFEB3, 0xFEB2, 0xF716, 0xF7DE, 0xEFFD, 0xF7FE, 0xF7FE, 0xF7FE, 0xF7FE,
    0xF7FE, 0xF7FE, 0xF7FE, 0xF7FE, 0xF7FE, 0xF7FE, 0xF7FE, 0xF7FE, 0xF7FE, 0xF7FE, 0xF7FE, 0xF7FE,
    0xF7FE, 0xF7FE, 0xF7FE, 0xF7FE, 0xF7FD, 0xF7FE, 0xF7FE, 0xF7DD, 0xF79D, 0xF73B, 0xFF7C, 0xF79C,
    0xF5D5, 0xFD94, 0xFD94, 0xF5B4, 0xF594, 0xF554, 0xF534, 0xF515, 0xF4F5, 0xF535, 0xF595, 0xF555,
    0xF515, 0xF515, 0xF4F5, 0xF4D5, 0xF495, 0xEC95, 0xECB5, 0xEC94, 0xECB4, 0xF575, 0xF574, 0xF535,
    0xEC94, 0xEC94, 0xEC75, 0xEC95, 0xEC95, 0xEC95, 0xEC75, 0xEC75, 0xEC75, 0xEC75, 0xEC75, 0xEC76,
    0xEC75, 0xEC75, 0xEC75, 0xEC95, 0xECB5, 0xECB5, 0xECB5, 0xF634, 0xFE74, 0xECD3, 0xF614, 0xFEB4,
    0xFEB3, 0xFE14, 0xF4D5, 0xECB6, 0xEC95, 0xEC95, 0xEC96, 0xEC96, 0xEC76, 0xE476, 0xD475, 0x28E6,
    0x0043, 0x00A4, 0x00A4, 0x00A4, 0x0084, 0x0084, 0x0084, 0x00A4, 0x00A4, 0x00A4, 0x00A4, 0x00A4,
    0x00A4, 0x00A4, 0x00A4, 0x00A4, 0x00A4, 0x00A4, 0x00A4, 0x0084, 0x8B76, 0x8B76, 0x8B96, 0x8B76,
    0x8B97, 0x8B76, 0x9397, 0x9376, 0x8376, 0x62D3, 0x29CE, 0x218E, 0x196D, 0x198D, 0x198D, 0x19AD,
    0x19AD, 0x19AD, 0x218D, 0x21AD, 0x218D, 0x298C, 0x6A4D, 0x9ACF, 0x926F, 0x8A8F, 0x7A6F, 0xA313,
    0xAB74, 0xB3B7, 0xABD7, 0xABD6, 0xABD7, 0xABD7, 0xABD7, 0xABD7, 0xABD7, 0xABD7, 0xABD7, 0xABD7,
    0xABD7, 0xABD7, 0xABD7, 0xABD7, 0xABD7, 0xABD7, 0xABD7, 0xABD7, 0xABD7, 0xABD7, 0xABD7, 0xABD7,
    0xABD7, 0xB417, 0x6AD2, 0x218D, 0x21EE, 0x220F, 0x2A0F, 0x21CD, 0x21CD, 0x21AD, 0x19AD, 0x19AD,
    0x19CD, 0x19CD, 0x19AD, 0x19CE, 0x19CE, 0x19AD, 0x19CD, 0x19CD, 0x5393, 0x42F1, 0x198D, 0x198D,
    0x32AF, 0x7538, 0x3B52, 0x11AC, 0x19CD, 0x19CD, 0x19CD, 0x19AD, 0x2A0F, 0x5313, 0x5353, 0x5332,
    0x19CD, 0x19CD, 0x19CD, 0x2230, 0x2251, 0x2271, 0x2251, 0x2250, 0x19CE, 0x19EE, 0x220F, 0x19CE,
    0x19CD, 0x19CD, 0x19AD, 0x19CD, 0x19CD, 0x19AD, 0x198C, 0x31EE, 0x31EE, 0x218C, 0x31CD, 0x41CD,
    0x6A2F, 0x724F, 0x7A4F, 0x39EE, 0x21CE, 0x19CE, 0x19CD, 0x19EE, 0x2A71, 0x322F, 0x2A0E, 0x2A2F,
    0x2A30, 0x324F, 0x3A50, 0x3A4F, 0x19ED, 0x21EE, 0x31CE, 0x726F, 0x9AAF, 0x928F, 0xAAD0, 0xBB11,
    0x622E, 0x82F0, 0xBC13, 0x72AF, 0x5A70, 0x3270, 0x6AD0, 0x9351, 0x528F, 0x9371, 0xDC93, 0x526F,
    0x31CE, 0x4A30, 0x7AD3, 0x9354, 0xBBD5, 0xC3F6, 0xC416, 0xC415, 0xC415, 0xCC36, 0xCC36, 0xD436,
    0xD436, 0xDC36, 0xDC36, 0xD436, 0xD436, 0xD456, 0xED15, 0xFD74, 0xFD94, 0xF534, 0xEC74, 0xEC94,
    0xF4B4, 0xF4D4, 0xF514, 0xF553, 0xF514, 0xF534, 0xFD94, 0xFE74, 0xFE93, 0xFEB3, 0xFEB3, 0xFEB3,
    0xFEB2, 0xFEB3, 0xFEB3, 0xF5D3, 0xF534, 0xF4D4, 0xF4F4, 0xF534, 0xFE34, 0xFE93, 0xFEB2, 0xFEB3,
    0xF614, 0xF4B4, 0xFCF5, 0xF515, 0xF554, 0xF574, 0xF554, 0xFE34, 0xFEB3, 0xFEB3, 0xFEB3, 0xFEB3,
    0xFEB3, 0xF717, 0xF7FE, 0xEFFD, 0xF7FE, 0xF7FE, 0xF7FE, 0xF7FE, 0xF7FE, 0xF7FE, 0xF7FE, 0xF7FE,
    0xF7FE, 0xF7FE, 0xF7FE, 0xF7FE, 0xF7FE, 0xF7FE, 0xF7FE, 0xF7FE, 0xF7FE, 0xF7FE, 0xF7FE, 0xF7FE,
    0xF7FD, 0xF7FE, 0xF7DE, 0xF79C, 0xF6FA, 0xF5F6, 0xF637, 0xEE37, 0xF5B5, 0xFD95, 0xF594, 0xFD94,
    0xF594, 0xFD95, 0xFD55, 0xF535, 0xF515, 0xF535, 0xFD75, 0xF535, 0xF4F5, 0xECD4, 0xF4D5, 0xF4B5,
    0xEC95, 0xECF6, 0xF575, 0xF515, 0xF515, 0xFD95, 0xF534, 0xF4D5, 0xEC95, 0xEC95, 0xEC75, 0xEC75,
    0xEC75, 0xEC75, 0xEC75, 0xEC75, 0xEC75, 0xEC75, 0xEC75, 0xEC75, 0xEC75, 0xEC75, 0xEC75, 0xEC95,
    0xECB5, 0xF4B5, 0xECB5, 0xF634, 0xFE54, 0xECB4, 0xF5F4, 0xFED3, 0xFED4, 0xFDF4, 0xEC95, 0xEC95,
    0xEC95, 0xEC75, 0xEC75, 0xE475, 0xE4F7, 0xA371, 0x4188, 0xA3F3, 0x93B2, 0x0084, 0x0084, 0x0084,
    0x0084, 0x0084, 0x0084, 0x0084, 0x0084, 0x00A4, 0x00A4, 0x00A4, 0x00A4, 0x0084, 0x0084, 0x00A4,
    0x00A4, 0x0084, 0x0084, 0x0084, 0x8356, 0x8B76, 0x8397, 0x8B77, 0x8B77, 0x8376, 0x8B77, 0x7B56,
    0x4231, 0x31EF, 0x196C, 0x4A51, 0x5271, 0x39EF, 0x29EE, 0x198C, 0x19AD, 0x19AC, 0x198C, 0x21AD,
    0x29AD, 0x31CD, 0x622E, 0x828F, 0x724E, 0x7A90, 0x8AB0, 0xAB12, 0xB374, 0xABB7, 0xABD7, 0xABD6,
    0xABD7, 0xABD7, 0xABD7, 0xABD7, 0xABD7, 0xABD7, 0xABD7, 0xABD7, 0xABD7, 0xABD7, 0xABD7, 0xABD7,
    0xABD7, 0xABD7, 0xABD7, 0xABD7, 0xABD7, 0xABD7, 0xABD7, 0xABD7, 0xABD7, 0xB3D7, 0x8B55, 0x62F2,
    0x3230, 0x220F, 0x2A2F, 0x21CD, 0x19AD, 0x19AD, 0x19AD, 0x19AD, 0x19AD, 0x19CD, 0x19CD, 0x19CE,
    0x19CD, 0x19AD, 0x19CD, 0x21CD, 0x3A90, 0x2A2F, 0x19AD, 0x19AD, 0x2A2F, 0x4353, 0x2A70, 0x19AD,
    0x19CD, 0x19CD, 0x19CD, 0x19AD, 0x21EE, 0x42D1, 0x42D1, 0x3AB0, 0x19CD, 0x19CD, 0x19CD, 0x2230,
    0x2251, 0x2271, 0x2251, 0x2251, 0x19CD, 0x19CD, 0x21EF, 0x19AE, 0x19AD, 0x19AD, 0x19EE, 0x21EE,
    0x19AD, 0x19EE, 0x21EE, 0x21EE, 0x21CE, 0x198D, 0x21AD, 0x29AD, 0x5A0F, 0x722F, 0x7250, 0x41CE,
    0x29AE, 0x19AD, 0x19CD, 0x19CD, 0x2A50, 0x222F, 0x21CE, 0x21EE, 0x21EF, 0x220E, 0x3270, 0x3A90,
    0x222E, 0x2A0E, 0x21AD, 0x522E, 0x7A6F, 0x9AF0, 0x8AB0, 0x7A70, 0x6290, 0x6AD1, 0x8332, 0x4A70,
    0x424F, 0x62F0, 0x72F1, 0x7B31, 0xA3B3, 0xB3F2, 0xCC72, 0x526F, 0x29AE, 0x3A0F, 0x82F3, 0xAB95,
    0xC3F5, 0xC416, 0xC415, 0xCC36, 0xD436, 0xD436, 0xD436, 0xD456, 0xD436, 0xD436, 0xD436, 0xD436,
    0xD455, 0xDC75, 0xECF5, 0xFD54, 0xF574, 0xF554, 0xF4B5, 0xF4B5, 0xF4D4, 0xF4F4, 0xF4F4, 0xF534,
    0xF514, 0xFD34, 0xFD94, 0xFDF4, 0xFE14, 0xFE73, 0xFE93, 0xFE93, 0xFEB3, 0xFEB3, 0xFEB3, 0xF5D3,
    0xF534, 0xF4D4, 0xF4F4, 0xED14, 0xFE35, 0xFEB3, 0xFE93, 0xFED3, 0xF614, 0xECB4, 0xF4D5, 0xF4F5,
    0xF535, 0xF555, 0xF534, 0xFDF4, 0xFE73, 0xFEB2, 0xFEB3, 0xFEB3, 0xFEF5, 0xF758, 0xF7FE, 0xEFFD,
    0xF7FE, 0xF7FE, 0xF7FE, 0xF7FE, 0xF7FE, 0xF7FE, 0xF7FE, 0xF7FE, 0xF7FE, 0xF7FE, 0xF7FE, 0xF7FE,
    0xF7FE, 0xF7FE, 0xF7FE, 0xF7FE, 0xF7FE, 0xF7FE, 0xF7FE, 0xF7FE, 0xF7FE, 0xF7FE, 0xF7FD, 0xF6B9,
    0xF616, 0xF5B5, 0xFDB5, 0xFD94, 0xF5B5, 0xFD95, 0xF594, 0xF595, 0xF594, 0xFD75, 0xFD55, 0xF535,
    0xF595, 0xF575, 0xF555, 0xF4F5, 0xF4B5, 0xECB4, 0xECD4, 0xECD4, 0xF515, 0xF535, 0xF555, 0xF4F5,
    0xF515, 0xF595, 0xECF4, 0xEC75, 0xEC95, 0xEC95, 0xEC75, 0xEC75, 0xEC75, 0xEC75, 0xEC75, 0xEC75,
    0xEC75, 0xEC75, 0xEC75, 0xEC75, 0xEC75, 0xEC95, 0xEC75, 0xEC95, 0xF4D5, 0xF4D5, 0xECB5, 0xF615,
    0xFE55, 0xECB5, 0xED34, 0xF5B3, 0xF5B3, 0xF554, 0xF4B6, 0xEC95, 0xEC95, 0xEC75, 0xF4B6, 0xE496,
    0x6A6C, 0x2967, 0x0043, 0x4A0B, 0x49EB, 0x00A4, 0x00A4, 0x0084, 0x0084, 0x0084, 0x0084, 0x0084,
    0x0084, 0x00A4, 0x00A4, 0x00A4, 0x00A4, 0x0084, 0x0084, 0x00A4, 0x00A4, 0x0084, 0x0084, 0x0084,
    0x8B76, 0x8376, 0x8B76, 0x8B76, 0x8B76, 0x8B76, 0x8B76, 0x7B55, 0x39EF, 0x4210, 0x5272, 0x72F4,
    0x6AB3, 0x39EF, 0x29CE, 0x198D, 0x19AC, 0x19AC, 0x198C, 0x218C, 0x31CD, 0x5A50, 0x726F, 0x928F,
    0x9ACF, 0x9AAF, 0x926E, 0xB2F0, 0xB352, 0xAB96, 0xABB7, 0xABD7, 0xABD7, 0xABD7, 0xABD7, 0xABD7,
    0xABD7, 0xABD7, 0xABD7, 0xABD7, 0xABD7, 0xABD7, 0xABD7, 0xABD7, 0xABD7, 0xABD7, 0xABD7, 0xABD7,
    0xABD7, 0xABD7, 0xABD7, 0xABD7, 0xABD7, 0xABD7, 0xABD7, 0x93D6, 0x3230, 0x21EE, 0x21EE, 0x19CD,
    0x19AD, 0x19AD, 0x19AD, 0x19AD, 0x19AD, 0x19CD, 0x19CD, 0x19CE, 0x19AD, 0x19CD, 0x19CD, 0x21CE,
    0x29CE, 0x21CE, 0x19AD, 0x19CD, 0x21CE, 0x2A30, 0x21EE, 0x19AD, 0x19AD, 0x19AD, 0x19AD, 0x19AD,
    0x21CE, 0x2A0F, 0x2A0F, 0x2A0F, 0x19CD, 0x19CE, 0x19EE, 0x2230, 0x2251, 0x2271, 0x2230, 0x19EE,
    0x19CD, 0x19CD, 0x19CD, 0x19AD, 0x19AD, 0x19AD, 0x21EE, 0x220F, 0x11AD, 0x19EE, 0x2A50, 0x19CE,
    0x19AD, 0x19CD, 0x21AD, 0x21AD, 0x49CE, 0x620F, 0x7A50, 0x59EF, 0x39CE, 0x11AD, 0x19CD, 0x11CD,
    0x220F, 0x220E, 0x19CE, 0x320F, 0x3A30, 0x4270, 0x3A50, 0x324F, 0x326F, 0x2A2E, 0x21AD, 0x41CE,
    0x620F, 0x92B1, 0x6A90, 0x5270, 0x5AB1, 0x5290, 0x4A4F, 0x3A50, 0x4A90, 0xABD3, 0x72F1, 0x5A8F,
    0xBBD3, 0x9BB2, 0x7B71, 0x420E, 0x29AD, 0x31EF, 0x6291, 0x82F2, 0x9B53, 0xAB94, 0xBBF5, 0x9353,
    0x9B74, 0xB3F5, 0xB394, 0xB393, 0xCC36, 0xD436, 0xD436, 0xD456, 0xDC76, 0xEC96, 0xF4F4, 0xF534,
    0xF574, 0xF534, 0xF4B5, 0xF4D5, 0xF4F4, 0xF514, 0xF4F4, 0xF4F4, 0xF4F4, 0xFD34, 0xFD94, 0xFD93,
    0xFDB4, 0xFE33, 0xFE33, 0xFE53, 0xFEB3, 0xFEB3, 0xFED3, 0xF5B3, 0xF4F4, 0xF4D4, 0xF4D4, 0xF4F5,
    0xF5B4, 0xF654, 0xFEB3, 0xFED3, 0xF614, 0xECB4, 0xF4B5, 0xF4D4, 0xF535, 0xF535, 0xF514, 0xFDB4,
    0xFE33, 0xFEB3, 0xFED2, 0xFED3, 0xFF58, 0xF79B, 0xF7FE, 0xF7FD, 0xF7FE, 0xF7FE, 0xF7FE, 0xF7FE,
    0xF7FE, 0xF7FE, 0xF7FE, 0xF7FE, 0xF7FE, 0xF7FE, 0xF7FE, 0xF7FE, 0xF7FE, 0xF7FE, 0xF7FE, 0xF7FE,
    0xF7FE, 0xF7FE, 0xF7FE, 0xF7FE, 0xF7DD, 0xF79C, 0xF73A, 0xF5F6, 0xF5B5, 0xF5D5, 0xFDB5, 0xFDB5,
    0xF595, 0xF575, 0xF574, 0xFD75, 0xF574, 0xF534, 0xF535, 0xF535, 0xF5B5, 0xF575, 0xF4F5, 0xF4B5,
    0xF4B5, 0xF4B4, 0xECF4, 0xF554, 0xF575, 0xF555, 0xF515, 0xF4D5, 0xECD5, 0xFD55, 0xECD4, 0xEC75,
    0xEC75, 0xEC75, 0xEC95, 0xEC95, 0xEC95, 0xEC75, 0xEC75, 0xEC75, 0xEC75, 0xEC75, 0xEC75, 0xEC75,
    0xEC75, 0xEC75, 0xEC75, 0xEC96, 0xF4D5, 0xF4D5, 0xECB5, 0xF615, 0xFE55, 0xEC95, 0xED14, 0xED54,
    0xF574, 0xF555, 0xF4F5, 0xEC95, 0xEC75, 0xF496, 0xBBB2, 0x828D, 0x08A4, 0x0063, 0x00A4, 0x0043,
    0x0063, 0x00A4, 0x0084, 0x0084, 0x0084, 0x0084, 0x0084, 0x0084, 0x0084, 0x00A4, 0x00A4, 0x00A4,
    0x00A4, 0x0084, 0x0084, 0x0084, 0x0084, 0x0084, 0x0084, 0x0084, 0x8B76, 0x8B76, 0x8B76, 0x8B76,
    0x8B76, 0x8B76, 0x8B76, 0x8356, 0x6AD3, 0x72F4, 0x8356, 0x6292, 0x4230, 0x29AE, 0x21AE, 0x198D,
    0x19AC, 0x19AC, 0x198C, 0x21AC, 0x29CD, 0x6AB0, 0x828F, 0x926E, 0xB330, 0x9A8E, 0x79CC, 0xAAEF,
    0xB352, 0xAB95, 0xABB6, 0xABD7, 0xABD7, 0xABD7, 0xABD7, 0xABD7, 0xABD7, 0xABD7, 0xABD7, 0xABD7,
    0xABD7, 0xABD7, 0xABD7, 0xABD7, 0xABD7, 0xABD7, 0xABD7, 0xABD7, 0xABD7, 0xABD7, 0xABD7, 0xABD7,
    0xABD6, 0xABD7, 0xABD7, 0x9BD7, 0x2A0F, 0x19CE, 0x21CE, 0x19AE, 0x19AD, 0x19AD, 0x19AD, 0x19AD,
    0x19AD, 0x19CD, 0x19AD, 0x19CE, 0x19CD, 0x19CD, 0x19CD, 0x19CD, 0x29EE, 0x29CE, 0x21AD, 0x21AD,
    0x21CE, 0x2A30, 0x19EE, 0x19AD, 0x19AD, 0x19AD, 0x19AD, 0x19AD, 0x19CE, 0x21EF, 0x2A0F, 0x2A0F,
    0x19CD, 0x19EE, 0x2230, 0x2210, 0x2210, 0x2251, 0x1A0F, 0x19AD, 0x19AD, 0x19CD, 0x19CD, 0x19AD,
    0x19AE, 0x19CE, 0x19EE, 0x19EE, 0x11AD, 0x19EF, 0x2A51, 0x19CD, 0x11AD, 0x19AD, 0x19AD, 0x19AD,
    0x31AD, 0x49EE, 0x6A0F, 0x7A0F, 0x5A0E, 0x11AD, 0x19AD, 0x11CD, 0x19EE, 0x19EE, 0x19CE, 0x3A71,
    0x52B2, 0x62D2, 0x3A30, 0x21EE, 0x3270, 0x2A2F, 0x21AD, 0x29ED, 0x41EE, 0x722F, 0x5A4F, 0x5250,
    0x4A50, 0x524F, 0x5A6F, 0x422F, 0x4A70, 0xB3B3, 0x8B30, 0x7ACF, 0xA392, 0x8B51, 0x7311, 0x6A8F,
    0x62AF, 0x7B32, 0x5290, 0x422E, 0x7B52, 0x9B94, 0xAC15, 0x5270, 0x5A91, 0x9414, 0xA3B2, 0xB3B1,
    0xD435, 0xDC35, 0xDC35, 0xDC55, 0xE476, 0xEC95, 0xF4D4, 0xF513, 0xF574, 0xF514, 0xEC74, 0xEC94,
    0xF4B4, 0xF4F4, 0xF4F4, 0xF4D4, 0xF4F4, 0xF534, 0xFD74, 0xFD74, 0xFD94, 0xFDF4, 0xFDD4, 0xF5F3,
    0xFE54, 0xFE73, 0xFE93, 0xF554, 0xF4B4, 0xF4D4, 0xF4D5, 0xF4B5, 0xED14, 0xF5B3, 0xFE53, 0xFEB3,
    0xF614, 0xECB4, 0xF4B5, 0xF4B4, 0xF515, 0xF514, 0xF514, 0xFD74, 0xFDD4, 0xFE53, 0xFE53, 0xF674,
    0xF739, 0xF79B, 0xF7FE, 0xF7FE, 0xF7FE, 0xF7FE, 0xF7FE, 0xF7FE, 0xF7FE, 0xF7FE, 0xF7FE, 0xF7FE,
    0xF7FE, 0xF7FE, 0xF7FE, 0xF7FE, 0xF7FE, 0xF7FD, 0xF7FD, 0xF7FD, 0xF7FD, 0xF7FD, 0xF7FD, 0xF7DD,
    0xF71A, 0xF678, 0xEE16, 0xF5D5, 0xFDB5, 0xFDD5, 0xFDB5, 0xFDB5, 0xF574, 0xF555, 0xF574, 0xFD75,
    0xFD55, 0xF514, 0xF515, 0xF515, 0xF575, 0xF555, 0xF4D5, 0xF4B5, 0xF4D4, 0xF514, 0xF574, 0xFD95,
    0xF555, 0xF515, 0xF4F5, 0xECB5, 0xECB5, 0xF4F5, 0xECB5, 0xEC75, 0xEC75, 0xEC75, 0xEC95, 0xEC95,
    0xEC95, 0xEC75, 0xEC75, 0xEC75, 0xEC75, 0xEC75, 0xEC75, 0xEC75, 0xEC75, 0xEC75, 0xEC75, 0xEC95,
    0xF4F6, 0xECD5, 0xECB5, 0xF595, 0xF5D5, 0xECB5, 0xED15, 0xF555, 0xF576, 0xF555, 0xF4F4, 0xEC96,
    0xEC75, 0xFCB7, 0x7A6C, 0x0021, 0x1084, 0x00A4, 0x00A4, 0x00A4, 0x00A4, 0x00A4, 0x0084, 0x0084,
    0x0084, 0x0084, 0x0084, 0x0084, 0x0084, 0x00A4, 0x00A4, 0x00A4, 0x00A4, 0x0084, 0x0084, 0x0084,
    0x0084, 0x0084, 0x0084, 0x0084, 0x8B76, 0x8B76, 0x8B76, 0x8B76, 0x8B76, 0x8B76, 0x8B76, 0x8376,
    0x8B76, 0x7B34, 0x52B2, 0x29EF, 0x19AD, 0x198D, 0x198D, 0x19AD, 0x19AC, 0x19AC, 0x198C, 0x21AD,
    0x29CD, 0x4A0F, 0x41ED, 0x49CC, 0x728F, 0x7A2E, 0x79CD, 0xAAD0, 0xBB53, 0xA395, 0xABB6, 0xABD7,
    0xABD7, 0xABD7, 0xABD7, 0xABD7, 0xABD7, 0xABD7, 0xABD7, 0xABD7, 0xABD7, 0xABD7, 0xABD7, 0xABD7,
    0xABD7, 0xABD7, 0xABD7, 0xABD7, 0xABD7, 0xABD7, 0xABD6, 0xABD7, 0xABD7, 0xABD7, 0xABD6, 0xA3B6,
    0x322F, 0x19CE, 0x19AD, 0x19AD, 0x19AD, 0x19AD, 0x19AD, 0x19AD, 0x19AD, 0x19CE, 0x19CE, 0x19AD,
    0x19AD, 0x19AD, 0x19AD, 0x218D, 0x31AE, 0x39AE, 0x39AE, 0x31AE, 0x29CE, 0x21EF, 0x19CE, 0x19AD,
    0x19AD, 0x19AD, 0x19AD, 0x19AD, 0x19AD, 0x21CE, 0x21EE, 0x21EE, 0x19CE, 0x19EE, 0x2210, 0x19EF,
    0x21EF, 0x2230, 0x19EE, 0x19AD, 0x19AD, 0x19CD, 0x19CD, 0x19CE, 0x19CE, 0x222F, 0x19EE, 0x11AD,
    0x19CE, 0x1A0F, 0x2251, 0x19CE, 0x11AD, 0x19CD, 0x19CD, 0x19AD, 0x29CD, 0x39CE, 0x51AE, 0x720F,
    0x5A0F, 0x19AD, 0x19AD, 0x19CD, 0x19CD, 0x19ED, 0x19CE, 0x3230, 0x4A71, 0x6A92, 0x3A0F, 0x19EE,
    0x2A70, 0x222F, 0x19CD, 0x19CD, 0x29CD, 0x5A4F, 0x4A2F, 0x3A0F, 0x3A2F, 0x4A4F, 0x6290, 0x422F,
    0x4A4F, 0x7A90, 0xAB92, 0xCC14, 0x9B92, 0xBBF2, 0xD454, 0xCC13, 0xCC33, 0xECF5, 0x72F1, 0x31CE,
    0x83B4, 0x93F5, 0x8BD5, 0x4A51, 0x5AB2, 0x8BF4, 0xC474, 0xECF4, 0xEC54, 0xE455, 0xE455, 0xE455,
    0xEC55, 0xE474, 0xECB4, 0xF4F5, 0xF534, 0xF513, 0xECB4, 0xEC94, 0xF494, 0xF4D4, 0xF4D4, 0xF4D4,
    0xF514, 0xF533, 0xFD34, 0xFD54, 0xFD54, 0xF554, 0xF594, 0xFDB3, 0xFDF3, 0xFDF3, 0xFE13, 0xF534,
    0xF4B5, 0xF4D5, 0xF4B5, 0xF4B5, 0xF4F4, 0xF533, 0xF5B3, 0xFE74, 0xFDF4, 0xF4B4, 0xF4B5, 0xF495,
    0xF4B4, 0xF4F4, 0xF514, 0xF555, 0xF575, 0xF5B4, 0xFD94, 0xF5D5, 0xF6F8, 0xF75A, 0xF7FE, 0xF7FE,
    0xF7FE, 0xF7FE, 0xF7FE, 0xF7FE, 0xF7FE, 0xF7FE, 0xF7FE, 0xF7FE, 0xF7FE, 0xF7FE, 0xF7FE, 0xF7FE,
    0xF7FE, 0xF7FD, 0xF7FD, 0xF7FD, 0xF7FD, 0xF7FE, 0xF79C, 0xF77B, 0xEDF6, 0xF595, 0xF5B5, 0xF5B5,
    0xFDB5, 0xFDB5, 0xFDB5, 0xF595, 0xF534, 0xF555, 0xFD75, 0xF574, 0xF534, 0xF4F4, 0xF4F5, 0xF4F5,
    0xF514, 0xF4F4, 0xF4D5, 0xF4D5, 0xF514, 0xFD95, 0xF575, 0xF535, 0xF4F5, 0xECD5, 0xEC94, 0xEC95,
    0xEC95, 0xECB5, 0xEC95, 0xEC75, 0xEC75, 0xEC75, 0xEC95, 0xEC95, 0xEC75, 0xEC95, 0xEC75, 0xEC75,
    0xEC75, 0xEC75, 0xEC75, 0xEC75, 0xEC75, 0xEC75, 0xEC75, 0xEC96, 0xECD5, 0xECB6, 0xECB5, 0xECD4,
    0xECD4, 0xECB5, 0xECB5, 0xEC95, 0xEC95, 0xECB5, 0xF4F5, 0xEC95, 0xE475, 0xF4B7, 0x9ACE, 0x38E6,
    0x1084, 0x0084, 0x00A4, 0x00A4, 0x00A4, 0x00A4, 0x0084, 0x0084, 0x0084, 0x0084, 0x0084, 0x0084,
    0x0084, 0x00A4, 0x00A4, 0x00A4, 0x00A4, 0x0084, 0x0084, 0x0084, 0x0084, 0x0084, 0x0084, 0x0084,
    0x9376, 0x8B76, 0x8B76, 0x8B76, 0x8B76, 0x8B76, 0x8B76, 0x8B76, 0x8B76, 0x7B55, 0x5AF3, 0x29EF,
    0x198D, 0x198D, 0x198D, 0x198D, 0x198C, 0x198C, 0x198C, 0x198C, 0x198C, 0x218D, 0x298D, 0x398D,
    0x51AE, 0x8A4E, 0xBACF, 0xB28E, 0xB2D0, 0xB3B7, 0xABD7, 0xABD7, 0xABD7, 0xABD7, 0xABD7, 0xABD7,
    0xABD7, 0xABD7, 0xABD7, 0xABD7, 0xABD7, 0xABD7, 0xABD7, 0xABD7, 0xABD7, 0xABD7, 0xABD7, 0xABD7,
    0xABD7, 0xABD7, 0xABB6, 0xABD7, 0xABD7, 0xABD7, 0xABD7, 0xA3B7, 0x2A0F, 0x19CE, 0x19CD, 0x19AE,
    0x19AE, 0x19AD, 0x19AD, 0x19AD, 0x19AD, 0x21EF, 0x2230, 0x21EF, 0x19AD, 0x21AD, 0x21AD, 0x29CD,
    0x39CE, 0x41CE, 0x41CE, 0x39AE, 0x31CE, 0x21EE, 0x19CE, 0x19CD, 0x19AD, 0x19AD, 0x19AD, 0x19AD,
    0x19AD, 0x19AD, 0x29EF, 0x2A2F, 0x19EE, 0x21EF, 0x2210, 0x19EE, 0x19EE, 0x1A0F, 0x19EE, 0x19AD,
    0x19CD, 0x19CD, 0x19AD, 0x19CE, 0x19CF, 0x2230, 0x19EE, 0x19CE, 0x2250, 0x2250, 0x2250, 0x19CD,
    0x19AD, 0x19CD, 0x19AD, 0x19AD, 0x29CE, 0x39CE, 0x51EF, 0x59EE, 0x49CE, 0x218D, 0x19AD, 0x19CD,
    0x19CD, 0x19ED, 0x19CD, 0x3A50, 0x4A91, 0x6AD2, 0x3A2F, 0x19CD, 0x222F, 0x220F, 0x19CD, 0x21CE,
    0x29CD, 0x39AD, 0x39CE, 0x422F, 0x3A0F, 0x420F, 0x422F, 0x4270, 0x4A70, 0x522F, 0x8B11, 0xAB93,
    0x62B1, 0x9B51, 0xD413, 0xCBF3, 0xC3D3, 0xCC13, 0x72AF, 0x3A0E, 0x39CD, 0x29CE, 0x31EF, 0x320F,
    0x422F, 0x4A10, 0x8331, 0xBC12, 0xE455, 0xE475, 0xE455, 0xE455, 0xEC55, 0xE455, 0xE475, 0xECB4,
    0xF534, 0xF534, 0xF534, 0xEC94, 0xEC74, 0xF4D4, 0xF4B4, 0xF4D4, 0xF554, 0xF554, 0xF534, 0xF514,
    0xFD14, 0xFD34, 0xFD94, 0xFDD4, 0xFDD3, 0xF5D3, 0xFDF3, 0xF574, 0xF514, 0xECD5, 0xF4B5, 0xF4B5,
    0xF4D5, 0xECF4, 0xED33, 0xFE35, 0xF5F5, 0xECB4, 0xF4B5, 0xF4B5, 0xF4B5, 0xF4F5, 0xF514, 0xF534,
    0xFDB4, 0xFE94, 0xFE93, 0xFEB5, 0xF7DC, 0xF7FD, 0xF7FE, 0xF7FE, 0xF7FE, 0xF7FE, 0xF7FE, 0xF7FE,
    0xF7FE, 0xF7FE, 0xF7FE, 0xF7FE, 0xF7FE, 0xF7FE, 0xF7FE, 0xF7FE, 0xF7FE, 0xF7FD, 0xF7FD, 0xF7FE,
    0xF7DD, 0xF7FD, 0xEE98, 0xEDD5, 0xF5D5, 0xFDB5, 0xF5B5, 0xF595, 0xF574, 0xF594, 0xF5B5, 0xF5B5,
    0xFD75, 0xFD75, 0xFD74, 0xF534, 0xF514, 0xF4F4, 0xF4D5, 0xF4D5, 0xECF4, 0xF4D5, 0xF4D5, 0xF4F5,
    0xF515, 0xF555, 0xF515, 0xF4F5, 0xF4D5, 0xF4B5, 0xEC95, 0xEC95, 0xEC75, 0xEC95, 0xEC75, 0xEC75,
    0xEC95, 0xEC75, 0xEC95, 0xEC95, 0xECB6, 0xF4D6, 0xEC95, 0xEC96, 0xEC75, 0xEC75, 0xEC75, 0xEC75,
    0xEC75, 0xEC75, 0xEC75, 0xEC75, 0xEC95, 0xEC95, 0xEC95, 0xECB5, 0xEC95, 0xEC95, 0xEC95, 0xEC95,
    0xECB6, 0xECB5, 0xECB5, 0xEC96, 0xEC76, 0xEC95, 0xEC96, 0xDC35, 0x18E5, 0x0084, 0x08C5, 0x00A4,
    0x00A4, 0x00A4, 0x00A4, 0x00A4, 0x0084, 0x0084, 0x0084, 0x00A4, 0x00A4, 0x00A4, 0x00A4, 0x00A4,
    0x00A4, 0x00A4, 0x00A4, 0x0084, 0x0084, 0x0084, 0x0084, 0x0084, 0xA3D7, 0x9397, 0x8B56, 0x8376,
    0x8376, 0x8B76, 0x8B76, 0x8B76, 0x8B76, 0x8B56, 0x8B77, 0x39EF, 0x198D, 0x19AD, 0x198D, 0x198C,
    0x198C, 0x198C, 0x198C, 0x198C, 0x198C, 0x198C, 0x218D, 0x31CD, 0x5A30, 0x8A8F, 0xAB10, 0xAB11,
    0xB353, 0xB3B7, 0xABD7, 0xABD7, 0xABD7, 0xABD7, 0xABD7, 0xABD7, 0xABD7, 0xABD7, 0xABD7, 0xABD7,
    0xABD7, 0xABD7, 0xABD7, 0xABD7, 0xABD7, 0xABD7, 0xABD7, 0xABD7, 0xABD7, 0xABD7, 0xABB7, 0xABD7,
    0xABD7, 0xABD6, 0xABD7, 0x9BB6, 0x2A0F, 0x19CE, 0x19CE, 0x19EF, 0x19EF, 0x19AD, 0x19AD, 0x19CE,
    0x19AE, 0x19EF, 0x2230, 0x21CF, 0x21AD, 0x31AE, 0x31AE, 0x31CE, 0x39CE, 0x41CE, 0x41CE, 0x49CE,
    0x39CE, 0x29CE, 0x21CE, 0x21CE, 0x19CD, 0x19CD, 0x19AD, 0x19CD, 0x21CD, 0x21CD, 0x21CE, 0x21CE,
    0x220F, 0x2210, 0x2230, 0x19EE, 0x19EE, 0x11CE, 0x19EF, 0x222F, 0x19CE, 0x19CD, 0x19CD, 0x220F,
    0x2210, 0x19EF, 0x19AD, 0x11AD, 0x2250, 0x2230, 0x19EE, 0x19CD, 0x19AD, 0x19AD, 0x19AD, 0x19AD,
    0x21AD, 0x29AD, 0x39EE, 0x4A0F, 0x41EE, 0x21AD, 0x21AD, 0x19AD, 0x19AD, 0x21CD, 0x29EE, 0x3A50,
    0x4271, 0x5AB2, 0x422F, 0x31EE, 0x21CE, 0x19EE, 0x19AD, 0x52F1, 0x6332, 0x62B1, 0x5270, 0x4A0E,
    0x49EE, 0x41EE, 0x39EE, 0x4A50, 0x628F, 0xB3F3, 0x8AF0, 0x622E, 0x5AD1, 0x8B52, 0xC3D3, 0xCBB2,
    0xBB92, 0x82F0, 0xA392, 0xABD4, 0x31EE, 0x21AE, 0x29EF, 0x21EE, 0x5AB0, 0xAC74, 0xBC74, 0xD4B5,
    0xE455, 0xE455, 0xEC56, 0xE455, 0xE455, 0xE455, 0xEC75, 0xEC94, 0xF4F5, 0xF514, 0xF534, 0xEC94,
    0xEC94, 0xF4D5, 0xF4D4, 0xF4F4, 0xF534, 0xF554, 0xF514, 0xF4F4, 0xF4F4, 0xF514, 0xF534, 0xF554,
    0xF573, 0xF5B3, 0xFDF3, 0xFDB3, 0xFDB3, 0xFDB4, 0xF4F5, 0xEC94, 0xECB5, 0xECD5, 0xED14, 0xFDD5,
    0xFD95, 0xF4B5, 0xF4B5, 0xECB5, 0xF4B4, 0xF4F4, 0xF534, 0xF534, 0xF594, 0xFE93, 0xFE93, 0xFED5,
    0xF7DD, 0xF7FE, 0xF7FE, 0xF7FE, 0xF7FE, 0xF7FE, 0xF7FE, 0xF7FE, 0xF7FE, 0xF7FE, 0xF7FE, 0xF7FE,
    0xF7FE, 0xF7FE, 0xF7FE, 0xF7FE, 0xF7FE, 0xF7FD, 0xF7FD, 0xEFFD, 0xEFFD, 0xF7FE, 0xF678, 0xF594,
    0xF5B5, 0xFDB5, 0xFD95, 0xF555, 0xF554, 0xF595, 0xF595, 0xFD95, 0xF554, 0xF555, 0xF555, 0xF515,
    0xF4F5, 0xECD5, 0xECB5, 0xECD5, 0xFD96, 0xF596, 0xFD96, 0xF575, 0xF575, 0xF555, 0xF535, 0xF4F5,
    0xECB5, 0xF495, 0xEC95, 0xEC95, 0xEC75, 0xEC75, 0xEC75, 0xEC95, 0xEC95, 0xEC95, 0xEC95, 0xF4D6,
    0xF4F5, 0xF4F5, 0xF4D5, 0xF4B6, 0xEC96, 0xEC76, 0xEC76, 0xEC76, 0xEC76, 0xEC76, 0xEC75, 0xEC75,
    0xEC75, 0xEC95, 0xEC96, 0xEC95, 0xEC95, 0xEC95, 0xEC95, 0xEC95, 0xF4B6, 0xECB5, 0xEC95, 0xEC96,
    0xEC75, 0xE495, 0xEC96, 0xE455, 0x2106, 0x0863, 0x1023, 0x0884, 0x00A4, 0x00A4, 0x00A4, 0x00A4,
    0x0084, 0x0084, 0x0084, 0x00A4, 0x00A4, 0x00A4, 0x00A4, 0x00A4, 0x00A4, 0x00A4, 0x00A4, 0x0084,
    0x0084, 0x0084, 0x0084, 0x0084, 0xABD7, 0xA3B7, 0x9396, 0x8B76, 0x8B76, 0x8B76, 0x8B76, 0x8B76,
    0x8B76, 0x7B15, 0x6293, 0x31EE, 0x198D, 0x19AD, 0x198D, 0x198C, 0x198C, 0x198C, 0x198C, 0x198C,
    0x198C, 0x198C, 0x31AD, 0x41CE, 0x4A0F, 0x7A90, 0x9B12, 0xA353, 0xAB95, 0xABB7, 0xABD7, 0xABD7,
    0xABD7, 0xABD7, 0xABD7, 0xABD7, 0xABD7, 0xABD7, 0xABD7, 0xABD7, 0xABD7, 0xABD7, 0xABD7, 0xABD7,
    0xABD7, 0xABD7, 0xABD7, 0xABD7, 0xABD7, 0xABD7, 0xABB7, 0xABB7, 0xABD6, 0xABD6, 0xABD6, 0xA3B6,
    0x29EF, 0x19CE, 0x1A0F, 0x2210, 0x220F, 0x19CD, 0x19CE, 0x19EF, 0x21EF, 0x21F0, 0x2230, 0x21CE,
    0x29AD, 0x39AE, 0x39AE, 0x39AE, 0x39CE, 0x39CE, 0x41EF, 0x41EF, 0x39EE, 0x29CE, 0x21CE, 0x19CD,
    0x19CD, 0x19AD, 0x19AD, 0x19CD, 0x21CE, 0x21CD, 0x21CE, 0x21CE, 0x220F, 0x2210, 0x21EF, 0x19ED,
    0x19EE, 0x220F, 0x2230, 0x2230, 0x19CE, 0x19CD, 0x11CD, 0x2230, 0x2230, 0x19AE, 0x19CE, 0x19CE,
    0x2230, 0x2210, 0x19EF, 0x19CD, 0x19AD, 0x19AD, 0x19AD, 0x19AD, 0x19AD, 0x19CD, 0x29CD, 0x420E,
    0x39EE, 0x218D, 0x21AD, 0x21CD, 0x21CD, 0x29CE, 0x21EE, 0x2A2F, 0x3A4F, 0x6271, 0x5A50, 0x4A30,
    0x19ED, 0x19CE, 0x19CD, 0x4270, 0x52B0, 0x5A90, 0x526F, 0x4A2F, 0x4A0F, 0x420F, 0x320E, 0x422F,
    0x5A6F, 0xB3F3, 0xA372, 0x8B11, 0x52F0, 0x7332, 0x9B93, 0xBBD2, 0xBBD2, 0x7310, 0xABB2, 0xC3F3,
    0x72D0, 0x4A4F, 0x21CF, 0x2A2F, 0x5290, 0x8373, 0xAC14, 0xD4B5, 0xE475, 0xEC74, 0xEC75, 0xEC55,
    0xE455, 0xEC55, 0xEC75, 0xEC74, 0xF495, 0xF4D4, 0xF534, 0xEC94, 0xEC94, 0xF4D4, 0xF4D4, 0xF4F4,
    0xF514, 0xF534, 0xF534, 0xF4D5, 0xF4D5, 0xF514, 0xF514, 0xF534, 0xF553, 0xF593, 0xFDB3, 0xF5D3,
    0xF5D4, 0xFDF3, 0xF554, 0xF515, 0xECB5, 0xECB5, 0xECD5, 0xF594, 0xF554, 0xF4B5, 0xF4B5, 0xF4B5,
    0xF4B5, 0xF4F4, 0xF534, 0xF534, 0xF594, 0xFE93, 0xFE93, 0xFED5, 0xF7DD, 0xF7FD, 0xF7FE, 0xF7FE,
    0xF7FE, 0xF7FE, 0xF7FE, 0xF7FE, 0xF7FE, 0xF7FE, 0xF7FE, 0xF7FE, 0xF7FE, 0xF7FE, 0xF7FE, 0xF7FE,
    0xF7FE, 0xF7FD, 0xF7FD, 0xF7FD, 0xF7DC, 0xEF1A, 0xF616, 0xF594, 0xFDB5, 0xFD95, 0xF555, 0xF535,
    0xF535, 0xF554, 0xF555, 0xF555, 0xF535, 0xF535, 0xF535, 0xF515, 0xF4F5, 0xF4D5, 0xECD5, 0xECF5,
    0xFDB6, 0xF5B6, 0xF596, 0xF576, 0xF575, 0xF535, 0xF515, 0xF4F5, 0xEC95, 0xEC95, 0xEC75, 0xEC75,
    0xEC75, 0xEC75, 0xEC95, 0xF495, 0xEC95, 0xF4B6, 0xECF5, 0xF515, 0xF515, 0xECB5, 0xECB5, 0xEC96,
    0xEC96, 0xEC96, 0xEC76, 0xEC76, 0xEC76, 0xEC76, 0xEC75, 0xEC75, 0xEC75, 0xEC76, 0xEC75, 0xE475,
    0xE495, 0xDC95, 0xED77, 0xEDD8, 0xF4D6, 0xECB6, 0xEC76, 0xEC76, 0xEC75, 0xEC95, 0xEC96, 0xDC55,
    0x18C4, 0x3106, 0x7A8D, 0x10A5, 0x0043, 0x00A5, 0x00A4, 0x00A4, 0x0084, 0x0084, 0x0084, 0x00A4,
    0x00A4, 0x00A4, 0x00A4, 0x00A4, 0x00A4, 0x00A4, 0x00A4, 0x0084, 0x0084, 0x0084, 0x0084, 0x0084,
    0xABB7, 0xA3B6, 0xA3B7, 0x9B96, 0x8B76, 0x8B76, 0x8B76, 0x8356, 0x8B97, 0x62D4, 0x218E, 0x19AE,
    0x19AD, 0x21AE, 0x218D, 0x218D, 0x198D, 0x198D, 0x198C, 0x218C, 0x218C, 0x198C, 0x49CE, 0x61EF,
    0x41CE, 0x6271, 0x8B13, 0x9B55, 0xA397, 0xA3B7, 0xABD7, 0xABD7, 0xABD7, 0xABD7, 0xABD7, 0xABD7,
    0xABD7, 0xABD7, 0xABD7, 0xABD7, 0xABD7, 0xABD7, 0xABD7, 0xABD7, 0xABD7, 0xABD7, 0xABD7, 0xABD7,
    0xABD7, 0xABD7, 0xABD7, 0xABB7, 0xABB7, 0xABD7, 0xA3D7, 0x93B6, 0x29CE, 0x19CE, 0x2250, 0x220F,
    0x21EF, 0x19CE, 0x19EF, 0x2210, 0x2231, 0x2210, 0x21EF, 0x29AE, 0x31AD, 0x39CE, 0x41CE, 0x41CE,
    0x39CE, 0x41EE, 0x49EF, 0x41EF, 0x39CE, 0x29CE, 0x29CE, 0x21AE, 0x19AD, 0x19AD, 0x19AD, 0x19CD,
    0x21CD, 0x19CD, 0x21CD, 0x21CE, 0x220F, 0x21EF, 0x19CD, 0x11AD, 0x19EE, 0x2A50, 0x2230, 0x220F,
    0x19CE, 0x19CD, 0x19CE, 0x2210, 0x1A0F, 0x19AD, 0x19EE, 0x220F, 0x19EF, 0x220F, 0x2230, 0x19CE,
    0x19AD, 0x11CD, 0x19AD, 0x19AD, 0x19AD, 0x19AD, 0x21AD, 0x39CE, 0x31CE, 0x218C, 0x21AD, 0x21AD,
    0x29EE, 0x29CE, 0x21CD, 0x29ED, 0x39EE, 0x6250, 0x6AB1, 0x62B1, 0x19CD, 0x11CD, 0x19CD, 0x31EE,
    0x422E, 0x4A4F, 0x4A4F, 0x4A6F, 0x3A2F, 0x322F, 0x320F, 0x3A2F, 0x4A4F, 0x7AD1, 0xABB4, 0xBC35,
    0x4A8F, 0x5AF1, 0x7313, 0xABB3, 0xB3F2, 0x8351, 0x9B92, 0xAB92, 0xB3D3, 0x7B12, 0x19AF, 0x3230,
    0x4A90, 0x7B12, 0x8B51, 0xA3B1, 0xBBD2, 0xBC13, 0xC413, 0xDC34, 0xEC55, 0xEC75, 0xEC55, 0xEC74,
    0xEC74, 0xEC95, 0xFCF4, 0xEC94, 0xEC94, 0xF4D4, 0xF4B4, 0xF4D4, 0xF4D4, 0xF514, 0xFD34, 0xF4D4,
    0xF4D5, 0xFD14, 0xFD13, 0xF513, 0xF534, 0xFD54, 0xF574, 0xF593, 0xF5D3, 0xFDF4, 0xFDD4, 0xFD95,
    0xF4B5, 0xEC95, 0xECB4, 0xF554, 0xF534, 0xF4B5, 0xF4B5, 0xF4B5, 0xF4D5, 0xF4F5, 0xF514, 0xF534,
    0xFD94, 0xFE73, 0xFE73, 0xFEB4, 0xF7DD, 0xF7FD, 0xF7FD, 0xF7FD, 0xF7FD, 0xF7FD, 0xF7FE, 0xF7FE,
    0xF7FE, 0xF7FE, 0xF7FE, 0xF7FD, 0xF7FD, 0xF7FD, 0xF7FD, 0xF7FE, 0xF7FE, 0xF7FD, 0xF7FD, 0xF77C,
    0xF6F9, 0xEDB5, 0xF5B5, 0xF595, 0xFD75, 0xF555, 0xF514, 0xF515, 0xF515, 0xF514, 0xF514, 0xF515,
    0xF4F4, 0xF534, 0xF554, 0xF534, 0xF534, 0xF4D5, 0xF516, 0xED75, 0xF595, 0xF575, 0xF556, 0xF536,
    0xF535, 0xF555, 0xED14, 0xF4F5, 0xECD5, 0xEC95, 0xEC95, 0xEC95, 0xEC75, 0xEC75, 0xEC95, 0xEC95,
    0xEC95, 0xF4D5, 0xF535, 0xF515, 0xF4F5, 0xEC95, 0xEC95, 0xEC75, 0xEC76, 0xEC76, 0xEC76, 0xEC76,
    0xEC76, 0xEC76, 0xEC76, 0xEC76, 0xEC76, 0xE4F7, 0xE598, 0xE598, 0xE5B8, 0xE5D8, 0xEE59, 0xF679,
    0xECD5, 0xECB5, 0xEC95, 0xE476, 0xEC96, 0xEC95, 0xE496, 0xD495, 0x59EA, 0x9330, 0xED19, 0x622B,
    0x3968, 0x08A4, 0x00A4, 0x00A4, 0x00A4, 0x0084, 0x0084, 0x00A4, 0x00A4, 0x00A4, 0x00A4, 0x0084,
    0x00A4, 0x00A4, 0x00A4, 0x00A4, 0x00A4, 0x00A4, 0x00A4, 0x00A4, 0xABB7, 0xABB7, 0xA3D7, 0xA3D7,
    0x9BB7, 0x8B76, 0x8376, 0x8356, 0x8B77, 0x62D3, 0x198E, 0x21CF, 0x29EF, 0x4210, 0x31AF, 0x218D,
    0x198D, 0x198D, 0x198C, 0x39CD, 0x39ED, 0x198C, 0x49EE, 0x720F, 0x620E, 0x72D2, 0x8B35, 0x9356,
    0x9B77, 0xA3B7, 0xA3B6, 0xABB7, 0xABB7, 0xABD7, 0xABD7, 0xABD7, 0xABD7, 0xABD7, 0xABD7, 0xABD7,
    0xABD7, 0xABD7, 0xABD7, 0xABD7, 0xABD7, 0xABD7, 0xABD7, 0xABD7, 0xABD7, 0xABD7, 0xABD7, 0xA3B7,
    0xA3D7, 0xABD7, 0x9396, 0x7314, 0x21CE, 0x19CE, 0x2230, 0x19CE, 0x19CE, 0x19CE, 0x220F, 0x2251,
    0x2251, 0x220F, 0x19AE, 0x29AE, 0x29CE, 0x39CE, 0x39CE, 0x39CE, 0x39CE, 0x41EE, 0x41EF, 0x49EF,
    0x41EE, 0x39EE, 0x39CE, 0x31CE, 0x29AD, 0x21CD, 0x19AD, 0x19CD, 0x19CD, 0x21CD, 0x19AD, 0x19AD,
    0x220F, 0x21EE, 0x19AD, 0x19CE, 0x19EF, 0x2230, 0x220F, 0x19CE, 0x19CD, 0x19CD, 0x19CE, 0x19EE,
    0x19EF, 0x19CD, 0x19CE, 0x19EE, 0x19CF, 0x220F, 0x2230, 0x21CE, 0x19AD, 0x11AD, 0x11AD, 0x19AD,
    0x19AD, 0x21AD, 0x21AD, 0x21AD, 0x21AD, 0x19AC, 0x19AD, 0x198D, 0x21AD, 0x29AD, 0x31CD, 0x39EE,
    0x422E, 0x520E, 0x6290, 0x6A91, 0x29CD, 0x21CD, 0x19CD, 0x3A4F, 0x4270, 0x5290, 0x4A70, 0x4A4F,
    0x31ED, 0x31EE, 0x39EE, 0x41EF, 0x4A0E, 0x51CE, 0x8AD1, 0xA373, 0x3A0F, 0x4A90, 0x5B12, 0x7352,
    0x8B51, 0x9351, 0x8351, 0x7B32, 0xBBD3, 0x8B30, 0x31EE, 0x2A0F, 0x6B10, 0xE556, 0x9B70, 0x5A4C,
    0x624C, 0x82EE, 0xABD0, 0xC434, 0xDC56, 0xE455, 0xE455, 0xEC75, 0xEC55, 0xEC75, 0xF4B4, 0xEC74,
    0xEC94, 0xF4D4, 0xF4B4, 0xF4B5, 0xF4B4, 0xF4F4, 0xF4F4, 0xF4D4, 0xF4D4, 0xF4D5, 0xF4F4, 0xF514,
    0xF534, 0xF534, 0xF554, 0xF573, 0xF593, 0xFDB4, 0xFDD4, 0xFDD4, 0xF4D5, 0xECB5, 0xECB5, 0xF534,
    0xF514, 0xF4B5, 0xF4B5, 0xF4B5, 0xF4D5, 0xF4F5, 0xF514, 0xF534, 0xFD94, 0xFE34, 0xFE53, 0xFEB5,
    0xF7DD, 0xF7FD, 0xF7FD, 0xF7FD, 0xF7FD, 0xF7FD, 0xF7FE, 0xF7FE, 0xF7FE, 0xF7FE, 0xF7FE, 0xF7FD,
    0xF7FD, 0xF7FD, 0xF7FD, 0xF7FE, 0xF7FE, 0xF7FD, 0xF7FD, 0xEE78, 0xF5D6, 0xF596, 0xF595, 0xF595,
    0xF514, 0xF515, 0xF515, 0xF4F5, 0xF4F5, 0xF4F5, 0xECD5, 0xECD5, 0xF4F4, 0xF555, 0xFD95, 0xFD75,
    0xFD56, 0xF4D5, 0xF556, 0xF596, 0xF515, 0xF515, 0xF536, 0xECF5, 0xF515, 0xFD76, 0xF535, 0xECD5,
    0xF4D5, 0xF4B5, 0xF4B6, 0xEC95, 0xEC95, 0xEC95, 0xEC95, 0xEC95, 0xECD5, 0xF4F5, 0xF515, 0xF4F5,
    0xF4D5, 0xEC95, 0xEC75, 0xEC75, 0xEC75, 0xEC76, 0xEC76, 0xEC76, 0xEC76, 0xEC76, 0xEC76, 0xEC96,
    0xE455, 0xEE19, 0xF7FF, 0xFFDE, 0xFFBE, 0xF73C, 0xEDD8, 0xECD5, 0xF4D5, 0xECB5, 0xEC95, 0xE496,
    0xE496, 0xEC95, 0xECB6, 0xE4B6, 0xECD7, 0xD476, 0xB3D3, 0xD4D7, 0xB454, 0x0884, 0x00A4, 0x00A4,
    0x00A4, 0x0084, 0x0084, 0x00A4, 0x00A4, 0x0084, 0x0084, 0x0084, 0x00A4, 0x0084, 0x0084, 0x00A4,
    0x00A4, 0x00A4, 0x00A4, 0x00A4, 0xA3B6, 0xABB6, 0xABB6, 0xABD7, 0xA3B6, 0x8B55, 0x8376, 0x8356,
    0x8B77, 0x6AD4, 0x29AE, 0x5AB2, 0x62F3, 0x6B14, 0x4A50, 0x196C, 0x19AD, 0x198D, 0x218C, 0x41AD,
    0x41ED, 0x21CD, 0x29AC, 0x49AD, 0x8AB0, 0x9314, 0x8B77, 0x8B76, 0x9377, 0x9B97, 0x9BB7, 0xA3B7,
    0xA3B6, 0xA3D6, 0xABD7, 0xABD7, 0xABD7, 0xABD7, 0xABD7, 0xABD7, 0xABD7, 0xABD7, 0xABD7, 0xABD7,
    0xABD7, 0xABD7, 0xABD7, 0xABD7, 0xABD7, 0xABD7, 0xABB7, 0xA3D7, 0x9BB6, 0xA3B7, 0x7AF4, 0x4A10,
    0x19AD, 0x19CE, 0x220F, 0x19CF, 0x19CE, 0x19CE, 0x222F, 0x2251, 0x1A50, 0x220F, 0x21AE, 0x29CE,
    0x29EE, 0x29CD, 0x29AD, 0x31AD, 0x39EE, 0x41EE, 0x41CE, 0x41EE, 0x41CE, 0x41CE, 0x41CE, 0x41CE,
    0x39CE, 0x29CD, 0x19AD, 0x19CD, 0x19AD, 0x19AD, 0x19AD, 0x19CD, 0x19CE, 0x19CD, 0x19AE, 0x2230,
    0x2230, 0x2231, 0x220F, 0x11CD, 0x19CD, 0x19CE, 0x19CD, 0x220F, 0x220F, 0x19CD, 0x19CD, 0x19CE,
    0x2230, 0x220F, 0x19EE, 0x19AD, 0x198D, 0x198D, 0x198D, 0x218C, 0x29AD, 0x29AD, 0x21CD, 0x21CD,
    0x21AD, 0x21AD, 0x298D, 0x298D, 0x29AC, 0x31CD, 0x39EE, 0x4A0E, 0x4A2E, 0x39AD, 0x4A0E, 0x5A4F,
    0x422F, 0x320E, 0x19CC, 0x21CD, 0x29ED, 0x4A4F, 0x422F, 0x420E, 0x31CD, 0x3A0E, 0x520F, 0x59EF,
    0x5A0F, 0x59EF, 0x724F, 0x7AB0, 0x3A0F, 0x4290, 0x52D1, 0x3A71, 0x52B0, 0xA3B3, 0x72F0, 0x5A8F,
    0xC413, 0xB391, 0x7AAE, 0x422F, 0x5AF1, 0xCCF5, 0x8391, 0x528E, 0x522D, 0x93F1, 0xE5D6, 0xD495,
    0xD436, 0xDC55, 0xE455, 0xE455, 0xE455, 0xEC55, 0xEC94, 0xEC94, 0xEC94, 0xF4B3, 0xEC94, 0xF495,
    0xEC94, 0xF4B4, 0xF4F4, 0xF4F4, 0xF4D4, 0xEC94, 0xF4B4, 0xF4F4, 0xF534, 0xF534, 0xF534, 0xF554,
    0xF554, 0xF574, 0xFDB4, 0xF5F4, 0xECF4, 0xECB4, 0xECB5, 0xF515, 0xF4F4, 0xF4B5, 0xF4B5, 0xF4B5,
    0xF4D5, 0xF4F5, 0xF514, 0xF534, 0xF574, 0xFE14, 0xFE33, 0xFEB5, 0xF7BC, 0xEFDD, 0xF7FD, 0xF7FD,
    0xF7FD, 0xF7FD, 0xF7FE, 0xF7FE, 0xF7FE, 0xF7FE, 0xF7FE, 0xF7FD, 0xF7FD, 0xF7FD, 0xF7FD, 0xF7DD,
    0xF7DD, 0xFF9D, 0xFF9D, 0xF617, 0xFD76, 0xF555, 0xFD75, 0xFD75, 0xF515, 0xF4F5, 0xF4F5, 0xF4F5,
    0xF4F5, 0xF4F5, 0xF4F5, 0xF4F4, 0xF515, 0xF534, 0xF554, 0xF535, 0xF516, 0xF4D6, 0xF555, 0xF575,
    0xF4F5, 0xF4F5, 0xF4D5, 0xF4D5, 0xF4D5, 0xF515, 0xF4F5, 0xF4D5, 0xF4D5, 0xF4B5, 0xF495, 0xEC95,
    0xEC95, 0xF495, 0xEC95, 0xEC95, 0xF4F5, 0xF515, 0xF515, 0xECD5, 0xECB5, 0xEC75, 0xEC75, 0xEC75,
    0xEC75, 0xEC76, 0xEC76, 0xEC76, 0xEC76, 0xEC76, 0xEC76, 0xEC96, 0xEC55, 0xEE19, 0xF7FE, 0xF7DD,
    0xF73C, 0xE536, 0xF536, 0xF4D6, 0xEC95, 0xEC95, 0xEC95, 0xEC96, 0xE496, 0xE495, 0xEC96, 0xE476,
    0xECD7, 0x8AEF, 0x1064, 0xB414, 0xAC13, 0x0084, 0x0084, 0x0084, 0x0084, 0x0084, 0x0084, 0x00A4,
    0x0084, 0x0884, 0x0884, 0x0884, 0x1085, 0x0884, 0x0084, 0x00A4, 0x00A4, 0x00A4, 0x00A4, 0x00A4,
    0xABB6, 0xA3B6, 0xA3D6, 0xABB6, 0xA3B6, 0x8B56, 0x8B77, 0x8B56, 0x8B56, 0x8356, 0x7315, 0x8356,
    0x7314, 0x4A51, 0x31EF, 0x198C, 0x198C, 0x198C, 0x216C, 0x41CD, 0x49CD, 0x21AD, 0x31EE, 0x5A50,
    0x9B32, 0x9334, 0x8B56, 0x8B56, 0x8B76, 0x9396, 0x9B96, 0x9B97, 0x9B96, 0x9BB6, 0xABD6, 0xABB6,
    0xABD6, 0xABD6, 0xABB7, 0xABD7, 0xABD7, 0xABD7, 0xABD7, 0xABD7, 0xABD7, 0xABD7, 0xA3B6, 0xA3B6,
    0xABD7, 0xABD7, 0xA3D7, 0x9396, 0x9375, 0xABD7, 0x6AD3, 0x29AE, 0x21CE, 0x19CD, 0x19CE, 0x2210,
    0x220F, 0x19CF, 0x1A10, 0x2250, 0x2230, 0x21EF, 0x21CD, 0x29EE, 0x29CE, 0x29CD, 0x29AD, 0x29AD,
    0x29AD, 0x31CE, 0x41CE, 0x41CE, 0x41EE, 0x41CE, 0x41CE, 0x41CE, 0x39CE, 0x29CD, 0x19AD, 0x19AD,
    0x19AD, 0x19AD, 0x19AD, 0x19AD, 0x19CD, 0x19CE, 0x19AD, 0x2230, 0x2230, 0x2210, 0x19EE, 0x19CD,
    0x11AD, 0x19EE, 0x2230, 0x21EE, 0x21CE, 0x19AD, 0x21AD, 0x29AE, 0x2210, 0x21EF, 0x11CD, 0x198D,
    0x21AD, 0x41EF, 0x49CE, 0x49CE, 0x6A2F, 0x520E, 0x21AD, 0x218D, 0x218D, 0x29CD, 0x31AD, 0x418D,
    0x41AD, 0x31AD, 0x29AC, 0x29AC, 0x29AD, 0x298D, 0x31AE, 0x31AD, 0x29AD, 0x21AC, 0x19CC, 0x19CD,
    0x21CD, 0x29CD, 0x420E, 0x526F, 0x29CD, 0x31CD, 0x41AE, 0x41CE, 0x49EF, 0x5A0F, 0x6A50, 0x7270,
    0x4A2E, 0x322F, 0x222F, 0x2210, 0x4270, 0x8331, 0xA3D3, 0xB434, 0x8AEF, 0xA370, 0xE473, 0x5A2F,
    0x4A0D, 0x7B2F, 0x528F, 0x3A2E, 0x524F, 0x72EF, 0x936F, 0xBBF3, 0xD456, 0xDC55, 0xE455, 0xEC75,
    0xEC75, 0xEC75, 0xEC74, 0xF4B4, 0xF4D4, 0xF4F4, 0xF4D4, 0xEC75, 0xEC74, 0xF494, 0xF4D5, 0xF4F4,
    0xFCD4, 0xEC94, 0xECB5, 0xF4D4, 0xF514, 0xF534, 0xF534, 0xF534, 0xF534, 0xF554, 0xFDB4, 0xFDF4,
    0xF534, 0xECD4, 0xF4B5, 0xECD5, 0xF4D5, 0xF4B5, 0xF4B5, 0xECB4, 0xF4B5, 0xF4F5, 0xF514, 0xF534,
    0xF574, 0xFD94, 0xFDF4, 0xFE76, 0xFFDD, 0xFFFE, 0xFFFE, 0xF7DD, 0xF7FD, 0xEFFD, 0xF7FD, 0xF7FD,
    0xF7FD, 0xF7FD, 0xF7FD, 0xEFBD, 0xEFBC, 0xF7FD, 0xEF3B, 0xE6B9, 0xE6FA, 0xEE78, 0xF5F7, 0xF5B6,
    0xF535, 0xED15, 0xF535, 0xFD35, 0xF515, 0xF4F5, 0xF4F5, 0xF4D5, 0xF515, 0xF555, 0xFD35, 0xFD55,
    0xFD75, 0xFD76, 0xFD75, 0xF515, 0xF4F6, 0xECD5, 0xF4F5, 0xF515, 0xECD5, 0xF4D5, 0xF4D5, 0xF4D5,
    0xF4D5, 0xF4D5, 0xF4D5, 0xF4D5, 0xF4B5, 0xEC95, 0xEC95, 0xEC95, 0xEC95, 0xEC95, 0xEC75, 0xEC95,
    0xF4D5, 0xF4F5, 0xF4F5, 0xECB4, 0xEC95, 0xEC95, 0xEC75, 0xEC76, 0xEC76, 0xEC76, 0xEC76, 0xEC76,
    0xEC76, 0xEC76, 0xEC76, 0xEC96, 0xEC55, 0xEDF9, 0xF7FE, 0xEFDD, 0xF73C, 0xF516, 0xF516, 0xF515,
    0xECD5, 0xECB6, 0xECB6, 0xEC96, 0xEC76, 0xEC75, 0xEC96, 0xE476, 0x4927, 0x18A5, 0x08C4, 0x3127,
    0x3107, 0x00A4, 0x00A4, 0x00A4, 0x00A4, 0x00A4, 0x00A4, 0x00A4, 0x0084, 0x0884, 0x0864, 0x0884,
    0x9BD3, 0x6ACE, 0x0043, 0x00A4, 0x00C4, 0x0084, 0x00A4, 0x00A4, 0xA3B6, 0x9333, 0x7A90, 0x9B75,
    0xA3B7, 0x8B56, 0x8B56, 0x8356, 0x8B36, 0x8B56, 0x8356, 0x7B15, 0x5AB2, 0x29AE, 0x21AD, 0x19AD,
    0x320E, 0x29CD, 0x216C, 0x51CC, 0x51CD, 0x218D, 0x3A0F, 0x5A51, 0x8B12, 0x8B34, 0x8336, 0x8335,
    0x8356, 0x9376, 0x9376, 0x9B96, 0x9B97, 0x9B96, 0xA3B6, 0xAB95, 0xAB95, 0xABB5, 0xABB6, 0xABD7,
    0xABD7, 0xABD7, 0xABD7, 0xABD7, 0xABD7, 0xABD7, 0xA3B6, 0x9B96, 0xABD7, 0xABB6, 0xA3B6, 0x82F4,
    0x72D3, 0x7AD3, 0x4A30, 0x19AD, 0x19CD, 0x19CD, 0x19CE, 0x2210, 0x2230, 0x1A10, 0x1A10, 0x1A30,
    0x2230, 0x220F, 0x21CE, 0x29EE, 0x29CE, 0x29AD, 0x29AD, 0x29AD, 0x298D, 0x29AD, 0x31CE, 0x31CD,
    0x31AD, 0x39AE, 0x41CE, 0x41CE, 0x41CE, 0x31CE, 0x19AD, 0x19AD, 0x19AD, 0x19AD, 0x19AD, 0x19AD,
    0x19CD, 0x19CE, 0x220F, 0x2230, 0x2230, 0x2230, 0x19EE, 0x19CD, 0x19CD, 0x19EE, 0x2230, 0x19CE,
    0x21CE, 0x31EE, 0x420F, 0x4A10, 0x21EF, 0x19EE, 0x19AD, 0x29CE, 0x41CE, 0x620F, 0x620E, 0x59EE,
    0x820F, 0x61EE, 0x294C, 0x4A0E, 0x41EE, 0x216C, 0x41AD, 0x59AD, 0x59CE, 0x39AD, 0x298D, 0x21AD,
    0x218D, 0x19AD, 0x218D, 0x19AE, 0x19AD, 0x19AD, 0x19AD, 0x19CD, 0x21AD, 0x21AD, 0x31EE, 0x4A2F,
    0x29AD, 0x21CE, 0x29CE, 0x29CE, 0x31EE, 0x41EE, 0x622F, 0x7270, 0x7290, 0x5A91, 0x4270, 0x4291,
    0x52B1, 0x7B12, 0x9351, 0xA371, 0xBBF2, 0xC3F2, 0xCBF2, 0xB3D2, 0x8B30, 0x522C, 0x422E, 0x3A0F,
    0x5A6F, 0x8391, 0xB493, 0xC455, 0xDC56, 0xDC55, 0xE455, 0xEC75, 0xEC75, 0xEC75, 0xEC74, 0xF4B4,
    0xF4D3, 0xF4F3, 0xECD4, 0xEC74, 0xF495, 0xF494, 0xF4B4, 0xF4B4, 0xF4D4, 0xF4D4, 0xECD4, 0xECD4,
    0xF4F4, 0xF514, 0xF534, 0xF534, 0xF533, 0xF554, 0xF593, 0xF5B3, 0xF534, 0xF4F5, 0xEC95, 0xECB5,
    0xF4B5, 0xF4B5, 0xF4B5, 0xF4D5, 0xF4D5, 0xF4F5, 0xF514, 0xF534, 0xF554, 0xFD74, 0xFD54, 0xF575,
    0xE5F8, 0xE639, 0xE679, 0xEF9C, 0xF7FD, 0xF7DD, 0xF7DD, 0xF7FD, 0xF7FD, 0xF7FD, 0xF7FE, 0xF7FD,
    0xF7DD, 0xF7DE, 0xF79D, 0xF75C, 0xF77C, 0xEE79, 0xE596, 0xE596, 0xE5D7, 0xF6BA, 0xF596, 0xF4F5,
    0xF4D5, 0xF4F5, 0xF4F5, 0xF4F5, 0xF515, 0xFD96, 0xFD55, 0xF515, 0xF535, 0xF515, 0xF515, 0xF4F5,
    0xF4D5, 0xECB5, 0xF4D5, 0xF4F5, 0xECD5, 0xF4B5, 0xF4B5, 0xF4D5, 0xF4D5, 0xF4B5, 0xF4B5, 0xF4B5,
    0xEC95, 0xEC95, 0xEC75, 0xEC75, 0xEC75, 0xEC75, 0xEC75, 0xEC75, 0xEC95, 0xECB5, 0xECD5, 0xEC95,
    0xEC75, 0xEC75, 0xEC76, 0xEC76, 0xEC76, 0xEC76, 0xEC76, 0xEC76, 0xEC76, 0xEC76, 0xEC76, 0xEC96,
    0xEC55, 0xEDF9, 0xF7FE, 0xF7DD, 0xF73C, 0xECF6, 0xF4F5, 0xF4F5, 0xF4F6, 0xF4D6, 0xECB5, 0xEC96,
    0xEC75, 0xEC96, 0xCC34, 0xA391, 0x18C5, 0x0064, 0x00A4, 0x00A4, 0x0084, 0x00A4, 0x0084, 0x00A4,
    0x00A4, 0x00A4, 0x00A4, 0x00A4, 0x00A4, 0x0884, 0x0884, 0x1084, 0xBC56, 0x8B10, 0x0043, 0x0063,
    0x0043, 0x0084, 0x00A4, 0x00A4, 0x82B1, 0x7250, 0x61CD, 0x9333, 0xA3B6, 0x9376, 0x8B56, 0x8356,
    0x8376, 0x8336, 0x7315, 0x4A51, 0x31EE, 0x19AD, 0x198D, 0x218D, 0x62D3, 0x4A50, 0x196B, 0x724E,
    0x722E, 0x21AD, 0x29CE, 0x3A0F, 0x5AB1, 0x6AB2, 0x72D4, 0x7B35, 0x8356, 0x8B76, 0x9376, 0x9376,
    0x9B96, 0x9355, 0x8B13, 0xA374, 0xAB74, 0xAB95, 0xABB6, 0xABD7, 0xABD7, 0xABD7, 0xABD7, 0xABD7,
    0xABD7, 0xABD7, 0xA3B6, 0x9B96, 0xABD7, 0xABD7, 0xA3D7, 0x6A92, 0x5230, 0x5230, 0x31EF, 0x11AD,
    0x19CD, 0x19CD, 0x19CE, 0x2230, 0x2231, 0x1A30, 0x1A30, 0x1A30, 0x1A10, 0x21EF, 0x21AD, 0x21CE,
    0x29CD, 0x21AD, 0x218D, 0x298D, 0x298D, 0x29AD, 0x29CD, 0x21CD, 0x29AD, 0x39CE, 0x39CE, 0x41CE,
    0x49CE, 0x31CE, 0x21CD, 0x21CD, 0x19AD, 0x19AD, 0x19AD, 0x19AD, 0x19CD, 0x19EE, 0x2A30, 0x2231,
    0x2230, 0x2230, 0x1A0E, 0x19CD, 0x19EE, 0x19EE, 0x220F, 0x19CE, 0x21EE, 0x4A30, 0x6231, 0x6231,
    0x21CE, 0x19CE, 0x198D, 0x31CE, 0x41EE, 0x41CE, 0x41CD, 0x49AD, 0x7A0E, 0x720E, 0x51EE, 0x722E,
    0x722E, 0x59AD, 0x51AD, 0x41AC, 0x518D, 0x498D, 0x398D, 0x396C, 0x296C, 0x19AD, 0x198D, 0x19AD,
    0x19AD, 0x19AD, 0x11AD, 0x11AD, 0x19AD, 0x21CE, 0x29CE, 0x31CD, 0x29CE, 0x21EE, 0x21EE, 0x21EE,
    0x29EE, 0x39CE, 0x520F, 0x6A50, 0x7A90, 0x6270, 0x4A2F, 0x52D2, 0x52F2, 0x52B1, 0x8311, 0x9B50,
    0xCC13, 0xC412, 0x9B92, 0xDC94, 0xABD2, 0x31CC, 0x3A2E, 0x3A4F, 0x62D0, 0x8B91, 0xB452, 0xCC35,
    0xDC36, 0xDC55, 0xE455, 0xEC75, 0xEC75, 0xEC75, 0xEC74, 0xEC94, 0xF4D4, 0xF4F4, 0xF4D4, 0xF4B4,
    0xF4B4, 0xF4B4, 0xF4B4, 0xF4B4, 0xF4D4, 0xF515, 0xF534, 0xF514, 0xECD4, 0xF514, 0xF534, 0xF513,
    0xF533, 0xF534, 0xF593, 0xF5B4, 0xF514, 0xF4F4, 0xECB5, 0xEC95, 0xF495, 0xEC95, 0xF4B5, 0xF4B5,
    0xECB5, 0xECD5, 0xF4F4, 0xF4F4, 0xF534, 0xFD54, 0xF554, 0xF575, 0xEEB9, 0xEEFA, 0xEF1B, 0xEFBD,
    0xF7DD, 0xF7BD, 0xF7DD, 0xF7FD, 0xF7FD, 0xF7FD, 0xF7FD, 0xF7FE, 0xF7FE, 0xEFFD, 0xF7DD, 0xF7DD,
    0xF7FD, 0xF77C, 0xEEFB, 0xEEFB, 0xEF3B, 0xFFBD, 0xF699, 0xF5F8, 0xF515, 0xF515, 0xFD55, 0xFD56,
    0xF535, 0xF555, 0xF515, 0xECF4, 0xF515, 0xF4F5, 0xF4B5, 0xF4D5, 0xF4D5, 0xECB5, 0xECD5, 0xF4D5,
    0xF4B5, 0xF4B5, 0xECB5, 0xF4B5, 0xF4B5, 0xECB5, 0xECB5, 0xF4B5, 0xEC95, 0xEC75, 0xEC75, 0xEC75,
    0xEC75, 0xEC75, 0xEC75, 0xEC76, 0xEC76, 0xEC95, 0xECB5, 0xEC96, 0xEC76, 0xEC76, 0xEC76, 0xEC76,
    0xEC76, 0xEC76, 0xEC76, 0xEC76, 0xEC76, 0xEC76, 0xEC76, 0xEC96, 0xE455, 0xEE19, 0xFFFF, 0xF6BA,
    0xEDB8, 0xF4D6, 0xF4F6, 0xF4F5, 0xECB5, 0xECB5, 0xEC95, 0xEC76, 0xE475, 0xF4B7, 0x9B0F, 0x3167,
    0x10E5, 0x00A4, 0x00A4, 0x0085, 0x00A4, 0x00A4, 0x00A4, 0x00A4, 0x00A4, 0x00A4, 0x00A4, 0x0063,
    0x0063, 0x0084, 0x0884, 0x1084, 0xBC15, 0x82F0, 0x0023, 0x628D, 0x522C, 0x0063, 0x00A4, 0x00A4,
    0x61ED, 0x61ED, 0x61CC, 0x9313, 0xAB96, 0x9B76, 0x9376, 0x8355, 0x72F5, 0x62B3, 0x4250, 0x21CE,
    0x198D, 0x19AD, 0x21CE, 0x320F, 0x8355, 0x5A91, 0x194B, 0x928F, 0x9290, 0x29CE, 0x29CE, 0x31CE,
    0x39EF, 0x5A71, 0x82D2, 0x6AD3, 0x72F4, 0x8376, 0x9376, 0x9376, 0x9B96, 0x8B55, 0x82D2, 0x9B33,
    0xAB53, 0xBB74, 0xB395, 0xABD6, 0xABB7, 0xABB7, 0xA3D7, 0xABD7, 0xABD7, 0xABD7, 0x9375, 0x8314,
    0xABB7, 0x9B76, 0x82F4, 0x5230, 0x39EF, 0x3210, 0x21CE, 0x19AD, 0x19CD, 0x19AD, 0x19AD, 0x1A10,
    0x1A31, 0x1A10, 0x1A30, 0x1A10, 0x19EE, 0x21CE, 0x21CD, 0x21AD, 0x21AD, 0x21AD, 0x21AD, 0x21AD,
    0x29AD, 0x21AD, 0x21AD, 0x19AD, 0x21CD, 0x29CD, 0x31CD, 0x39EE, 0x49CF, 0x39CE, 0x31AD, 0x21AD,
    0x19AD, 0x19AD, 0x19AD, 0x19AD, 0x19CE, 0x19CE, 0x21EF, 0x2230, 0x2230, 0x1A0F, 0x19EE, 0x19AD,
    0x19EE, 0x19EE, 0x19EE, 0x21EE, 0x29CE, 0x4210, 0x6211, 0x6A31, 0x39CF, 0x21CE, 0x19AD, 0x29AD,
    0x29AD, 0x218D, 0x31AD, 0x398D, 0x69EE, 0x69EE, 0x59EE, 0x69CD, 0x7A0E, 0x8A4F, 0x6A0E, 0x51ED,
    0x69CD, 0x69CD, 0x69EE, 0x69EE, 0x59CD, 0x198D, 0x19AD, 0x19AD, 0x19AD, 0x19AD, 0x19AD, 0x19AD,
    0x21CE, 0x220F, 0x21EE, 0x21CE, 0x21EE, 0x21EE, 0x21EE, 0x29EF, 0x29EF, 0x29CE, 0x41EF, 0x520F,
    0x6A2F, 0x522F, 0x420E, 0x3A70, 0x3A91, 0x3271, 0x7311, 0x9372, 0xB3B2, 0xA371, 0x7B10, 0xD453,
    0xABB2, 0x21CD, 0x3A2F, 0x4290, 0x7331, 0x8B71, 0x9B91, 0xC3F4, 0xDC56, 0xDC55, 0xE455, 0xE475,
    0xE475, 0xEC75, 0xEC75, 0xEC75, 0xECB4, 0xF4B4, 0xF4D4, 0xF4D4, 0xF4D4, 0xF4D4, 0xF4D4, 0xF4D4,
    0xF4F4, 0xF534, 0xF573, 0xF574, 0xF534, 0xF514, 0xF4F4, 0xFD14, 0xFD33, 0xF514, 0xFD74, 0xFD94,
    0xF534, 0xECF5, 0xECB5, 0xECB5, 0xEC95, 0xEC95, 0xECB4, 0xECB5, 0xEC95, 0xF4B5, 0xF4B5, 0xF4B5,
    0xF4F5, 0xF554, 0xF574, 0xF5D6, 0xFFFD, 0xF7FD, 0xF7FE, 0xF7FD, 0xF7FD, 0xF7BC, 0xF7DD, 0xF7FE,
    0xF7FD, 0xF7FE, 0xF7FE, 0xF7FE, 0xF7FE, 0xF7FE, 0xF7FE, 0xF7FE, 0xF7DE, 0xF7FE, 0xF7FE, 0xF7FE,
    0xFFFE, 0xF7FE, 0xF6DA, 0xF638, 0xF535, 0xF515, 0xF556, 0xFD56, 0xF535, 0xF4F5, 0xF4D5, 0xF4B5,
    0xF4F5, 0xF4B5, 0xEC95, 0xF4B6, 0xF4D6, 0xEC96, 0xF4D5, 0xF4D5, 0xF4D5, 0xF4B5, 0xEC95, 0xF4B5,
    0xF4B5, 0xEC95, 0xEC95, 0xF495, 0xEC95, 0xEC75, 0xEC75, 0xEC75, 0xEC75, 0xEC75, 0xEC75, 0xEC75,
    0xEC75, 0xEC75, 0xEC76, 0xEC76, 0xEC76, 0xEC76, 0xEC76, 0xEC76, 0xEC76, 0xEC76, 0xEC76, 0xEC76,
    0xEC76, 0xEC76, 0xEC76, 0xE496, 0xE475, 0xE5B8, 0xF71B, 0xED96, 0xECD5, 0xECB6, 0xECD5, 0xECD5,
    0xECB5, 0xECB5, 0xEC95, 0xEC76, 0xEC76, 0xFCF9, 0x7A6C, 0x0001, 0x08A5, 0x00A5, 0x00A4, 0x00A4,
    0x00A4, 0x00A5, 0x00A4, 0x00A4, 0x00A4, 0x00A4, 0x0084, 0x39C9, 0x41C9, 0x0084, 0x08A4, 0x08A4,
    0xC436, 0x8B10, 0x0001, 0xB415, 0x9392, 0x0043, 0x00A4, 0x00A4, 0x61AC, 0x69ED, 0x61EC, 0x8AF2,
    0x9B54, 0x9314, 0x9B75, 0x9375, 0x5A72, 0x4210, 0x196C, 0x21AE, 0x21AE, 0x198C, 0x4230, 0x6AF3,
    0x8355, 0x5A91, 0x194B, 0x928F, 0x9A6F, 0x39EE, 0x320F, 0x3A0F, 0x29AE, 0x5A50, 0x8B12, 0x5A71,
    0x5272, 0x7334, 0x8B55, 0x9376, 0x8B55, 0x8334, 0x82F2, 0x9312, 0xA312, 0xBB72, 0xB394, 0xB3B6,
    0xABB6, 0xA3B7, 0x9B96, 0xA3B6, 0xABB6, 0xABD7, 0x7AF3, 0x6271, 0xA3B7, 0x8314, 0x49CF, 0x31EF,
    0x29CF, 0x21EF, 0x19CE, 0x19AD, 0x19CD, 0x19CD, 0x19AE, 0x1A10, 0x1A10, 0x1A0F, 0x1A10, 0x19EF,
    0x19AE, 0x21CE, 0x21CE, 0x19AD, 0x19AD, 0x21AD, 0x19AD, 0x19AD, 0x21CD, 0x21CD, 0x19AD, 0x19CE,
    0x21CE, 0x21AD, 0x29CD, 0x39CE, 0x41EE, 0x39CE, 0x39AE, 0x21CD, 0x19AD, 0x19AD, 0x19AD, 0x19CD,
    0x19CE, 0x19CE, 0x19AE, 0x2230, 0x2230, 0x11CE, 0x19CE, 0x19CE, 0x19CE, 0x19CE, 0x19CE, 0x29CE,
    0x31CE, 0x31AE, 0x49CF, 0x61D0, 0x6231, 0x41CF, 0x19AD, 0x21AD, 0x19AD, 0x218C, 0x29AC, 0x31AD,
    0x41CD, 0x41AD, 0x318C, 0x518C, 0x69CD, 0x822F, 0x7A2E, 0x7A2E, 0x922F, 0x9A4F, 0xA26F, 0x9A6F,
    0x724E, 0x218D, 0x19AD, 0x19AD, 0x19AD, 0x19AD, 0x19AD, 0x21CD, 0x21CE, 0x21EE, 0x21EE, 0x21EE,
    0x21EE, 0x21EE, 0x29EF, 0x2A0F, 0x29EF, 0x29CE, 0x31CE, 0x39CE, 0x51EE, 0x4A4F, 0x4A70, 0x2A0E,
    0x220E, 0x2A30, 0x5AF1, 0x7B32, 0x9372, 0x8B31, 0x6A8E, 0xC3D2, 0xA392, 0x3A2E, 0x4270, 0x4A90,
    0x7B10, 0x9B90, 0xABD0, 0xCC34, 0xDC55, 0xDC55, 0xE455, 0xE475, 0xE475, 0xEC75, 0xEC75, 0xEC75,
    0xEC74, 0xEC74, 0xEC94, 0xF4B4, 0xF4D4, 0xF4B4, 0xF4B4, 0xF4B4, 0xF4D4, 0xF534, 0xF553, 0xFD74,
    0xFD94, 0xF514, 0xF4B4, 0xF514, 0xFD13, 0xF4F4, 0xF533, 0xF553, 0xF574, 0xF515, 0xECB5, 0xECB5,
    0xEC95, 0xEC95, 0xEC95, 0xEC95, 0xEC95, 0xEC95, 0xEC95, 0xEC95, 0xECD4, 0xF554, 0xF554, 0xF5B6,
    0xF7BC, 0xF7DD, 0xF7DD, 0xF7FD, 0xF7DD, 0xF77C, 0xF7BD, 0xF7FE, 0xF7FD, 0xF7FE, 0xF7FE, 0xF7FE,
    0xF7FE, 0xF7FE, 0xF7FE, 0xF7FE, 0xF7FE, 0xF7DD, 0xF7DD, 0xF7FD, 0xF7BD, 0xF7DD, 0xF659, 0xED76,
    0xF535, 0xF515, 0xF4F5, 0xF4F5, 0xECF5, 0xF4D5, 0xF4D5, 0xF4B5, 0xF4B5, 0xEC95, 0xEC95, 0xF496,
    0xF4B6, 0xEC95, 0xECB5, 0xF4D5, 0xF4B5, 0xF4B5, 0xEC95, 0xEC95, 0xEC95, 0xEC75, 0xEC75, 0xEC95,
    0xEC95, 0xEC95, 0xEC75, 0xEC75, 0xEC75, 0xEC75, 0xEC75, 0xEC75, 0xEC75, 0xEC75, 0xEC76, 0xEC76,
    0xEC76, 0xEC76, 0xEC76, 0xEC76, 0xEC76, 0xEC76, 0xEC76, 0xEC76, 0xEC76, 0xEC76, 0xEC76, 0xE496,
    0xEC75, 0xE4F6, 0xE556, 0xED35, 0xECD5, 0xEC95, 0xECB5, 0xECD5, 0xF516, 0xF4D5, 0xEC75, 0xEC96,
    0xDC55, 0xC3F3, 0x6A4C, 0x08A4, 0x08A4, 0x00A5, 0x00A4, 0x00A4, 0x00A4, 0x00A5, 0x00A4, 0x00A4,
    0x0084, 0x0084, 0x0043, 0x9BD2, 0xA3F3, 0x0043, 0x08A4, 0x08A4, 0x9352, 0x7ACF, 0x2926, 0xC3F4,
    0x9351, 0x0063, 0x00A4, 0x00A4, 0x720D, 0x71ED, 0x69ED, 0x6A0E, 0x724F, 0x8AF2, 0x9B75, 0x9B96,
    0x6292, 0x4A30, 0x218D, 0x218D, 0x21AE, 0x29AE, 0x5A72, 0x8336, 0x8355, 0x5A91, 0x194B, 0x926E,
    0x9A8F, 0x420F, 0x3A30, 0x3A30, 0x31EF, 0x4A50, 0x6A91, 0x4A50, 0x4A51, 0x5251, 0x72F4, 0x8B56,
    0x72B3, 0x72B2, 0x7AD2, 0x9312, 0xA332, 0xB353, 0xB373, 0xB395, 0xABB6, 0x9B75, 0x7AD2, 0x9B75,
    0xABB6, 0xABB7, 0x72B2, 0x5250, 0x9376, 0x7AD3, 0x39CF, 0x29CE, 0x21AE, 0x21EF, 0x19CE, 0x19AD,
    0x19CD, 0x19CD, 0x19CE, 0x19EF, 0x19EF, 0x19CE, 0x19EF, 0x19EF, 0x19AE, 0x19AD, 0x19AD, 0x19AD,
    0x19AD, 0x19AD, 0x19AD, 0x19CD, 0x19AD, 0x19CD, 0x19EE, 0x222F, 0x220F, 0x21AD, 0x21AD, 0x29AD,
    0x31AD, 0x39AE, 0x39AE, 0x29CD, 0x19CD, 0x19AD, 0x19AD, 0x19CD, 0x21EF, 0x19EE, 0x19AD, 0x1A0F,
    0x220F, 0x19EF, 0x19EE, 0x19CE, 0x19AD, 0x19AD, 0x21CE, 0x29CE, 0x31CE, 0x31CE, 0x39CF, 0x49AF,
    0x6A52, 0x59F0, 0x39AE, 0x29AD, 0x198C, 0x198C, 0x21AC, 0x21AC, 0x21AC, 0x298D, 0x218C, 0x39AD,
    0x51CD, 0x51ED, 0x5A0D, 0x59ED, 0x71AD, 0x89ED, 0x9A4E, 0x89ED, 0x69CC, 0x218D, 0x19AD, 0x19AD,
    0x19AD, 0x19AD, 0x19AD, 0x19AD, 0x19AD, 0x19AE, 0x21CE, 0x21EE, 0x21EE, 0x21EE, 0x2A0F, 0x29EF,
    0x29EF, 0x29EF, 0x29CE, 0x31CE, 0x39CD, 0x4A0F, 0x5270, 0x2A2F, 0x222E, 0x2A2F, 0x4A91, 0x52F1,
    0x6B31, 0x6B31, 0x6AF0, 0xB391, 0xA371, 0x72F0, 0x5AB0, 0x4A4F, 0x7ACE, 0x9B50, 0xB3F1, 0xCC34,
    0xDC56, 0xDC55, 0xE455, 0xE475, 0xE475, 0xE475, 0xE475, 0xE475, 0xEC75, 0xEC75, 0xEC75, 0xEC94,
    0xF4B5, 0xF4B5, 0xF4B4, 0xF4B4, 0xF4D5, 0xF4F4, 0xF534, 0xF554, 0xF594, 0xF514, 0xF4B4, 0xF4F4,
    0xF4F4, 0xF514, 0xF534, 0xF533, 0xF574, 0xFD54, 0xF534, 0xECB5, 0xEC95, 0xEC95, 0xEC95, 0xEC95,
    0xEC95, 0xEC95, 0xEC95, 0xEC95, 0xECD5, 0xF534, 0xF554, 0xF5B6, 0xF7BD, 0xF7DD, 0xF7DD, 0xF7FD,
    0xF7BD, 0xF71B, 0xF79C, 0xF7FE, 0xF7DD, 0xF7FE, 0xF7FE, 0xF7FE, 0xF7FE, 0xF7FE, 0xF7FE, 0xF7FE,
    0xF7FE, 0xF7FD, 0xF7DD, 0xF7DD, 0xF77C, 0xF6FA, 0xEDD7, 0xF555, 0xF515, 0xF4F5, 0xF4F5, 0xF4F5,
    0xF4D5, 0xF4D5, 0xF4B5, 0xF4B5, 0xEC95, 0xEC95, 0xEC96, 0xEC96, 0xEC95, 0xEC75, 0xEC95, 0xF4B5,
    0xECB5, 0xEC95, 0xEC95, 0xEC95, 0xEC95, 0xEC95, 0xEC95, 0xEC95, 0xEC75, 0xEC75, 0xEC75, 0xEC75,
    0xEC76, 0xEC75, 0xEC75, 0xEC75, 0xEC75, 0xEC75, 0xEC76, 0xEC76, 0xEC76, 0xEC76, 0xEC76, 0xEC76,
    0xEC76, 0xEC76, 0xEC76, 0xEC76, 0xEC76, 0xEC76, 0xEC76, 0xE496, 0xE476, 0xECD6, 0xF516, 0xECF5,
    0xECB5, 0xEC95, 0xF4D5, 0xF515, 0xF4F5, 0xECD5, 0xE475, 0xF4B6, 0xB391, 0x1864, 0x2927, 0x29A8,
    0x00A4, 0x00A4, 0x00A4, 0x00A4, 0x00A4, 0x00A4, 0x00A4, 0x00A4, 0x0084, 0x10C6, 0x18E6, 0xA3D2,
    0xA3D2, 0x0043, 0x0884, 0x0885, 0x2085, 0x5A0B, 0xAC54, 0xB435, 0x7B0F, 0x0063, 0x00A4, 0x00A4,
    0x6A0D, 0x69ED, 0x61CC, 0x6A0E, 0x6A4F, 0x7AB1, 0x9334, 0x9B95, 0x8B76, 0x62D3, 0x198D, 0x198E,
    0x31EF, 0x62D4, 0x72F4, 0x8335, 0x7B34, 0x5270, 0x194A, 0x9270, 0x9290, 0x4A30, 0x4230, 0x4230,
    0x320F, 0x3A0F, 0x4A10, 0x4250, 0x4250, 0x4230, 0x62B2, 0x72F3, 0x6A92, 0x6AB2, 0x7AD2, 0x8AF2,
    0x9B12, 0xAB73, 0xA353, 0xA333, 0xB394, 0x8B33, 0x6271, 0x8B13, 0x9B54, 0xABB6, 0x6A91, 0x4A10,
    0x6AB2, 0x5A51, 0x39EF, 0x29CE, 0x21CE, 0x21CE, 0x19CE, 0x19CD, 0x19CD, 0x19CD, 0x19AD, 0x19CE,
    0x19CE, 0x2210, 0x19CF, 0x19CD, 0x19AD, 0x19AD, 0x19AD, 0x19AD, 0x19AD, 0x19AD, 0x19CD, 0x19AD,
    0x19AD, 0x21EE, 0x2250, 0x220F, 0x21EE, 0x19AD, 0x21AD, 0x21AD, 0x31AD, 0x31AD, 0x31CE, 0x29AD,
    0x21AD, 0x19AD, 0x19AD, 0x19AD, 0x19AD, 0x19AD, 0x19AD, 0x19CE, 0x19EE, 0x2250, 0x21EF, 0x19AD,
    0x19CD, 0x19CD, 0x21CD, 0x21CE, 0x29CE, 0x29CE, 0x39EF, 0x4A0F, 0x59F0, 0x6A31, 0x72B2, 0x31CE,
    0x198C, 0x19AD, 0x19AD, 0x19AD, 0x19AC, 0x21AD, 0x218D, 0x218D, 0x298C, 0x31AC, 0x318C, 0x318C,
    0x5A2E, 0x69CC, 0x616A, 0x8A0D, 0x822E, 0x218D, 0x218D, 0x198C, 0x11AD, 0x19AD, 0x19AD, 0x19AD,
    0x19AD, 0x19AE, 0x19AD, 0x19CE, 0x19CE, 0x21CE, 0x21EF, 0x220F, 0x21EE, 0x29EF, 0x29EE, 0x31CE,
    0x41CE, 0x420F, 0x422F, 0x220F, 0x222F, 0x4AD2, 0x4250, 0x3A0F, 0x52D1, 0x52D1, 0x4A8F, 0xAC14,
    0xC474, 0xCC96, 0x7B72, 0x4A2F, 0xAB90, 0xB3B1, 0xB3B1, 0xCC34, 0xDC56, 0xDC55, 0xE455, 0xEC75,
    0xE475, 0xE475, 0xE475, 0xEC75, 0xEC75, 0xEC55, 0xEC75, 0xEC94, 0xEC94, 0xEC94, 0xEC94, 0xF4B4,
    0xF4D5, 0xF4D4, 0xF4F4, 0xF534, 0xFD74, 0xF514, 0xECB4, 0xF4D4, 0xF4F4, 0xF514, 0xF554, 0xFD74,
    0xFD74, 0xF574, 0xF574, 0xECF4, 0xECB4, 0xEC95, 0xEC95, 0xEC95, 0xEC95, 0xEC95, 0xEC95, 0xEC95,
    0xECD4, 0xF534, 0xF534, 0xFD96, 0xF7BC, 0xF7FD, 0xF7DD, 0xF7FD, 0xF77C, 0xEE17, 0xEF1B, 0xF7FE,
    0xF7DE, 0xF7FE, 0xF7FE, 0xF7FE, 0xF7FE, 0xF7FE, 0xF7FE, 0xF7FE, 0xF7FE, 0xEFFD, 0xF7DD, 0xE71A,
    0xEE58, 0xE5B6, 0xE555, 0xED15, 0xE535, 0xE515, 0xF4F5, 0xF4F5, 0xF4D5, 0xF4B4, 0xF4B5, 0xF495,
    0xEC95, 0xEC95, 0xEC95, 0xECB5, 0xEC95, 0xEC95, 0xEC95, 0xEC95, 0xEC95, 0xEC95, 0xEC95, 0xEC95,
    0xEC95, 0xEC95, 0xEC95, 0xEC75, 0xEC95, 0xEC95, 0xEC96, 0xEC96, 0xEC96, 0xEC96, 0xEC75, 0xEC75,
    0xEC76, 0xEC76, 0xEC76, 0xEC76, 0xEC76, 0xEC76, 0xEC76, 0xEC76, 0xEC76, 0xEC96, 0xEC76, 0xEC75,
    0xEC75, 0xEC76, 0xEC76, 0xEC96, 0xEC96, 0xECB5, 0xF4F5, 0xECB5, 0xEC96, 0xECB5, 0xF4F5, 0xF4F5,
    0xECD5, 0xECB6, 0xE495, 0xF4B6, 0xAB71, 0x0843, 0x0884, 0x00A4, 0x00A4, 0x00A4, 0x00A4, 0x00A4,
    0x00A4, 0x00A4, 0x00A4, 0x08A5, 0x0063, 0x5A8D, 0xACD6, 0xCCB6, 0xA3B2, 0x0864, 0x0884, 0x0884,
    0x0863, 0x5A0B, 0xDCD8, 0x3948, 0x0884, 0x00A4, 0x00A4, 0x00A4, 0x416A, 0x61CC, 0x7A4E, 0x724E,
    0x726F, 0x7AB1, 0x9333, 0x9354, 0x4A11, 0x41F0, 0x31CE, 0x29AE, 0x3A10, 0x7B36, 0x7B35, 0x7B15,
    0x4A30, 0x31CD, 0x194B, 0x8A6F, 0x9290, 0x5251, 0x4A51, 0x4A51, 0x3A30, 0x3A30, 0x4230, 0x3A50,
    0x3A30, 0x39EF, 0x4A30, 0x5250, 0x5230, 0x6251, 0x6A91, 0x7AB1, 0x82F2, 0x92F1, 0x9B32, 0xA332,
    0xC3B4, 0x8AF2, 0x4A0F, 0x72D2, 0x8AF3, 0x9313, 0x5A70, 0x39EF, 0x4A0F, 0x3A0F, 0x29CE, 0x21CE,
    0x19CE, 0x19EE, 0x19CE, 0x19CD, 0x19CD, 0x19CD, 0x19AD, 0x19CE, 0x19CE, 0x2210, 0x19CF, 0x11AD,
    0x19AD, 0x19AD, 0x19AD, 0x19EE, 0x19EE, 0x19AD, 0x19AD, 0x19AD, 0x19AD, 0x19EF, 0x2250, 0x220F,
    0x21EE, 0x19AD, 0x21AD, 0x21AD, 0x21AD, 0x29AD, 0x29AD, 0x29AE, 0x29CE, 0x19AD, 0x19AD, 0x19AD,
    0x19AD, 0x19AD, 0x19AD, 0x19AD, 0x19CE, 0x2A2F, 0x21EE, 0x19AD, 0x19AD, 0x19AD, 0x19AD, 0x21CD,
    0x21AD, 0x21AD, 0x31CE, 0x39EF, 0x5210, 0x6251, 0x7272, 0x31CE, 0x198C, 0x19AD, 0x198C, 0x198C,
    0x198C, 0x198C, 0x218D, 0x21AD, 0x21AD, 0x21AD, 0x218D, 0x29AD, 0x398C, 0x61CD, 0x820E, 0x8A0E,
    0x822E, 0x41CC, 0x522E, 0x524F, 0x19AC, 0x19AD, 0x19AD, 0x19AD, 0x19AD, 0x19AD, 0x19AE, 0x21CE,
    0x21CE, 0x21CE, 0x21CE, 0x21EE, 0x21EE, 0x29EE, 0x31EF, 0x41EF, 0x6251, 0x422F, 0x29CD, 0x21EE,
    0x2A2F, 0x52B2, 0x62D2, 0x6AD1, 0x52F2, 0x4AD1, 0x4A90, 0x62D0, 0x9330, 0xDC74, 0x8352, 0x4A70,
    0xA370, 0xABB1, 0xB391, 0xCC34, 0xDC56, 0xE455, 0xE455, 0xE475, 0xE475, 0xE475, 0xE475, 0xEC75,
    0xEC75, 0xEC55, 0xEC94, 0xF4F4, 0xF4B5, 0xEC95, 0xEC75, 0xF4B5, 0xF4B5, 0xF4B4, 0xF4D5, 0xF514,
    0xF574, 0xF514, 0xF4D4, 0xF4F5, 0xFD15, 0xF514, 0xFD54, 0xFD75, 0xF554, 0xF554, 0xF574, 0xF574,
    0xF535, 0xECB5, 0xEC95, 0xEC95, 0xEC95, 0xEC95, 0xEC95, 0xEC95, 0xECD4, 0xF534, 0xF535, 0xFD96,
    0xFF9C, 0xF7BD, 0xF7DD, 0xF7FE, 0xF75B, 0xE555, 0xF6BA, 0xF7FE, 0xF7DD, 0xF7FE, 0xF7FE, 0xF7FE,
    0xF7FE, 0xF7FE, 0xF7FE, 0xF7FE, 0xF7FE, 0xF7FD, 0xF7FD, 0xEFDD, 0xF7BD, 0xF77C, 0xF75C, 0xF75C,
    0xF77C, 0xF679, 0xECF5, 0xF4F5, 0xF4D5, 0xF4B5, 0xF4B5, 0xF4B5, 0xECB5, 0xEC95, 0xECB5, 0xE495,
    0xEC95, 0xEC95, 0xEC75, 0xEC95, 0xEC95, 0xEC95, 0xEC95, 0xEC75, 0xEC75, 0xEC95, 0xEC95, 0xEC95,
    0xEC95, 0xEC95, 0xEC95, 0xEC95, 0xEC75, 0xEC95, 0xEC95, 0xEC75, 0xEC76, 0xEC76, 0xEC76, 0xEC76,
    0xEC76, 0xEC76, 0xEC76, 0xEC76, 0xEC96, 0xEC76, 0xEC76, 0xEC96, 0xEC96, 0xEC96, 0xEC95, 0xE495,
    0xEC95, 0xECB5, 0xF4F5, 0xEC95, 0xEC95, 0xF4F5, 0xF4F5, 0xF4F5, 0xECB5, 0xEC95, 0xE475, 0xF4B6,
    0xAB71, 0x0003, 0x0084, 0x00A4, 0x00A4, 0x00A4, 0x00A4, 0x00A4, 0x00A4, 0x00A4, 0x0084, 0x0063,
    0x0022, 0x422A, 0x83D2, 0xC496, 0xABB2, 0x0844, 0x0884, 0x08A5, 0x0022, 0x59CA, 0xDCB8, 0x2927,
    0x0063, 0x00A4, 0x00A4, 0x00A4, 0x4129, 0x61AC, 0x8A6F, 0x6A2D, 0x6A2E, 0x7270, 0x8B13, 0x9395,
    0x7314, 0x72F4, 0x6AF4, 0x62B3, 0x6AD4, 0x8336, 0x8335, 0x7B15, 0x31AD, 0x218C, 0x216B, 0x824F,
    0x9290, 0x5A91, 0x5A92, 0x5292, 0x4A71, 0x4250, 0x4230, 0x3A50, 0x3A2F, 0x31CE, 0x39EF, 0x39EF,
    0x4A30, 0x5A70, 0x6271, 0x6A91, 0x72D2, 0x82D2, 0x9AF2, 0xAB52, 0xAB31, 0x7AD1, 0x4A30, 0x6A91,
    0x7291, 0x7A91, 0x522F, 0x29CE, 0x31EF, 0x29EE, 0x21AE, 0x19CE, 0x19EE, 0x19EE, 0x19CE, 0x19AD,
    0x19AD, 0x19CD, 0x19CD, 0x19CE, 0x19EE, 0x19EF, 0x19EF, 0x19EE, 0x19AD, 0x19AD, 0x19AD, 0x21EF,
    0x21EF, 0x19AD, 0x19AD, 0x19AD, 0x19AD, 0x19EF, 0x2230, 0x19EE, 0x19AD, 0x19AC, 0x19AD, 0x19AD,
    0x21AD, 0x21AD, 0x21AD, 0x29CD, 0x29CE, 0x19AD, 0x19AD, 0x19AD, 0x19AD, 0x19AD, 0x19AD, 0x19AD,
    0x19AD, 0x21EE, 0x19CD, 0x11AD, 0x11AD, 0x19AD, 0x19AD, 0x19AD, 0x21AD, 0x21AD, 0x21AD, 0x31CE,
    0x5250, 0x6251, 0x7A52, 0x31CE, 0x19AC, 0x19AC, 0x198C, 0x198C, 0x198C, 0x198C, 0x198C, 0x19AD,
    0x19AC, 0x218C, 0x19AC, 0x218D, 0x29AC, 0x49AC, 0x71CD, 0x720E, 0x7A2E, 0x6A4E, 0x826F, 0x7A6F,
    0x21AC, 0x19AD, 0x198D, 0x19AD, 0x19AD, 0x198D, 0x19AD, 0x19AD, 0x19AD, 0x19AD, 0x19AD, 0x21CE,
    0x21CE, 0x29EF, 0x31CE, 0x41AE, 0x6230, 0x5A30, 0x522F, 0x2A0E, 0x220E, 0x3A71, 0x72D1, 0x9311,
    0x4AB0, 0x3A70, 0x3A2F, 0x3A2F, 0x6AD0, 0xD474, 0x8351, 0x4A6F, 0x7AEF, 0x9B50, 0xB3D2, 0xCC34,
    0xDC56, 0xE476, 0xE455, 0xE475, 0xE475, 0xE475, 0xE455, 0xEC75, 0xEC75, 0xEC75, 0xEC75, 0xEC95,
    0xF495, 0xEC95, 0xEC75, 0xEC95, 0xF4B5, 0xF4B5, 0xF4D4, 0xF4F4, 0xFD54, 0xF514, 0xF4B4, 0xF4F4,
    0xFD15, 0xF514, 0xF534, 0xF554, 0xF534, 0xF554, 0xF573, 0xFD94, 0xF554, 0xECB4, 0xEC94, 0xEC94,
    0xEC95, 0xEC95, 0xEC95, 0xEC95, 0xECD5, 0xF535, 0xF535, 0xF576, 0xF6BA, 0xF71B, 0xFFDE, 0xF7FE,
    0xF73B, 0xF515, 0xF638, 0xF73B, 0xF7DD, 0xF7FE, 0xF7FE, 0xF7FE, 0xF7FE, 0xF7FE, 0xF7FE, 0xF7FE,
    0xF7FE, 0xF7FE, 0xF7FD, 0xF7FE, 0xF7FE, 0xF7FE, 0xF7FE, 0xF7FE, 0xF7FE, 0xF6DB, 0xF515, 0xFCF5,
    0xF4F5, 0xF4F5, 0xF4D5, 0xF4B5, 0xEC95, 0xECB5, 0xEC95, 0xF4D6, 0xF4D6, 0xECB5, 0xEC95, 0xEC95,
    0xECB5, 0xEC95, 0xEC75, 0xEC95, 0xECB5, 0xEC95, 0xEC95, 0xEC95, 0xEC95, 0xEC95, 0xEC95, 0xECB5,
    0xF4B5, 0xF4B6, 0xEC96, 0xEC75, 0xEC76, 0xEC76, 0xEC76, 0xEC96, 0xEC95, 0xEC75, 0xEC76, 0xEC76,
    0xEC75, 0xEC95, 0xEC96, 0xEC96, 0xEC96, 0xE496, 0xEC95, 0xECB5, 0xECB6, 0xECD6, 0xECD5, 0xEC95,
    0xEC95, 0xF515, 0xF4F5, 0xECD5, 0xE495, 0xE495, 0xE475, 0xF4B6, 0xB392, 0x28A6, 0x18C6, 0x0084,
    0x0084, 0x00A4, 0x00A4, 0x00A4, 0x00A4, 0x0063, 0x4A0A, 0x832F, 0x830F, 0x522B, 0x1906, 0xB413,
    0xB3D3, 0x0843, 0x0884, 0x0884, 0x7AEE, 0xB3F3, 0xE4F8, 0x2968, 0x0063, 0x08A4, 0x00A4, 0x00A4,
    0x59AB, 0x61AB, 0x69CC, 0x6A0D, 0x722F, 0x7250, 0x82D3, 0x9335, 0x9B96, 0x9396, 0x8377, 0x8376,
    0x8356, 0x8335, 0x8335, 0x7B35, 0x31AD, 0x216B, 0x216B, 0x824F, 0x9270, 0x62B1, 0x5A92, 0x5A92,
    0x5272, 0x4251, 0x3A30, 0x320F, 0x31EE, 0x31CD, 0x29CE, 0x29AE, 0x420F, 0x4A50, 0x5A70, 0x6AB1,
    0x7AD1, 0x92D2, 0xA2F2, 0xAB12, 0xA331, 0x7AB0, 0x420F, 0x5250, 0x6250, 0x6A90, 0x420F, 0x21AE,
    0x29CE, 0x21CE, 0x21AE, 0x19CE, 0x19CE, 0x19CE, 0x19CE, 0x19AD, 0x19AD, 0x19CD, 0x19CD, 0x19CE,
    0x19CE, 0x19CE, 0x19EE, 0x19EF, 0x19AD, 0x19AD, 0x19AE, 0x19CE, 0x19CE, 0x19AD, 0x19AD, 0x19AD,
    0x19CD, 0x19EF, 0x1A10, 0x19CD, 0x19AD, 0x19AD, 0x19AD, 0x198D, 0x198D, 0x19AD, 0x21AD, 0x21AD,
    0x21AD, 0x21AD, 0x21AE, 0x21AD, 0x21AE, 0x218D, 0x198D, 0x198D, 0x19AD, 0x19CD, 0x19AD, 0x19CD,
    0x19AD, 0x19AD, 0x19AD, 0x19AD, 0x19AD, 0x21CD, 0x21AD, 0x29CE, 0x39EF, 0x5230, 0x6A72, 0x39CE,
    0x198D, 0x19AC, 0x19AC, 0x19AD, 0x19AD, 0x19AD, 0x198D, 0x198C, 0x198C, 0x218C, 0x218C, 0x218D,
    0x218C, 0x31AC, 0x41AC, 0x51CD, 0x69ED, 0x8A2E, 0x926E, 0x822E, 0x298D, 0x218D, 0x11CC, 0x19AD,
    0x11AD, 0x19AD, 0x19AD, 0x19AD, 0x19AD, 0x19CD, 0x19CD, 0x21AD, 0x21CE, 0x29EE, 0x31AE, 0x39AE,
    0x59EF, 0x6210, 0x6A51, 0x320E, 0x29EE, 0x320F, 0x7A70, 0xA2B0, 0x82D0, 0x5A90, 0x2A0F, 0x324F,
    0x62D0, 0xCC13, 0x7B10, 0x424E, 0x726E, 0x9310, 0xB3F1, 0xCC34, 0xDC56, 0xE456, 0xE455, 0xEC75,
    0xE475, 0xE455, 0xE455, 0xE455, 0xEC75, 0xEC75, 0xEC75, 0xEC75, 0xEC74, 0xEC75, 0xEC75, 0xEC75,
    0xEC95, 0xEC95, 0xF4B4, 0xF4D4, 0xF4F3, 0xF4D4, 0xF4D4, 0xF4D4, 0xF4F4, 0xF515, 0xF514, 0xF534,
    0xF514, 0xF534, 0xF573, 0xF574, 0xF554, 0xECF4, 0xF4F5, 0xF515, 0xF4B4, 0xF4B5, 0xEC95, 0xEC95,
    0xECB5, 0xF515, 0xF535, 0xFD55, 0xE5D7, 0xEE38, 0xF6FB, 0xF7DD, 0xF73B, 0xF4F5, 0xF596, 0xEE38,
    0xF7BD, 0xF7FE, 0xF7FE, 0xF7FE, 0xF7FE, 0xF7FE, 0xF7FE, 0xF7FE, 0xF7FE, 0xF7FE, 0xF7FE, 0xF7FE,
    0xF7FE, 0xF7FE, 0xF7DE, 0xF7DD, 0xF7FE, 0xF6DB, 0xED15, 0xF535, 0xF4F5, 0xF4F5, 0xF4D5, 0xF4B5,
    0xED17, 0xECF6, 0xECB5, 0xED16, 0xF516, 0xEC95, 0xEC95, 0xECB5, 0xF5B8, 0xEDD8, 0xF5F9, 0xF516,
    0xECB5, 0xEC95, 0xEC96, 0xF4D5, 0xF4B5, 0xECB5, 0xEC95, 0xF4B5, 0xF4B5, 0xF4B5, 0xECB5, 0xEC95,
    0xEC75, 0xEC75, 0xE475, 0xF4B6, 0xF4D5, 0xECB5, 0xEC95, 0xEC75, 0xEC96, 0xF4B6, 0xF4D6, 0xEC95,
    0xEC96, 0xECB6, 0xECB5, 0xECD5, 0xF4D6, 0xF4D6, 0xECD5, 0xEC95, 0xEC95, 0xECF5, 0xECF5, 0xECD6,
    0xEC96, 0xE496, 0xE475, 0xECB7, 0xB392, 0x18C5, 0x10C5, 0x00A4, 0x0084, 0x00A4, 0x00A4, 0x00A4,
    0x00A4, 0x0043, 0x7AEE, 0xDCD7, 0xDCD7, 0x6A6C, 0x0000, 0xABB2, 0xB3D3, 0x1064, 0x0884, 0x0884,
    0xBC75, 0xBC34, 0x728E, 0x1906, 0x0084, 0x00A4, 0x00A4, 0x0084, 0x71CC, 0x698B, 0x5149, 0x7A0D,
    0x8270, 0x7A70, 0x8AB2, 0x8AF4, 0x9B55, 0x9376, 0x8B56, 0x8B56, 0x8336, 0x8335, 0x8335, 0x7B35,
    0x218C, 0x196B, 0x216B, 0x7A2E, 0x826F, 0x6A71, 0x5A72, 0x5292, 0x4A72, 0x4250, 0x3A30, 0x29EE,
    0x21AD, 0x31AD, 0x29AE, 0x21AD, 0x31EE, 0x422F, 0x5250, 0x62B1, 0x7AB1, 0x8AD2, 0x92F1, 0x92F2,
    0xAB52, 0x7AB1, 0x3A0F, 0x4230, 0x4A2F, 0x5A90, 0x3A0F, 0x21AE, 0x21CE, 0x21CE, 0x21AD, 0x21CE,
    0x19CE, 0x19CD, 0x19AD, 0x19AD, 0x19AD, 0x19CE, 0x19CE, 0x19CD, 0x19AD, 0x19AD, 0x19CE, 0x19CE,
    0x19AD, 0x19AD, 0x19CE, 0x11CE, 0x19CE, 0x19CE, 0x19CD, 0x19CE, 0x19EE, 0x19EE, 0x220F, 0x19CD,
    0x19AD, 0x19AD, 0x29AD, 0x29AD, 0x298D, 0x29AD, 0x21AD, 0x21AD, 0x21AD, 0x19AD, 0x21AD, 0x29AD,
    0x39AD, 0x31AD, 0x296D, 0x29AD, 0x29CE, 0x19AE, 0x19AD, 0x19CD, 0x19AD, 0x19AD, 0x19AD, 0x19AD,
    0x19AD, 0x19AD, 0x21CE, 0x29CE, 0x29AD, 0x41EF, 0x6231, 0x41CF, 0x29AD, 0x218D, 0x198D, 0x19AD,
    0x19AD, 0x19AD, 0x198D, 0x198C, 0x198C, 0x218C, 0x21AC, 0x21AC, 0x298C, 0x31AD, 0x318C, 0x39AD,
    0x51CD, 0x89ED, 0x8A2E, 0x7A2E, 0x418C, 0x298D, 0x198D, 0x198D, 0x19AD, 0x198D, 0x19AD, 0x19AD,
    0x19AD, 0x19AD, 0x19CD, 0x21AD, 0x19AD, 0x21CE, 0x29AE, 0x39AE, 0x51CE, 0x5A0F, 0x6A50, 0x39EF,
    0x29EE, 0x420E, 0x824F, 0xAA70, 0xBB11, 0x8AB1, 0x322E, 0x3A70, 0x5AD1, 0xABB3, 0x7AF0, 0x526F,
    0x724D, 0x930F, 0xBBF1, 0xCC34, 0xDC56, 0xDC55, 0xE455, 0xE475, 0xE475, 0xE455, 0xE455, 0xE455,
    0xEC75, 0xEC55, 0xEC55, 0xEC75, 0xEC75, 0xEC55, 0xE455, 0xEC75, 0xEC75, 0xEC75, 0xECB5, 0xF4D4,
    0xF4D4, 0xF4D4, 0xF4F4, 0xECB4, 0xF4D4, 0xF515, 0xF515, 0xF514, 0xF4F4, 0xF514, 0xFD74, 0xF574,
    0xF554, 0xF534, 0xFD54, 0xFD75, 0xF534, 0xF4D5, 0xEC95, 0xEC95, 0xECB5, 0xF514, 0xF535, 0xF555,
    0xED35, 0xED96, 0xEE18, 0xF79C, 0xF73B, 0xF4F5, 0xF555, 0xF596, 0xF79D, 0xF7FE, 0xF7FE, 0xF7FE,
    0xF7FE, 0xF7FE, 0xF7FE, 0xF7FE, 0xF7FE, 0xF7FE, 0xF7FE, 0xF7FE, 0xF7FE, 0xF7FE, 0xF7FE, 0xF7DE,
    0xF7FE, 0xEF1B, 0xE596, 0xF556, 0xFCF5, 0xF4D4, 0xF4B5, 0xECB5, 0xE5F8, 0xE597, 0xE536, 0xED36,
    0xF4F5, 0xEC95, 0xEC75, 0xECF6, 0xF6DB, 0xFF1C, 0xFF5D, 0xED97, 0xECD5, 0xECB5, 0xECD5, 0xF4D6,
    0xECB5, 0xECB5, 0xF4B6, 0xECB5, 0xECB5, 0xF4B5, 0xF4B5, 0xF4B6, 0xEC76, 0xEC76, 0xEC75, 0xECB5,
    0xF4D6, 0xF4B6, 0xEC95, 0xEC95, 0xF4D6, 0xF4D6, 0xF4D6, 0xEC96, 0xEC96, 0xECD6, 0xECD5, 0xF4D5,
    0xF4F6, 0xECD6, 0xECB6, 0xE496, 0xEC96, 0xECD5, 0xECF5, 0xECD5, 0xE495, 0xE476, 0xE495, 0xF4B7,
    0xAB71, 0x0063, 0x08A5, 0x08A5, 0x0084, 0x0084, 0x00A4, 0x00A4, 0x00A4, 0x0043, 0x82CE, 0xE4B7,
    0xECD8, 0x728D, 0x0001, 0xABB2, 0xB3D3, 0x1064, 0x0884, 0x0884, 0xC455, 0x9B31, 0x1845, 0x08C5,
    0x00A4, 0x08A4, 0x0084, 0x0084, 0x698B, 0x698B, 0x698B, 0x7A2E, 0x826F, 0x8270, 0x8A91, 0x8AB2,
    0xA355, 0x9B56, 0x8B56, 0x8B36, 0x8336, 0x8335, 0x8335, 0x7314, 0x21AC, 0x196B, 0x216B, 0x720E,
    0x7A4F, 0x6250, 0x5A72, 0x5292, 0x4A51, 0x4230, 0x322F, 0x21CE, 0x298D, 0x318C, 0x298D, 0x21AD,
    0x29CE, 0x31EF, 0x420F, 0x5250, 0x6A70, 0x7271, 0x8290, 0x92B1, 0xAB32, 0x7291, 0x29CF, 0x3A30,
    0x3A2F, 0x420F, 0x29EE, 0x21AE, 0x21CE, 0x21AD, 0x19AD, 0x21CE, 0x19EE, 0x19AD, 0x19AD, 0x19AD,
    0x19AD, 0x19EF, 0x2230, 0x19CE, 0x19AD, 0x19AD, 0x19AD, 0x19AD, 0x19AD, 0x19CE, 0x220F, 0x19EE,
    0x19AD, 0x19CD, 0x1A0E, 0x2230, 0x19CE, 0x19CD, 0x19CE, 0x19AD, 0x19AD, 0x198C, 0x524F, 0x8AD0,
    0x822E, 0x51ED, 0x218D, 0x21AD, 0x21AD, 0x218D, 0x29CD, 0x41EE, 0x8270, 0x720F, 0x514C, 0x8270,
    0x6A70, 0x19CD, 0x21CE, 0x19CD, 0x19CD, 0x19CD, 0x19AD, 0x19AD, 0x19AD, 0x19AD, 0x29CE, 0x31CE,
    0x31AE, 0x39CF, 0x39EF, 0x6251, 0x6251, 0x298D, 0x218D, 0x198D, 0x19AC, 0x198C, 0x198C, 0x198C,
    0x198C, 0x218C, 0x31AD, 0x49CD, 0x51EE, 0x49CD, 0x398C, 0x49CD, 0x59CD, 0x69CD, 0x71AD, 0x79CC,
    0xA24E, 0x79EE, 0x196C, 0x218D, 0x198D, 0x198D, 0x19AD, 0x19AD, 0x19AD, 0x198D, 0x19AD, 0x218C,
    0x21AC, 0x19CE, 0x21AE, 0x31CE, 0x520F, 0x5A30, 0x6A30, 0x39EF, 0x39EE, 0x720E, 0xA250, 0xBAB0,
    0xB290, 0x92B0, 0x5AD0, 0x3A30, 0x426F, 0x72F0, 0x9BB2, 0xBC54, 0x724E, 0x9310, 0xBC12, 0xCC35,
    0xDC56, 0xDC55, 0xE455, 0xE475, 0xE455, 0xE455, 0xE455, 0xE475, 0xEC75, 0xE455, 0xE455, 0xE455,
    0xEC75, 0xEC75, 0xE455, 0xEC75, 0xEC75, 0xEC75, 0xEC75, 0xEC95, 0xF4D4, 0xF4F4, 0xF514, 0xFD34,
    0xF534, 0xF514, 0xF514, 0xF514, 0xF4F4, 0xF514, 0xF534, 0xF554, 0xFD54, 0xFD74, 0xFD74, 0xF594,
    0xF594, 0xF514, 0xEC94, 0xEC95, 0xECB5, 0xF515, 0xF535, 0xF535, 0xED15, 0xED36, 0xED76, 0xF75C,
    0xF73B, 0xF4F4, 0xF555, 0xF596, 0xF7BD, 0xF7FE, 0xF7FE, 0xF7FE, 0xF7FE, 0xF7FE, 0xF7FE, 0xF7FE,
    0xF7FE, 0xF7FE, 0xF7FE, 0xF7FE, 0xF7FE, 0xF7FE, 0xF7FE, 0xF7FE, 0xF7FE, 0xF7BD, 0xFF7C, 0xF596,
    0xF4D4, 0xF4F5, 0xECB5, 0xECD6, 0xF77C, 0xF7BD, 0xF79D, 0xF5F8, 0xF515, 0xECB5, 0xEC75, 0xECF6,
    0xF79D, 0xF7BD, 0xF7BD, 0xEDB7, 0xECD5, 0xF4F6, 0xECD5, 0xECB5, 0xECB5, 0xEC95, 0xECB5, 0xF4D5,
    0xF4D6, 0xF4D6, 0xF4D5, 0xF4D5, 0xEC95, 0xECB6, 0xF4D6, 0xECD5, 0xECB5, 0xEC95, 0xECB5, 0xF4B5,
    0xF4D6, 0xF4B5, 0xEC95, 0xEC96, 0xEC96, 0xF4F6, 0xF4F6, 0xF4F5, 0xF4F5, 0xECB5, 0xE496, 0xE476,
    0xE496, 0xECB5, 0xECB5, 0xEC95, 0xE475, 0xE475, 0xE475, 0xF4B7, 0xAB91, 0x0022, 0x3147, 0x524C,
    0x08C5, 0x0084, 0x00A4, 0x00A4, 0x00A4, 0x0043, 0x82CF, 0xECB7, 0xECB8, 0x7A8D, 0x0001, 0xA3D2,
    0xABF3, 0x1044, 0x0885, 0x0884, 0xCC55, 0x9330, 0x0024, 0x08A5, 0x08A4, 0x1884, 0x08A4, 0x00A4,
    0x5109, 0x698B, 0x7A0D, 0x822E, 0x824E, 0x822E, 0x826F, 0x8AB1, 0x9B14, 0x9314, 0x8314, 0x8B35,
    0x7B15, 0x62B3, 0x72F4, 0x7334, 0x21AC, 0x196B, 0x218B, 0x59CC, 0x6A0E, 0x6A90, 0x6292, 0x5292,
    0x4210, 0x31CE, 0x21AD, 0x19AD, 0x31CD, 0x7230, 0x41AD, 0x218C, 0x21AE, 0x29EF, 0x420F, 0x4A2F,
    0x6270, 0x82D2, 0x92F2, 0xA2F2, 0xAB12, 0x6A90, 0x29CF, 0x3A30, 0x3230, 0x320F, 0x21EE, 0x19AD,
    0x19CD, 0x19AD, 0x19AD, 0x19CE, 0x19CE, 0x19AD, 0x19AD, 0x19AD, 0x19CE, 0x220F, 0x2230, 0x19CE,
    0x19AD, 0x19AD, 0x19AD, 0x19AD, 0x19AD, 0x19CE, 0x1A0F, 0x19CE, 0x19AD, 0x19CD, 0x1A0F, 0x2230,
    0x19CE, 0x19AD, 0x19CD, 0x19AD, 0x218C, 0x294C, 0x59ED, 0x926F, 0xAA8F, 0x79ED, 0x392B, 0x398C,
    0x31AD, 0x298D, 0x31CE, 0x4A0E, 0x7A70, 0x7A4F, 0x71CE, 0x9A6F, 0x8250, 0x21AD, 0x21AE, 0x19CD,
    0x19CD, 0x19CD, 0x19AD, 0x19AD, 0x19AD, 0x19AD, 0x31CE, 0x41EF, 0x41EF, 0x51F0, 0x5210, 0x7231,
    0x6A51, 0x5A30, 0x39CE, 0x218D, 0x19AD, 0x11AC, 0x11AC, 0x198C, 0x198C, 0x218C, 0x21AC, 0x318D,
    0x49CE, 0x51CE, 0x59EE, 0x71EE, 0x71EE, 0x59CD, 0x8A2E, 0xAA6E, 0xBA6F, 0x924F, 0x51CD, 0x29AC,
    0x198D, 0x19AD, 0x19AD, 0x19AD, 0x198D, 0x198C, 0x216C, 0x59EF, 0x59EF, 0x29AE, 0x29AE, 0x29AE,
    0x29AE, 0x4A0F, 0x6250, 0x5230, 0x5A50, 0x8A90, 0x9A90, 0xA26F, 0xAA70, 0x928F, 0x728E, 0x3A2F,
    0x324F, 0x426F, 0x8372, 0xC453, 0xC413, 0xBC13, 0xB3D2, 0xCC15, 0xDC56, 0xDC56, 0xDC55, 0xE455,
    0xE455, 0xE456, 0xE455, 0xE475, 0xEC75, 0xE455, 0xE455, 0xE455, 0xE475, 0xE475, 0xE455, 0xE475,
    0xEC75, 0xEC75, 0xEC75, 0xEC75, 0xF4B4, 0xF4F4, 0xF514, 0xF534, 0xF554, 0xFD54, 0xF534, 0xF514,
    0xFCF4, 0xF514, 0xF4F4, 0xF514, 0xF534, 0xF574, 0xF574, 0xF574, 0xF594, 0xF574, 0xFD55, 0xF4D5,
    0xF4B5, 0xF4D5, 0xF515, 0xF535, 0xECB5, 0xECD5, 0xECF5, 0xF73C, 0xFF1B, 0xF514, 0xF535, 0xEDB6,
    0xF79D, 0xF7FE, 0xF7FE, 0xF7FE, 0xF7FE, 0xF7FE, 0xF7FE, 0xF7FE, 0xF7FE, 0xF7FE, 0xF7FE, 0xF7FE,
    0xF7FE, 0xF7FE, 0xF7FE, 0xF7FE, 0xF7FD, 0xF7FD, 0xF7DD, 0xF5B7, 0xF4F5, 0xF4F5, 0xF4B5, 0xECF6,
    0xF79D, 0xF7FD, 0xF7DD, 0xF679, 0xED76, 0xECB5, 0xEC95, 0xECF6, 0xF7BD, 0xF7BD, 0xF7DD, 0xEDB7,
    0xECD5, 0xF4F6, 0xECD5, 0xE495, 0xEC95, 0xECB6, 0xF4D6, 0xF4D5, 0xF4D5, 0xF4D5, 0xF4D5, 0xECB5,
    0xF4D6, 0xECB6, 0xECB5, 0xECB6, 0xECB6, 0xE495, 0xEC95, 0xEC95, 0xEC95, 0xEC95, 0xEC95, 0xE476,
    0xEC96, 0xF4F5, 0xF4D6, 0xECD6, 0xF4D6, 0xECB5, 0xE476, 0xE476, 0xE495, 0xE495, 0xE495, 0xE496,
    0xE476, 0xEC76, 0xEC75, 0xEC76, 0xDC55, 0xCC14, 0x6A8C, 0x10A4, 0x08A4, 0x0084, 0x00A4, 0x00A4,
    0x00A4, 0x0083, 0x3107, 0x69CB, 0xDCB7, 0x7A8D, 0x0022, 0x38E6, 0x30E7, 0x1064, 0x0885, 0x08A5,
    0xC435, 0x9310, 0x0064, 0x0043, 0x3968, 0xD495, 0x622B, 0x0843, 0x618B, 0x69AB, 0x71CB, 0x7A0D,
    0x7A0D, 0x71EC, 0x71EC, 0x71ED, 0x9AB2, 0x8291, 0x59CE, 0x82F4, 0x72F4, 0x4210, 0x4230, 0x39EF,
    0x198C, 0x196B, 0x196C, 0x498C, 0x59AC, 0x5A0E, 0x6A71, 0x62B2, 0x31EE, 0x21AD, 0x198C, 0x19AC,
    0x29AC, 0x51AD, 0x498C, 0x418D, 0x21AD, 0x29CE, 0x3A0E, 0x4A2F, 0x5A70, 0x7291, 0x7A90, 0x8AD1,
    0xAB32, 0x6AB0, 0x21CF, 0x320F, 0x2A0F, 0x21EE, 0x21CD, 0x19AD, 0x19AD, 0x19AD, 0x19AD, 0x19AE,
    0x19CD, 0x19AD, 0x19AD, 0x19AE, 0x21EF, 0x2210, 0x220F, 0x19CE, 0x19CE, 0x19AD, 0x19AD, 0x19AD,
    0x19AD, 0x19CE, 0x19EF, 0x19CE, 0x19AD, 0x19CD, 0x1A0F, 0x2210, 0x19CD, 0x19AD, 0x21AD, 0x218D,
    0x398D, 0x51CE, 0x51CD, 0x61CD, 0x69AD, 0x81ED, 0x9A4D, 0x61CC, 0x41AD, 0x298D, 0x298D, 0x31CD,
    0x49CE, 0x5A0E, 0x7A4F, 0x924F, 0x7A0E, 0x416C, 0x318D, 0x19CE, 0x19CE, 0x19CD, 0x19AD, 0x19AD,
    0x19AD, 0x19CD, 0x29CE, 0x31CE, 0x39EF, 0x5230, 0x6A71, 0x6A30, 0x7251, 0x7A72, 0x5A30, 0x420F,
    0x21AD, 0x198C, 0x11AC, 0x198C, 0x198C, 0x218D, 0x198C, 0x218D, 0x21AD, 0x39AD, 0x39AD, 0x51CD,
    0x61CE, 0x722E, 0xAA4E, 0xBAAD, 0xA26E, 0xA26E, 0xA24E, 0x418D, 0x196D, 0x19AD, 0x19AD, 0x19AC,
    0x29AD, 0x39CD, 0x49CD, 0x6A0F, 0x6A0F, 0x41AE, 0x39AE, 0x31CE, 0x51EF, 0x520F, 0x520F, 0x624F,
    0x6270, 0x5A0F, 0x720E, 0x7A0E, 0x9A6F, 0x8A4F, 0x622D, 0x3A2F, 0x2A4F, 0x31EF, 0x6AF1, 0xABD2,
    0xDC73, 0xC412, 0xA392, 0xCBF5, 0xDC36, 0xDC56, 0xDC55, 0xE455, 0xE456, 0xE456, 0xDC35, 0xE455,
    0xEC75, 0xE455, 0xE455, 0xE455, 0xE455, 0xE455, 0xE455, 0xE475, 0xEC75, 0xEC75, 0xEC75, 0xEC95,
    0xF4D5, 0xF514, 0xF534, 0xFD54, 0xF574, 0xFD74, 0xFD73, 0xF554, 0xF514, 0xF4F4, 0xF4F4, 0xF4F5,
    0xF514, 0xF514, 0xF514, 0xF534, 0xFD74, 0xFD74, 0xFD74, 0xECD4, 0xEC95, 0xF4B5, 0xF515, 0xF535,
    0xECB5, 0xECD5, 0xECD5, 0xED97, 0xF597, 0xF515, 0xF535, 0xF596, 0xF79D, 0xF7FE, 0xF7FE, 0xF7FE,
    0xF7FE, 0xF7FE, 0xF7FE, 0xF7FE, 0xF7FE, 0xF7FE, 0xF7FE, 0xF7FE, 0xF7FE, 0xF7FE, 0xF7FE, 0xF7FE,
    0xF7FD, 0xF7FD, 0xF7FD, 0xF5D7, 0xF515, 0xF4D5, 0xECF5, 0xED57, 0xF7BD, 0xF7FD, 0xF7DD, 0xF71B,
    0xF618, 0xEC95, 0xEC95, 0xED16, 0xF7BD, 0xF7BD, 0xF7DD, 0xEDB7, 0xECD5, 0xECD5, 0xECD5, 0xECB5,
    0xEC95, 0xEC95, 0xF4B5, 0xF4B5, 0xF4D5, 0xF4D5, 0xF4D5, 0xF4D5, 0xECB5, 0xEC95, 0xE495, 0xEC96,
    0xEC96, 0xE496, 0xEC76, 0xEC76, 0xEC76, 0xEC76, 0xEC96, 0xE476, 0xEC96, 0xF4F6, 0xECB5, 0xECB5,
    0xECD6, 0xECB5, 0xE476, 0xE476, 0xE495, 0xE496, 0xE496, 0xE476, 0xE476, 0xEC76, 0xEC75, 0xE495,
    0xE475, 0xFCD8, 0x726C, 0x0001, 0x08A5, 0x00A5, 0x00A4, 0x00A4, 0x0084, 0x00A4, 0x0043, 0x20A5,
    0xE538, 0x8AEF, 0x28A5, 0x18A4, 0x0843, 0x0884, 0x0885, 0x00A5, 0xD496, 0x9B51, 0x0023, 0x39C8,
    0x82CE, 0xFD39, 0x6A4C, 0x0002, 0x69CB, 0x69AB, 0x69AB, 0x71AB, 0x71CC, 0x71AB, 0x71AB, 0x69AB,
    0x820D, 0x71ED, 0x518D, 0x6AD2, 0x5AB3, 0x218D, 0x218D, 0x196C, 0x116B, 0x118B, 0x198B, 0x49CC,
    0x59CC, 0x61CD, 0x624F, 0x5A91, 0x21CD, 0x29AD, 0x29AC, 0x218D, 0x296C, 0x398C, 0x398C, 0x398C,
    0x198D, 0x21CE, 0x29EE, 0x420F, 0x522F, 0x6270, 0x6A70, 0x7290, 0x92D0, 0x6270, 0x29CE, 0x29EE,
    0x21CE, 0x21EE, 0x21AE, 0x19AD, 0x19AD, 0x19AD, 0x19AD, 0x19AD, 0x19AD, 0x19AD, 0x19AD, 0x19AD,
    0x19CF, 0x19EF, 0x19EF, 0x19CE, 0x19CD, 0x19CE, 0x19CD, 0x19CD, 0x19AD, 0x19CE, 0x19CE, 0x19AD,
    0x19AD, 0x19CD, 0x220F, 0x2230, 0x19CD, 0x19AD, 0x29AD, 0x318D, 0x41AD, 0x5A0F, 0x51CE, 0x518D,
    0x494B, 0x69CC, 0x924E, 0x8A2E, 0x7A4E, 0x522E, 0x39CD, 0x296C, 0x29AE, 0x41CE, 0x622F, 0x722E,
    0x7A0F, 0x8A0E, 0x51CD, 0x21AE, 0x21CE, 0x19CD, 0x19AD, 0x19AD, 0x19AD, 0x19CD, 0x19CD, 0x21AD,
    0x21CD, 0x41EF, 0x5A30, 0x6250, 0x6251, 0x7251, 0x6251, 0x5251, 0x21AD, 0x198C, 0x198C, 0x31AD,
    0x31AE, 0x298D, 0x218D, 0x218D, 0x198D, 0x21AD, 0x298C, 0x318D, 0x41AD, 0x69EE, 0x8A2E, 0xA24D,
    0xA24D, 0xA26E, 0xAA6F, 0x51AD, 0x298D, 0x198C, 0x19AD, 0x19AC, 0x31AD, 0x39AD, 0x41CD, 0x59EE,
    0x61CE, 0x59CE, 0x59CE, 0x59EE, 0x7A2F, 0x620E, 0x49EE, 0x522E, 0x4A2E, 0x39CD, 0x49CE, 0x59CE,
    0x822E, 0x8A6F, 0x8A6F, 0x422F, 0x4270, 0x6AD1, 0x7B31, 0x9392, 0xD453, 0xC413, 0xAB92, 0xCBF5,
    0xDC35, 0xDC36, 0xDC35, 0xDC56, 0xDC56, 0xDC56, 0xDC56, 0xE455, 0xE455, 0xE455, 0xE455, 0xE455,
    0xE455, 0xE455, 0xE455, 0xE455, 0xEC75, 0xEC75, 0xEC75, 0xEC95, 0xF4D4, 0xF4F4, 0xF514, 0xF514,
    0xF534, 0xFD54, 0xFD73, 0xFD74, 0xF4F4, 0xF4F4, 0xF4F4, 0xF4F4, 0xF4F4, 0xF515, 0xF514, 0xF514,
    0xFD54, 0xF554, 0xFD94, 0xF515, 0xF4D5, 0xECB4, 0xF515, 0xF535, 0xECB5, 0xECB5, 0xECD5, 0xECB5,
    0xF4D5, 0xFD35, 0xFD35, 0xF596, 0xF79C, 0xF7FE, 0xF7FE, 0xF7FE, 0xF7FE, 0xF7FE, 0xF7FE, 0xF7FE,
    0xF7FE, 0xF7FE, 0xF7FE, 0xF7FE, 0xF7FE, 0xF7FE, 0xF7FE, 0xF7FE, 0xF7FE, 0xF7BD, 0xEF3B, 0xEDB6,
    0xF4F5, 0xEC94, 0xEDB8, 0xF6DB, 0xF7DD, 0xF7DD, 0xF7FE, 0xEE9A, 0xEDB7, 0xECB5, 0xE495, 0xE536,
    0xF7BD, 0xF7DD, 0xF7FE, 0xEDB7, 0xECD5, 0xECB5, 0xECB5, 0xF4B6, 0xEC95, 0xEC95, 0xECB5, 0xECD5,
    0xF4D6, 0xECD5, 0xF4D6, 0xF4D6, 0xECB5, 0xEC75, 0xEC76, 0xEC76, 0xEC76, 0xEC76, 0xEC76, 0xEC76,
    0xEC76, 0xEC76, 0xEC76, 0xECB6, 0xECD6, 0xF4F6, 0xECB6, 0xE496, 0xECB6, 0xECB5, 0xE475, 0xE476,
    0xE476, 0xE476, 0xE476, 0xE476, 0xE476, 0xEC76, 0xEC76, 0xEC76, 0xE475, 0xE496, 0xB391, 0x726C,
    0x0884, 0x0063, 0x08A5, 0x0884, 0x0884, 0x0884, 0x49EA, 0x7AEE, 0x7AAE, 0x92EF, 0xA350, 0x3126,
    0x0063, 0x00A4, 0x00A5, 0x08A5, 0x9B51, 0x6A6D, 0x0043, 0x934F, 0xC454, 0xECB7, 0xA392, 0x6AAF,
    0x61AB, 0x61AB, 0x618B, 0x698B, 0x698B, 0x718B, 0x718B, 0x69AB, 0x596A, 0x518B, 0x41AE, 0x422F,
    0x320F, 0x116C, 0x116C, 0x118B, 0x118C, 0x11AC, 0x118B, 0x5A0D, 0x6A0D, 0x69AD, 0x51EE, 0x3A0E,
    0x218C, 0x318C, 0x41AC, 0x216C, 0x196C, 0x316C, 0x318B, 0x318C, 0x198C, 0x19AD, 0x21CD, 0x31EE,
    0x422F, 0x524F, 0x6270, 0x6A90, 0x8290, 0x6250, 0x420F, 0x29EE, 0x19CE, 0x21CE, 0x21CE, 0x19AD,
    0x19CD, 0x19AD, 0x19AD, 0x19AD, 0x19AD, 0x19AD, 0x19AD, 0x19CD, 0x19CD, 0x19EE, 0x19EE, 0x19EE,
    0x19EE, 0x220F, 0x19EE, 0x19AD, 0x19AD, 0x19AD, 0x19AD, 0x19AD, 0x19AD, 0x19AD, 0x19EE, 0x220F,
    0x19CD, 0x21AD, 0x29AD, 0x298D, 0x31AD, 0x41AD, 0x41AD, 0x418E, 0x418D, 0x498D, 0x498C, 0x824D,
    0x9AAE, 0x92AF, 0x49ED, 0x198D, 0x29CD, 0x31CD, 0x49EE, 0x61EE, 0x820F, 0xB290, 0x622F, 0x19AE,
    0x21CE, 0x19CD, 0x19AD, 0x19AD, 0x19AD, 0x19AD, 0x19AD, 0x19AD, 0x21AD, 0x29CD, 0x31AE, 0x41EF,
    0x4A10, 0x51EF, 0x420F, 0x4A10, 0x21AD, 0x198C, 0x21AD, 0x39CE, 0x41CE, 0x49EF, 0x41AE, 0x318D,
    0x21AD, 0x19AD, 0x218C, 0x218C, 0x298D, 0x318D, 0x51CD, 0x69ED, 0x79ED, 0x79ED, 0x7A0D, 0x618C,
    0x418C, 0x118C, 0x198C, 0x21AD, 0x29AD, 0x29AD, 0x218D, 0x39AE, 0x41CD, 0x49EE, 0x59CE, 0x61CE,
    0x8A2F, 0x720F, 0x41EE, 0x4A0E, 0x41ED, 0x31AD, 0x39CF, 0x49EE, 0x822E, 0x9A6E, 0xB2D0, 0x4A2F,
    0x4290, 0x8B73, 0x8372, 0x9372, 0xD433, 0xC3F2, 0xA391, 0xBBB4, 0xCBB4, 0xDC15, 0xDC36, 0xDC56,
    0xDC56, 0xDC56, 0xDC56, 0xDC56, 0xE455, 0xE455, 0xE455, 0xE455, 0xE455, 0xE455, 0xE455, 0xE455,
    0xEC75, 0xEC75, 0xEC75, 0xEC75, 0xF4B4, 0xF4D4, 0xF4D4, 0xECD4, 0xF4F4, 0xF534, 0xFD53, 0xFD74,
    0xF4F4, 0xF4F4, 0xF4F4, 0xECF4, 0xF4F4, 0xF535, 0xF534, 0xF534, 0xF514, 0xF534, 0xFD94, 0xFD55,
    0xFD55, 0xF514, 0xF515, 0xF4F5, 0xEC94, 0xEC95, 0xECD5, 0xECB5, 0xECD5, 0xF534, 0xF534, 0xF576,
    0xFF5B, 0xF7BD, 0xF7DE, 0xF7FE, 0xEFDD, 0xF7FE, 0xF7FE, 0xF7FE, 0xF7FE, 0xF7FE, 0xF7FE, 0xF7FE,
    0xF7FE, 0xF7FE, 0xF7FE, 0xF7FE, 0xF7FE, 0xEF7C, 0xEE99, 0xF576, 0xF4F5, 0xEC74, 0xEE7A, 0xFFFE,
    0xEFDD, 0xF7DE, 0xF7FE, 0xEDF8, 0xECF5, 0xF4D5, 0xE4B5, 0xE536, 0xF7BD, 0xF77D, 0xF6DB, 0xED77,
    0xECB5, 0xEC95, 0xEC95, 0xEC95, 0xEC95, 0xECB5, 0xECB5, 0xF4F5, 0xF4F5, 0xF4F5, 0xECF5, 0xECD5,
    0xECB6, 0xEC96, 0xEC76, 0xEC76, 0xEC76, 0xEC76, 0xEC76, 0xEC76, 0xEC76, 0xEC76, 0xEC76, 0xECD6,
    0xECD6, 0xECB6, 0xEC96, 0xE476, 0xEC96, 0xEC96, 0xE495, 0xE476, 0xE476, 0xE476, 0xE476, 0xE476,
    0xE476, 0xEC76, 0xEC76, 0xEC76, 0xEC75, 0xE475, 0xEC96, 0xE4B7, 0x5A4B, 0x2106, 0x0023, 0x0864,
    0x10A5, 0x0863, 0x9330, 0xE4F8, 0x1844, 0x8AAD, 0xFD59, 0x620A, 0x18C5, 0x0084, 0x00A5, 0x00A5,
    0x3948, 0x2106, 0x0042, 0xB3F2, 0xECD7, 0xEC76, 0xDCB8, 0xD4D9, 0x51AA, 0x598A, 0x618A, 0x618B,
    0x698B, 0x698B, 0x718B, 0x698B, 0x392A, 0x312B, 0x214C, 0x194C, 0x116C, 0x198C, 0x118B, 0x116B,
    0x198C, 0x198C, 0x198B, 0x4A0D, 0x51EE, 0x416C, 0x29AC, 0x218C, 0x214C, 0x218C, 0x31CC, 0x194C,
    0x114C, 0x196B, 0x316B, 0x416B, 0x216B, 0x198C, 0x198D, 0x29EE, 0x31EE, 0x39EE, 0x4A2F, 0x5A70,
    0x7AD1, 0x6A90, 0x5250, 0x31EF, 0x19AE, 0x21AE, 0x19AD, 0x19AD, 0x19CD, 0x19AD, 0x19AD, 0x19AD,
    0x19AD, 0x19AE, 0x19CE, 0x19EE, 0x19EE, 0x19EE, 0x19CE, 0x220F, 0x220F, 0x2A30, 0x220F, 0x19EF,
    0x19AE, 0x19AD, 0x19AD, 0x19AD, 0x19AD, 0x19CD, 0x19CE, 0x19CE, 0x19AC, 0x21AD, 0x21AD, 0x19AD,
    0x19AD, 0x19AD, 0x21AD, 0x218D, 0x218D, 0x398D, 0x49AC, 0x69CD, 0x7A0D, 0x8A4E, 0x49AC, 0x218C,
    0x29CD, 0x31AD, 0x39AE, 0x620E, 0x7A2E, 0x9A6F, 0x69EE, 0x398D, 0x29CE, 0x19CD, 0x19AD, 0x19AD,
    0x19AD, 0x19AD, 0x19AD, 0x19AD, 0x19AD, 0x21AD, 0x21AD, 0x21AD, 0x39AE, 0x59EF, 0x41CE, 0x31CE,
    0x19AD, 0x19AD, 0x19AD, 0x21AD, 0x31AE, 0x4A30, 0x520F, 0x51EF, 0x29AD, 0x21AD, 0x19AC, 0x198C,
    0x198D, 0x298C, 0x418C, 0x51AD, 0x418C, 0x498C, 0x418C, 0x71AC, 0x618C, 0x218D, 0x19AD, 0x19AD,
    0x21AC, 0x21AD, 0x19AD, 0x21AD, 0x21CD, 0x21CD, 0x29CD, 0x39CD, 0x7A30, 0x6A2F, 0x49EE, 0x522E,
    0x522E, 0x41AD, 0x49AE, 0x41EE, 0x7A0F, 0x926E, 0xA2D0, 0x4A2F, 0x3A50, 0x52D0, 0x7311, 0x8B92,
    0xBBF2, 0xBBD1, 0xB3D1, 0xA311, 0xAAF2, 0xD3F5, 0xDC15, 0xDC56, 0xDC56, 0xDC56, 0xDC55, 0xDC56,
    0xDC56, 0xDC56, 0xDC55, 0xE455, 0xE455, 0xE455, 0xEC75, 0xEC75, 0xEC75, 0xEC75, 0xEC75, 0xEC55,
    0xEC95, 0xEC95, 0xF4B4, 0xEC95, 0xF4B4, 0xF514, 0xFD34, 0xFD74, 0xF4F4, 0xF4F4, 0xF4F4, 0xF4F4,
    0xF4F4, 0xF4F4, 0xF534, 0xFD54, 0xF514, 0xF555, 0xFD74, 0xF574, 0xFD74, 0xFD75, 0xF514, 0xECF4,
    0xF4F4, 0xECD5, 0xECB5, 0xF4B5, 0xECD5, 0xF534, 0xF534, 0xF556, 0xFF1B, 0xF79C, 0xF7BD, 0xEFFE,
    0xF7FE, 0xF7FE, 0xF7FE, 0xF7FE, 0xF7FE, 0xF7FE, 0xF7FE, 0xF7FE, 0xF7FE, 0xF7FE, 0xF7FE, 0xF7FE,
    0xF7FE, 0xF79D, 0xF73B, 0xF596, 0xF4F5, 0xEC94, 0xEE79, 0xEFFE, 0xF7DD, 0xF7DD, 0xF7FE, 0xEE38,
    0xED15, 0xF4D5, 0xECD5, 0xE536, 0xF7DE, 0xF6DB, 0xE4D5, 0xF4F6, 0xECD5, 0xECB5, 0xECB5, 0xEC95,
    0xEC95, 0xECB6, 0xF4F6, 0xF4F5, 0xF4F5, 0xECD5, 0xECB5, 0xECB5, 0xEC95, 0xEC96, 0xEC76, 0xEC76,
    0xEC76, 0xEC76, 0xEC76, 0xEC76, 0xEC76, 0xEC76, 0xEC75, 0xECB6, 0xECD5, 0xEC95, 0xE496, 0xE476,
    0xE496, 0xE476, 0xE476, 0xE476, 0xE476, 0xE476, 0xE476, 0xE476, 0xE476, 0xEC76, 0xEC76, 0xEC76,
    0xE475, 0xE495, 0xE475, 0xDC75, 0xCCD6, 0x8350, 0x2906, 0x18A5, 0x10A4, 0x0843, 0x92F0, 0xDC96,
    0x2066, 0x82AE, 0xF4D6, 0xAB70, 0x6A6C, 0x0084, 0x00A5, 0x0885, 0x0064, 0x18C5, 0x3946, 0xBBD3,
    0xE496, 0xEC96, 0xD456, 0xC415, 0x3928, 0x4949, 0x5149, 0x616A, 0x618B, 0x618A, 0x79AB, 0x79AB,
    0x392A, 0x314B, 0x216D, 0x196C, 0x196B, 0x116B, 0x116B, 0x118B, 0x116B, 0x118B, 0x118B, 0x198B,
    0x196B, 0x194B, 0x194B, 0x196B, 0x196C, 0x196B, 0x116B, 0x196C, 0x196C, 0x116C, 0x316B, 0x398B,
    0x29AB, 0x298C, 0x218D, 0x19AC, 0x21AD, 0x31EE, 0x39EE, 0x420E, 0x5A71, 0x5270, 0x4270, 0x2A0E,
    0x19CE, 0x19AD, 0x19AD, 0x19CD, 0x19CD, 0x19CD, 0x19CD, 0x19CD, 0x19CE, 0x19EE, 0x19EF, 0x21EF,
    0x21EF, 0x220F, 0x2210, 0x2210, 0x220F, 0x2230, 0x2250, 0x2A30, 0x19CE, 0x19CE, 0x19AD, 0x19AD,
    0x19AD, 0x19CD, 0x19CD, 0x19AD, 0x19AD, 0x19AD, 0x19AD, 0x19AD, 0x19AD, 0x19AD, 0x21AD, 0x21AD,
    0x218D, 0x49CE, 0x724E, 0x59ED, 0x49CD, 0x496B, 0x318B, 0x298C, 0x29AD, 0x298D, 0x39AD, 0x6A2E,
    0x8A2E, 0x9A4F, 0x820D, 0x618D, 0x29CD, 0x21CD, 0x19AD, 0x19AD, 0x19AD, 0x19AD, 0x19AD, 0x11AC,
    0x19AD, 0x21AD, 0x21AD, 0x29AD, 0x49CD, 0x8A90, 0x59CE, 0x398D, 0x21AD, 0x19AD, 0x19AD, 0x19AD,
    0x21AD, 0x29CE, 0x41EE, 0x5A10, 0x520F, 0x31EE, 0x198C, 0x19AD, 0x218C, 0x31AC, 0x51CD, 0x6A0E,
    0x7A4E, 0x6A0E, 0x398C, 0x71ED, 0x69EE, 0x39CE, 0x29CD, 0x19AC, 0x19AD, 0x19AD, 0x19AD, 0x19AD,
    0x21AD, 0x19AD, 0x21AD, 0x29CD, 0x51CF, 0x41CE, 0x39AD, 0x49CD, 0x61CE, 0x924F, 0x69EE, 0x51CE,
    0x518D, 0x720D, 0xA2EF, 0x59EE, 0x420F, 0x4A50, 0x5AD0, 0x7B32, 0x8B10, 0xB3B2, 0xDC94, 0x9B31,
    0x92B1, 0xC3D4, 0xD3F5, 0xDC36, 0xDC56, 0xDC56, 0xDC56, 0xDC56, 0xDC56, 0xDC56, 0xDC55, 0xDC55,
    0xE455, 0xE475, 0xE475, 0xE475, 0xEC75, 0xEC75, 0xEC75, 0xEC75, 0xEC75, 0xEC75, 0xEC75, 0xEC75,
    0xEC94, 0xF4F4, 0xF533, 0xFD54, 0xF4F4, 0xF4D4, 0xF4F4, 0xF4F4, 0xF4F4, 0xF4F4, 0xF4D4, 0xF4F4,
    0xF534, 0xF535, 0xF535, 0xF514, 0xF535, 0xFD55, 0xFD75, 0xFD74, 0xFD54, 0xF515, 0xECB5, 0xF4B5,
    0xF4D5, 0xF534, 0xF534, 0xF555, 0xFF1A, 0xFF7B, 0xF79C, 0xF7DD, 0xEFFE, 0xF7FE, 0xF7FE, 0xF7FE,
    0xF7FE, 0xF7FE, 0xF7FE, 0xF7FE, 0xF7FE, 0xF7FE, 0xF7FE, 0xF7FE, 0xF7FD, 0xF7FD, 0xF7FE, 0xEDB7,
    0xECF5, 0xEC95, 0xEE7A, 0xF7FE, 0xF7DD, 0xF7DE, 0xF7FE, 0xEE79, 0xE576, 0xECD5, 0xECD6, 0xE556,
    0xF77C, 0xF69A, 0xECD6, 0xECD6, 0xECD5, 0xF4F5, 0xF4D6, 0xF4B5, 0xF4B5, 0xF4D6, 0xF4D6, 0xF4D6,
    0xF4D6, 0xEC95, 0xEC76, 0xEC76, 0xEC75, 0xEC76, 0xEC96, 0xEC96, 0xEC76, 0xEC76, 0xEC76, 0xEC76,
    0xEC76, 0xEC76, 0xEC75, 0xECB6, 0xECB6, 0xE476, 0xE476, 0xE476, 0xE476, 0xE476, 0xE476, 0xE476,
    0xE476, 0xE476, 0xE476, 0xEC76, 0xEC76, 0xE476, 0xE476, 0xE476, 0xEC76, 0xEC76, 0xEC75, 0xE475,
    0xCC55, 0xC476, 0xC4D7, 0x4989, 0x28E6, 0x0843, 0x8AEF, 0xDC77, 0x2065, 0x828D, 0xF4D7, 0xE4F7,
    0xABD2, 0x0063, 0x00A4, 0x08A4, 0x0063, 0x4A2A, 0xCCD5, 0xD475, 0xE476, 0xEC76, 0xE476, 0xE476,
    0x1864, 0x28C6, 0x4929, 0x38E7, 0x38E7, 0x5129, 0x79AA, 0x89CB, 0x596A, 0x496B, 0x294C, 0x314C,
    0x216B, 0x116B, 0x116B, 0x116B, 0x116B, 0x118B, 0x118B, 0x196B, 0x196B, 0x114B, 0x196C, 0x196C,
    0x198C, 0x198C, 0x196C, 0x19CD, 0x21CE, 0x114C, 0x5230, 0x7AD1, 0x8310, 0x8B32, 0x8B72, 0x31CC,
    0x196C, 0x218C, 0x29AD, 0x31EE, 0x31EE, 0x31EE, 0x29CD, 0x21CD, 0x19CE, 0x19AD, 0x19AD, 0x19CD,
    0x19CD, 0x19CD, 0x19CD, 0x19CE, 0x19CE, 0x19CE, 0x19CE, 0x19CE, 0x19CE, 0x19EE, 0x21EF, 0x21EF,
    0x21EF, 0x1A0F, 0x220F, 0x2230, 0x220F, 0x19EE, 0x11AD, 0x19CD, 0x19AD, 0x19CD, 0x19CD, 0x19AD,
    0x19AD, 0x19AD, 0x19AD, 0x198D, 0x198D, 0x19AD, 0x19AD, 0x21AD, 0x218D, 0x31AD, 0x49AD, 0x49AD,
    0x49CD, 0x620D, 0x6A4E, 0x624F, 0x29AD, 0x31AD, 0x49EE, 0x822E, 0x9A6F, 0xA26F, 0xA28F, 0x9A90,
    0x29AC, 0x19AD, 0x19AD, 0x198D, 0x19AD, 0x19AD, 0x19AD, 0x19CD, 0x21AD, 0x21CD, 0x29AD, 0x39AD,
    0x59ED, 0x9A6F, 0x7A0E, 0x59EE, 0x318D, 0x218D, 0x19AD, 0x19AD, 0x19AD, 0x21AD, 0x31CE, 0x41EF,
    0x49CF, 0x31CE, 0x11AC, 0x19AD, 0x19AD, 0x296D, 0x316D, 0x498D, 0x822C, 0x720C, 0x51CE, 0x418C,
    0x418B, 0x51CD, 0x31AD, 0x19AC, 0x19AD, 0x19AD, 0x11CD, 0x19CD, 0x19CD, 0x19CD, 0x19AD, 0x21AD,
    0x31AD, 0x29CD, 0x29AD, 0x49CE, 0x69EE, 0x7A0E, 0x8A4F, 0x9270, 0x61ED, 0x7A2E, 0xA2AF, 0xAAB0,
    0x8A90, 0x4210, 0x4A30, 0x4A50, 0x6AF0, 0x9B51, 0xC3F1, 0x9310, 0x82B1, 0x8A6F, 0xBB73, 0xDC15,
    0xDC56, 0xDC56, 0xDC56, 0xDC56, 0xDC56, 0xDC56, 0xDC56, 0xDC56, 0xDC55, 0xE455, 0xE455, 0xE455,
    0xE475, 0xEC75, 0xEC75, 0xEC75, 0xEC75, 0xEC75, 0xEC75, 0xEC75, 0xEC94, 0xF4F4, 0xF534, 0xFD54,
    0xF4D4, 0xF4D4, 0xF4D4, 0xF4F4, 0xF4F5, 0xF4D4, 0xF4D4, 0xF4F4, 0xF514, 0xF514, 0xF515, 0xF4F4,
    0xF4F4, 0xF534, 0xF554, 0xF574, 0xFD74, 0xF554, 0xFD34, 0xF4B5, 0xF4D5, 0xF534, 0xF535, 0xF555,
    0xFEFA, 0xFF5B, 0xF75B, 0xF7DD, 0xF7FE, 0xF7FE, 0xF7FE, 0xF7FE, 0xF7FE, 0xF7FE, 0xF7FE, 0xF7FE,
    0xF7FE, 0xF7FE, 0xF7FE, 0xF7FE, 0xF7FD, 0xF7FD, 0xF7FE, 0xED97, 0xECD5, 0xEC95, 0xEE9A, 0xF7FE,
    0xF7DD, 0xF7DE, 0xF7FE, 0xEE59, 0xED56, 0xECD5, 0xE597, 0xE5F8, 0xED97, 0xED76, 0xECF6, 0xECF6,
    0xF4F5, 0xF4F5, 0xF4F5, 0xF4B5, 0xF4B5, 0xF4D6, 0xF4D6, 0xEC95, 0xEC96, 0xEC75, 0xEC76, 0xEC76,
    0xEC76, 0xEC76, 0xE496, 0xE496, 0xEC76, 0xEC76, 0xEC75, 0xEC75, 0xEC75, 0xEC75, 0xE475, 0xE495,
    0xE476, 0xE476, 0xE476, 0xE476, 0xE476, 0xE476, 0xE476, 0xE476, 0xE476, 0xE476, 0xE476, 0xEC76,
    0xEC76, 0xE476, 0xE476, 0xE476, 0xEC76, 0xEC76, 0xE476, 0xE476, 0xDC56, 0xD416, 0xB3F6, 0xC458,
    0xA3F5, 0x0843, 0x8AEF, 0xD476, 0x2085, 0x82AE, 0xECD7, 0xECB6, 0xABB2, 0x0063, 0x00A4, 0x00A4,
    0x0063, 0x5A0B, 0xE4D7, 0xDC76, 0xE476, 0xE476, 0xE476, 0xEC76, 0x1084, 0x18C5, 0x28E6, 0x20C6,
    0x30E7, 0x5929, 0x79AB, 0x89EC, 0x718B, 0x71AB, 0x7A0C, 0x396C, 0x194C, 0x116B, 0x116B, 0x118B,
    0x118B, 0x116B, 0x116B, 0x116B, 0x116B, 0x116B, 0x116C, 0x118C, 0x116C, 0x198C, 0x118C, 0x21EE,
    0x21EF, 0x116D, 0x29EE, 0x320F, 0x39CE, 0x420F, 0x4AB1, 0x19AD, 0x21AE, 0x4A30, 0x72B1, 0x9331,
    0x8B32, 0x5A6F, 0x296D, 0x198D, 0x198D, 0x19AD, 0x19AD, 0x19CD, 0x19CD, 0x19CE, 0x19CE, 0x19CE,
    0x19CE, 0x19AE, 0x19AD, 0x19AD, 0x19CD, 0x19CE, 0x19CE, 0x19CE, 0x19CE, 0x19EE, 0x19EF, 0x19EF,
    0x220F, 0x19EE, 0x19CD, 0x19CD, 0x19CD, 0x19CD, 0x19CD, 0x19AD, 0x19AD, 0x19AD, 0x19AD, 0x21AD,
    0x21AD, 0x19AD, 0x19AD, 0x21AD, 0x218D, 0x21AD, 0x29AC, 0x318C, 0x41AC, 0x8A4F, 0x9A6F, 0x926F,
    0x296C, 0x398D, 0x59CD, 0x61ED, 0x720D, 0x820D, 0x81ED, 0x79CD, 0x398D, 0x298D, 0x19AD, 0x19AD,
    0x19AD, 0x19AD, 0x19AD, 0x19AD, 0x21AD, 0x29AD, 0x398D, 0x498D, 0x61CD, 0x922F, 0xAA6F, 0xB290,
    0x59AC, 0x318C, 0x19AD, 0x19CD, 0x19AD, 0x19AD, 0x29CE, 0x39CE, 0x51CF, 0x31AE, 0x198C, 0x19AD,
    0x19AD, 0x198C, 0x216C, 0x298C, 0x722D, 0x7A2E, 0x7A2F, 0x7A2D, 0x61ED, 0x396D, 0x29AD, 0x11AC,
    0x198C, 0x19EE, 0x2270, 0x2A2F, 0x222F, 0x11AD, 0x19AD, 0x19AD, 0x21AD, 0x21AD, 0x21AD, 0x31AD,
    0x39CD, 0x41CD, 0x6A2E, 0x824F, 0x926F, 0x824F, 0x61ED, 0xA28F, 0xAA90, 0x9A90, 0x6250, 0x3A30,
    0x5AB0, 0x9371, 0xDC72, 0x72EF, 0x5A50, 0x82B1, 0xAB12, 0xCB73, 0xDC35, 0xDC56, 0xDC56, 0xDC56,
    0xDC56, 0xDC56, 0xDC56, 0xDC56, 0xDC56, 0xE456, 0xE455, 0xE455, 0xE475, 0xEC75, 0xEC75, 0xEC75,
    0xEC75, 0xEC75, 0xEC95, 0xF4B5, 0xF4B4, 0xECB4, 0xECB4, 0xF4B4, 0xF495, 0xF4B5, 0xF4D4, 0xF4D4,
    0xF4D5, 0xF4D4, 0xF4F5, 0xF4F4, 0xF4F4, 0xF4F4, 0xF4F4, 0xF515, 0xF535, 0xFD54, 0xF554, 0xF534,
    0xF534, 0xF534, 0xFD55, 0xF4F4, 0xF4D4, 0xF534, 0xF535, 0xF555, 0xF6D9, 0xF73A, 0xF71B, 0xF7BD,
    0xF7FE, 0xF7FE, 0xF7FE, 0xF7FE, 0xF7FE, 0xF7FE, 0xF7FE, 0xF7FE, 0xF7FE, 0xF7FE, 0xF7FE, 0xF7FE,
    0xF7FD, 0xF7FD, 0xF7FE, 0xED97, 0xECF5, 0xE4F5, 0xE69A, 0xF7FE, 0xF7DD, 0xF7DE, 0xF7FE, 0xEEDA,
    0xEE18, 0xECB4, 0xEE39, 0xF6DB, 0xED36, 0xED15, 0xECB6, 0xECF6, 0xF4D5, 0xECD5, 0xECB6, 0xEC95,
    0xEC95, 0xEC95, 0xEC95, 0xEC95, 0xEC75, 0xEC75, 0xEC76, 0xEC76, 0xEC76, 0xEC76, 0xE496, 0xE496,
    0xEC76, 0xEC76, 0xEC95, 0xECB5, 0xEC96, 0xEC96, 0xE475, 0xE475, 0xE476, 0xE476, 0xE476, 0xE476,
    0xE476, 0xE476, 0xE476, 0xE476, 0xE476, 0xE476, 0xE476, 0xEC76, 0xEC76, 0xE476, 0xE476, 0xE476,
    0xEC76, 0xEC76, 0xE476, 0xE476, 0xCC37, 0xB417, 0xABF7, 0xB439, 0xABD6, 0x3106, 0x9B71, 0xD4D7,
    0x1885, 0x828E, 0xECD7, 0xEC96, 0xABB2, 0x0063, 0x00A4, 0x00A4, 0x0063, 0x59EB, 0xECB7, 0xDC76,
    0xEC76, 0xEC76, 0xE476, 0xEC76, 0x10A5, 0x10A5, 0x10A5, 0x20C6, 0x3908, 0x614A, 0x71AB, 0x79CB,
    0x718B, 0x81EB, 0xAA6C, 0x394B, 0x112B, 0x116C, 0x118C, 0x118B, 0x118B, 0x118B, 0x118B, 0x118C,
    0x11AC, 0x19AD, 0x198C, 0x198C, 0x19AD, 0x19AD, 0x118D, 0x21EF, 0x220F, 0x198D, 0x19AE, 0x19D0,
    0x118E, 0x19AF, 0x2A10, 0x19AE, 0x21CF, 0x3A31, 0x82D1, 0xBB72, 0x8AAF, 0x724D, 0x61ED, 0x6A8F,
    0x5A90, 0x11AE, 0x19AD, 0x19CD, 0x19CD, 0x19CD, 0x19CE, 0x19CE, 0x19CD, 0x19CD, 0x19CD, 0x19CD,
    0x19AD, 0x19AD, 0x19CD, 0x19CD, 0x19CE, 0x19CE, 0x19CE, 0x19CE, 0x19CE, 0x19EE, 0x21EE, 0x21CD,
    0x19AD, 0x19AD, 0x19AD, 0x19CD, 0x21EE, 0x21CE, 0x19CE, 0x21AD, 0x21AD, 0x21AD, 0x21AD, 0x218D,
    0x218D, 0x218C, 0x218C, 0x318D, 0x39AC, 0x61CD, 0x71ED, 0x79EE, 0x69EE, 0x61CE, 0x59CD, 0x41CD,
    0x49CD, 0x71ED, 0x820E, 0x8A0E, 0x392C, 0x314C, 0x318C, 0x118C, 0x116C, 0x19AD, 0x19AC, 0x19AC,
    0x198C, 0x298D, 0x318D, 0x418D, 0x51AD, 0x720E, 0x8A4E, 0x9A4E, 0x9A6E, 0x6A0D, 0x216C, 0x19AD,
    0x19CD, 0x19AD, 0x21AD, 0x318E, 0x5210, 0x39CE, 0x198C, 0x198D, 0x19AC, 0x19AC, 0x198D, 0x21AC,
    0x41AD, 0x59CD, 0x822D, 0x924E, 0x7A0E, 0x292B, 0x216C, 0x11AD, 0x198D, 0x1A0F, 0x2A71, 0x2A71,
    0x2270, 0x220E, 0x21EF, 0x21EE, 0x19AD, 0x19CD, 0x19CD, 0x21AD, 0x31CD, 0x41EE, 0x4A0E, 0x5A2D,
    0x926F, 0x7A0F, 0x496C, 0x8250, 0x9290, 0x9A6F, 0x6A4E, 0x4A30, 0x4A2F, 0x9331, 0xE494, 0x6A8F,
    0x49EE, 0x7291, 0x92B0, 0xB2F1, 0xDC36, 0xDC56, 0xDC56, 0xDC56, 0xDC56, 0xDC56, 0xDC36, 0xDC36,
    0xDC35, 0xDC56, 0xE455, 0xE475, 0xE475, 0xEC75, 0xEC75, 0xEC75, 0xEC75, 0xEC75, 0xEC75, 0xF4B4,
    0xF4D4, 0xEC74, 0xECB4, 0xF4D4, 0xF4D4, 0xF4D4, 0xECB4, 0xF4D5, 0xF4D5, 0xF4D5, 0xF4B4, 0xECD4,
    0xF4F4, 0xF4F4, 0xF4F4, 0xF4F4, 0xF514, 0xF514, 0xF554, 0xF554, 0xF514, 0xF514, 0xF514, 0xF534,
    0xF534, 0xFD55, 0xFD35, 0xF555, 0xF6D9, 0xF6D9, 0xF6B9, 0xF7BC, 0xF7DE, 0xF7FE, 0xF7FE, 0xF7FE,
    0xF7FE, 0xF7FE, 0xF7FE, 0xF7FE, 0xF7FE, 0xF7FE, 0xF7FE, 0xF7FE, 0xF7FE, 0xF7FE, 0xF7FE, 0xED97,
    0xED97, 0xEEDB, 0xF75C, 0xEFFE, 0xF7FE, 0xF7FE, 0xF7FD, 0xF7BD, 0xF6FB, 0xEC95, 0xF69A, 0xFF7C,
    0xED36, 0xECF6, 0xEC95, 0xECB6, 0xECB5, 0xEC95, 0xEC95, 0xEC96, 0xEC96, 0xEC75, 0xEC75, 0xEC76,
    0xEC75, 0xEC76, 0xEC76, 0xEC76, 0xEC76, 0xEC76, 0xEC76, 0xEC76, 0xEC95, 0xECB5, 0xECB6, 0xF4B6,
    0xEC95, 0xEC96, 0xE476, 0xE476, 0xE476, 0xE476, 0xE476, 0xE476, 0xE476, 0xE476, 0xE476, 0xE476,
    0xE476, 0xE476, 0xE496, 0xEC76, 0xEC76, 0xE476, 0xE476, 0xE476, 0xE476, 0xE476, 0xE496, 0xE477,
    0xB437, 0xA418, 0xA418, 0xA419, 0xA3F7, 0xB3F3, 0x82CE, 0x51EB, 0x1085, 0x828E, 0xECD7, 0xEC96,
    0xABB2, 0x0063, 0x00A4, 0x00C4, 0x0063, 0x5A0B, 0xECB7, 0xE456, 0xE476, 0xE476, 0xE476, 0xEC76,
    0x0864, 0x18C5, 0x2907, 0x3907, 0x4948, 0x696A, 0x718A, 0x79AA, 0x79CB, 0x920B, 0xB24C, 0x79CC,
    0x498C, 0x114B, 0x116B, 0x118B, 0x118C, 0x118B, 0x118B, 0x19CE, 0x19CF, 0x19CF, 0x19AD, 0x198C,
    0x21EF, 0x19CE, 0x19AE, 0x19CE, 0x19CE, 0x198D, 0x19CF, 0x1A10, 0x19CE, 0x21CF, 0x2210, 0x19AE,
    0x19CE, 0x2A10, 0x5A70, 0x8AF0, 0x92EF, 0x8AAF, 0x724E, 0x9B30, 0x8B50, 0x11AD, 0x19CD, 0x19CD,
    0x19CD, 0x19CD, 0x19CE, 0x19CD, 0x19CD, 0x19CD, 0x19CD, 0x19CD, 0x19AD, 0x19AD, 0x19CD, 0x19CD,
    0x19CD, 0x19CD, 0x19CD, 0x19CE, 0x19CE, 0x19CE, 0x21CE, 0x21CD, 0x21AD, 0x19AD, 0x21CE, 0x21EE,
    0x2A0F, 0x21EF, 0x19AE, 0x21AD, 0x21AD, 0x21AD, 0x21AC, 0x218C, 0x218C, 0x218C, 0x218C, 0x298D,
    0x316C, 0x318C, 0x51CD, 0x71CE, 0x69EE, 0x61CD, 0x41AD, 0x318C, 0x398D, 0x598C, 0x820E, 0xA26F,
    0x69CD, 0x69CD, 0x79ED, 0x5A0D, 0x4A0D, 0x19AC, 0x19AC, 0x19AC, 0x218C, 0x218C, 0x298D, 0x318C,
    0x39AC, 0x49ED, 0x61ED, 0x720D, 0xC290, 0x8A4E, 0x318C, 0x21CD, 0x19AC, 0x19AD, 0x21AD, 0x29AD,
    0x420F, 0x31CE, 0x116C, 0x11AC, 0x11AC, 0x19AC, 0x198C, 0x21AC, 0x216C, 0x31AD, 0x69ED, 0x71CD,
    0x71AD, 0x618C, 0x398D, 0x11AC, 0x11AD, 0x19EF, 0x2251, 0x2271, 0x2A91, 0x222F, 0x2A50, 0x2A30,
    0x19AD, 0x19AD, 0x19CD, 0x21EE, 0x31CE, 0x51EF, 0x41ED, 0x39CC, 0x722E, 0x7A0E, 0x6A0E, 0x5A2E,
    0x5A4F, 0x824F, 0x622F, 0x422F, 0x3A2F, 0x6AD0, 0xA391, 0x9B50, 0x8B30, 0x622F, 0x8A90, 0xAB11,
    0xDC36, 0xDC36, 0xDC56, 0xDC56, 0xDC56, 0xDC56, 0xDC36, 0xDC36, 0xDC35, 0xDC56, 0xE456, 0xE455,
    0xE455, 0xEC75, 0xEC75, 0xEC75, 0xEC75, 0xEC75, 0xEC75, 0xF4D5, 0xF4B5, 0xEC94, 0xF4D4, 0xF515,
    0xF515, 0xF4D5, 0xEC94, 0xF4B5, 0xF4B5, 0xF4B5, 0xEC94, 0xE494, 0xF4D5, 0xF4D4, 0xF4F4, 0xF4D4,
    0xF4D4, 0xF4D4, 0xF514, 0xF534, 0xF554, 0xF534, 0xECF4, 0xF534, 0xFD55, 0xF534, 0xF534, 0xF555,
    0xF617, 0xF637, 0xEE38, 0xF79C, 0xF7FE, 0xEFFE, 0xF7FE, 0xF7FE, 0xF7FE, 0xF7FE, 0xF7FE, 0xF7FE,
    0xF7FE, 0xF7FE, 0xF7FE, 0xF7FE, 0xF7FE, 0xF7FE, 0xF7FE, 0xE577, 0xE5F8, 0xFFFE, 0xF7DE, 0xEFFD,
    0xF7FE, 0xF7FE, 0xF7FE, 0xF7FE, 0xF75C, 0xECB6, 0xF619, 0xEEBA, 0xED16, 0xECD5, 0xEC95, 0xEC95,
    0xECB5, 0xECB5, 0xEC95, 0xEC76, 0xEC76, 0xEC76, 0xEC76, 0xEC76, 0xEC76, 0xEC76, 0xEC76, 0xEC76,
    0xEC76, 0xEC76, 0xEC76, 0xEC76, 0xECB6, 0xECD6, 0xF4B6, 0xF4B6, 0xEC95, 0xE496, 0xE476, 0xE476,
    0xE476, 0xE476, 0xE476, 0xE476, 0xE476, 0xE476, 0xE476, 0xE476, 0xE476, 0xE476, 0xE496, 0xEC76,
    0xEC76, 0xE476, 0xE476, 0xE496, 0xE476, 0xE476, 0xE475, 0xDC77, 0xAC17, 0xA418, 0xA418, 0xA418,
    0xAC18, 0xF53A, 0x6A4C, 0x0023, 0x0864, 0x828E, 0xECB7, 0xEC96, 0xB3B2, 0x0063, 0x00A4, 0x00A4,
    0x0043, 0x520B, 0xECD7, 0xE456, 0xE476, 0xE476, 0xE476, 0xEC76, 0x18A5, 0x2106, 0x3127, 0x4169,
    0x5189, 0x698A, 0x71AB, 0x798B, 0x81AB, 0x89CA, 0x91CB, 0x89EB, 0x69AC, 0x114B, 0x116B, 0x118B,
    0x11AC, 0x11AC, 0x11AD, 0x2210, 0x2210, 0x2210, 0x19CE, 0x118D, 0x2210, 0x19EF, 0x19CE, 0x19CE,
    0x19AE, 0x118D, 0x19CF, 0x19F0, 0x19EF, 0x21EF, 0x2210, 0x19CE, 0x19EE, 0x2210, 0x4210, 0x6250,
    0xBBB3, 0x9B31, 0x726F, 0x8AF0, 0x7ACF, 0x19AD, 0x19AD, 0x19CD, 0x19CD, 0x19CD, 0x19CE, 0x19AD,
    0x19AD, 0x19CD, 0x19CD, 0x19CD, 0x19AD, 0x19AD, 0x19AD, 0x19AD, 0x19AD, 0x19AD, 0x19CD, 0x19CD,
    0x19AD, 0x19CE, 0x19CD, 0x21AD, 0x21AD, 0x19AD, 0x21EE, 0x21EE, 0x2A0E, 0x21EE, 0x21CE, 0x21AD,
    0x21AD, 0x21AD, 0x21AC, 0x21AC, 0x218C, 0x218C, 0x218C, 0x198C, 0x296C, 0x218D, 0x51ED, 0x6A2E,
    0x316C, 0x316C, 0x218D, 0x218C, 0x318D, 0x498D, 0x61CD, 0x822E, 0x824F, 0x8A4E, 0x922E, 0x9A6F,
    0x7A6F, 0x19AC, 0x19AD, 0x21AD, 0x218D, 0x218C, 0x218C, 0x298C, 0x298C, 0x298C, 0x59CD, 0x69EE,
    0xA24E, 0x8A2E, 0x5A0E, 0x29AD, 0x19AC, 0x19AD, 0x19AD, 0x21AD, 0x31CD, 0x29CD, 0x19AD, 0x198C,
    0x118C, 0x198C, 0x198C, 0x218D, 0x198D, 0x21AD, 0x41AD, 0x51CC, 0x71ED, 0xAA2F, 0x59CD, 0x116C,
    0x198D, 0x19CE, 0x1A30, 0x2271, 0x2250, 0x1A0F, 0x222F, 0x222F, 0x19EE, 0x19EE, 0x19AD, 0x220F,
    0x320F, 0x41CE, 0x41CD, 0x39EE, 0x49ED, 0x6A2F, 0x8AD1, 0x39EE, 0x39EE, 0x626F, 0x4A2F, 0x320E,
    0x324F, 0x5290, 0x72D0, 0xB413, 0xBC33, 0x520F, 0x8290, 0xAB11, 0xDBF5, 0xDC15, 0xDC36, 0xDC56,
    0xDC56, 0xDC56, 0xDC36, 0xDC36, 0xDC35, 0xDC56, 0xDC56, 0xDC55, 0xE455, 0xE476, 0xEC75, 0xEC75,
    0xEC75, 0xEC75, 0xEC75, 0xECB5, 0xECB5, 0xEC95, 0xECB5, 0xF4B5, 0xF4F5, 0xF4D5, 0xEC95, 0xECB5,
    0xECB5, 0xF4B5, 0xE475, 0xDC55, 0xECB5, 0xF4D5, 0xF4D5, 0xF4D5, 0xF4D4, 0xF4B4, 0xF4D5, 0xF4F4,
    0xFD55, 0xF535, 0xECF4, 0xF514, 0xF514, 0xECD4, 0xF534, 0xF574, 0xF574, 0xF595, 0xEDD6, 0xF77C,
    0xF7FE, 0xEFFE, 0xF7FE, 0xF7FE, 0xF7FE, 0xF7FE, 0xF7FE, 0xF7FE, 0xF7FE, 0xF7FE, 0xF7FE, 0xF7FE,
    0xF7FE, 0xF7FE, 0xF7FE, 0xED97, 0xEDD7, 0xFFDD, 0xEFDD, 0xEFFE, 0xF7DE, 0xF7DE, 0xF7DD, 0xF7FE,
    0xF75C, 0xECD6, 0xED36, 0xED57, 0xECB5, 0xECB5, 0xECB5, 0xECB6, 0xECB6, 0xECB5, 0xEC96, 0xEC75,
    0xEC75, 0xEC76, 0xEC76, 0xEC76, 0xEC76, 0xEC76, 0xEC76, 0xEC76, 0xEC76, 0xEC76, 0xEC96, 0xEC76,
    0xEC96, 0xECD6, 0xECB6, 0xF4B6, 0xEC95, 0xE496, 0xE476, 0xE476, 0xE476, 0xE476, 0xE476, 0xE476,
    0xE476, 0xE476, 0xE476, 0xE476, 0xE476, 0xE476, 0xE496, 0xEC76, 0xEC76, 0xE476, 0xE476, 0xEC96,
    0xEC96, 0xE476, 0xDC77, 0xCC57, 0xABF8, 0xABF8, 0xA418, 0xA418, 0xAC17, 0xDCB9, 0x622C, 0x0843,
    0x0064, 0x7A8D, 0xECB7, 0xECB6, 0xB3B2, 0x0063, 0x00A4, 0x00A4, 0x0043, 0x5A0B, 0xECB7, 0xDC56,
    0xE476, 0xE476, 0xE476, 0xEC76, 0x2989, 0x1927, 0x0864, 0x3148, 0x518A, 0x598A, 0x698A, 0x718A,
    0x696A, 0x696A, 0x696A, 0x40E8, 0x38E9, 0x416B, 0x296B, 0x118B, 0x118C, 0x19CD, 0x1A10, 0x1A10,
    0x21F0, 0x21EF, 0x19CE, 0x19CD, 0x2210, 0x19CE, 0x198D, 0x2210, 0x1A0F, 0x118D, 0x19CE, 0x21EF,
    0x2210, 0x21EF, 0x19CF, 0x1A0F, 0x1A0E, 0x19CF, 0x3210, 0x4A71, 0xA332, 0x9B10, 0x8AF0, 0x724F,
    0x520D, 0x19AD, 0x19AD, 0x19CD, 0x19CD, 0x19AD, 0x19AD, 0x19CD, 0x19CD, 0x19AD, 0x19AD, 0x19AD,
    0x19AD, 0x19AD, 0x19AD, 0x19AD, 0x19AD, 0x19AD, 0x19CD, 0x19AD, 0x19AD, 0x19CE, 0x21CE, 0x21CD,
    0x19AD, 0x19AD, 0x21AD, 0x21CD, 0x21CE, 0x21CE, 0x21EE, 0x21AD, 0x19AC, 0x19AC, 0x21AC, 0x218C,
    0x21AC, 0x198C, 0x198C, 0x198C, 0x218C, 0x218C, 0x29AD, 0x31AE, 0x296C, 0x29AC, 0x29AD, 0x218D,
    0x298D, 0x49EE, 0x41AD, 0x416C, 0x61EE, 0x59CD, 0x518C, 0x79ED, 0x71ED, 0x218C, 0x198C, 0x198C,
    0x198D, 0x218C, 0x218C, 0x218C, 0x298C, 0x296C, 0x49AD, 0x51CD, 0x71EE, 0x822E, 0x9A4F, 0x41AD,
    0x298C, 0x218D, 0x298E, 0x318D, 0x218D, 0x29AD, 0x29EE, 0x218D, 0x198C, 0x198C, 0x198C, 0x198C,
    0x198C, 0x218C, 0x216C, 0x620E, 0x822E, 0x99EE, 0x61CD, 0x298C, 0x19AC, 0x19EE, 0x2230, 0x2250,
    0x2230, 0x19CD, 0x19CE, 0x19EE, 0x2270, 0x1A2E, 0x19AD, 0x2230, 0x2A50, 0x29AD, 0x420E, 0x4A2F,
    0x31CE, 0x41EE, 0x6A6F, 0x320E, 0x29EE, 0x320F, 0x320F, 0x3A2F, 0x2A0F, 0x5AB1, 0x9B53, 0xA371,
    0x9B51, 0x5230, 0x7270, 0x9AB1, 0xCB93, 0xD3B4, 0xDBF5, 0xDC35, 0xDC56, 0xDC36, 0xDC56, 0xDC56,
    0xDC35, 0xDC36, 0xDC35, 0xDC35, 0xDC55, 0xE475, 0xEC75, 0xEC75, 0xEC75, 0xEC75, 0xEC75, 0xEC75,
    0xEC75, 0xEC75, 0xEC75, 0xEC75, 0xF4B5, 0xECB4, 0xEC94, 0xECB5, 0xECB4, 0xF4B5, 0xD456, 0xC415,
    0xEC94, 0xF495, 0xF4B5, 0xF4B5, 0xF4B5, 0xF494, 0xF4B5, 0xF4D5, 0xF4F5, 0xFD15, 0xF515, 0xF4F4,
    0xF4F4, 0xECD5, 0xF514, 0xFD54, 0xF554, 0xF554, 0xED75, 0xF77C, 0xF7FE, 0xF7DD, 0xF7FD, 0xF7FE,
    0xF7FE, 0xF7FE, 0xF7FE, 0xF7FE, 0xF7FE, 0xF7FE, 0xF7FE, 0xF7FE, 0xF7FD, 0xF7FD, 0xF7FE, 0xE577,
    0xE5D8, 0xFFDE, 0xF7DD, 0xF7FE, 0xF7DE, 0xF7DE, 0xF7DD, 0xF7BD, 0xF6FB, 0xE4D5, 0xECD5, 0xE4B5,
    0xECB5, 0xECB6, 0xF4B6, 0xF4D5, 0xF4B6, 0xEC75, 0xEC76, 0xEC75, 0xEC75, 0xEC76, 0xEC76, 0xEC76,
    0xEC75, 0xEC76, 0xEC76, 0xEC76, 0xEC96, 0xEC75, 0xEC95, 0xEC95, 0xEC95, 0xECB5, 0xECB6, 0xECB6,
    0xECB6, 0xEC96, 0xE476, 0xEC96, 0xEC96, 0xEC96, 0xE476, 0xE476, 0xE476, 0xE476, 0xE476, 0xE476,
    0xE476, 0xE476, 0xE496, 0xEC76, 0xEC76, 0xEC76, 0xE476, 0xEC96, 0xE496, 0xD456, 0xC437, 0xB418,
    0xAC18, 0xA418, 0xA419, 0xA438, 0xAC18, 0xC499, 0x7A8F, 0x4107, 0x0043, 0x7A8E, 0xF4B7, 0xEC96,
    0xABB2, 0x0063, 0x0085, 0x08A5, 0x2906, 0x7A8D, 0xEC97, 0xE456, 0xE476, 0xE496, 0xE476, 0xE476,
    0x0084, 0x0085, 0x08A4, 0x1084, 0x18A5, 0x3907, 0x5148, 0x696A, 0x616A, 0x698A, 0x79CB, 0x6969,
    0x7989, 0xB24D, 0x61EC, 0x118C, 0x198C, 0x19CD, 0x1A10, 0x19EF, 0x19CF, 0x118D, 0x19CE, 0x220F,
    0x2210, 0x19CE, 0x19AD, 0x2210, 0x2210, 0x19AE, 0x19CF, 0x19EF, 0x2210, 0x21EF, 0x198D, 0x220F,
    0x220F, 0x19AF, 0x2A2F, 0x4270, 0x5A4E, 0x7AAF, 0xAB51, 0x5A0E, 0x29AC, 0x19CE, 0x19AD, 0x19CD,
    0x19CD, 0x19AD, 0x19AD, 0x19CD, 0x19CD, 0x19AD, 0x19AD, 0x19AD, 0x19AD, 0x19AD, 0x11AD, 0x19CD,
    0x19CD, 0x19AD, 0x19AD, 0x19AD, 0x19AD, 0x19AD, 0x19AD, 0x19AD, 0x19AD, 0x19AD, 0x21AD, 0x21CD,
    0x21CD, 0x21EE, 0x2A0F, 0x21AD, 0x19AC, 0x19AC, 0x21AC, 0x21AC, 0x21AC, 0x19AC, 0x198C, 0x198C,
    0x19AC, 0x19AC, 0x198C, 0x218C, 0x218C, 0x31AD, 0x5A2F, 0x318D, 0x218C, 0x218C, 0x298D, 0x318C,
    0x7A4E, 0x69EE, 0x394B, 0x720D, 0x71CD, 0x416C, 0x218C, 0x198C, 0x198D, 0x198C, 0x218C, 0x218C,
    0x218C, 0x29AD, 0x398C, 0x41AD, 0x59CD, 0x7A0E, 0x9A6F, 0x720E, 0x61CD, 0x596C, 0x61AE, 0x69EF,
    0x39AD, 0x318D, 0x31CE, 0x218D, 0x198C, 0x198C, 0x198C, 0x198C, 0x198C, 0x198C, 0x218C, 0x49CD,
    0x59CD, 0x61AC, 0x69ED, 0x626F, 0x21CC, 0x19EE, 0x2230, 0x2230, 0x1A0F, 0x19AD, 0x19CE, 0x19EE,
    0x2271, 0x222F, 0x19AD, 0x222F, 0x2250, 0x21EE, 0x29EE, 0x29CD, 0x21CD, 0x29ED, 0x320E, 0x29ED,
    0x29CD, 0x29EF, 0x3A2F, 0x4A50, 0x39EE, 0x5A70, 0x72F0, 0xAB93, 0xBBB3, 0x72AF, 0x72B0, 0x82B1,
    0xBB52, 0xCB73, 0xD3B4, 0xDC15, 0xDC36, 0xDC36, 0xDC36, 0xDC36, 0xDC35, 0xDC36, 0xD416, 0xCBF5,
    0xD415, 0xE475, 0xEC75, 0xEC75, 0xEC75, 0xEC75, 0xEC75, 0xEC75, 0xEC75, 0xEC75, 0xEC75, 0xEC75,
    0xEC95, 0xECB4, 0xF4F4, 0xECB5, 0xEC95, 0xF495, 0xCC56, 0xB417, 0xDC76, 0xEC74, 0xEC95, 0xEC95,
    0xEC95, 0xF495, 0xF4B5, 0xF4D5, 0xF4F5, 0xF514, 0xF535, 0xF535, 0xF535, 0xF4F4, 0xF514, 0xF534,
    0xF554, 0xF554, 0xF555, 0xFF3B, 0xFFDD, 0xF7DD, 0xF7FD, 0xF7FE, 0xF7FE, 0xF7FE, 0xF7FE, 0xF7FE,
    0xF7FE, 0xF7FE, 0xF7FE, 0xF7FE, 0xF7FD, 0xF7FD, 0xF7FE, 0xE577, 0xEDD8, 0xF7DE, 0xF7DD, 0xF7FE,
    0xF7DD, 0xF7DD, 0xF7FE, 0xEEBA, 0xED97, 0xECB5, 0xEC95, 0xE495, 0xF4B6, 0xF4D6, 0xF4B6, 0xEC95,
    0xEC96, 0xEC76, 0xEC76, 0xEC76, 0xEC76, 0xEC76, 0xEC76, 0xEC76, 0xEC75, 0xEC76, 0xEC76, 0xEC76,
    0xEC76, 0xEC96, 0xE495, 0xECB6, 0xECD6, 0xEC96, 0xEC96, 0xEC96, 0xE496, 0xE496, 0xE495, 0xECB6,
    0xECB6, 0xECB6, 0xEC96, 0xE476, 0xE476, 0xE476, 0xE476, 0xE476, 0xE476, 0xE476, 0xE496, 0xEC76,
    0xEC76, 0xEC76, 0xE476, 0xE475, 0xD476, 0xBC37, 0xB417, 0xA3F8, 0xA418, 0xA418, 0xA438, 0xA438,
    0xA418, 0xA417, 0xC477, 0xC435, 0x0844, 0x726D, 0xE4B7, 0xE476, 0xAB92, 0x0063, 0x00A5, 0x00C5,
    0xAC13, 0xD4B6, 0xE456, 0xE476, 0xE476, 0xE496, 0xE476, 0xE476, 0x00A5, 0x0084, 0x00A4, 0x08A4,
    0x18C5, 0x4928, 0x3907, 0x38E7, 0x596A, 0x698A, 0x81AA, 0xA20B, 0xA24C, 0x9A8E, 0x5A0D, 0x114C,
    0x19AB, 0x19CD, 0x2210, 0x1A10, 0x19EF, 0x11AD, 0x19CE, 0x21EF, 0x21EF, 0x19CE, 0x11AD, 0x1A10,
    0x2211, 0x21F0, 0x19CE, 0x19AE, 0x2210, 0x21EF, 0x118D, 0x220F, 0x2210, 0x19AF, 0x320F, 0x5230,
    0x4A0E, 0x82B0, 0xC3D3, 0x4A2F, 0x118D, 0x19CD, 0x19AD, 0x19CD, 0x19CD, 0x19AD, 0x19AD, 0x19CD,
    0x19AD, 0x19AD, 0x19AD, 0x19AD, 0x11AD, 0x19AD, 0x19AC, 0x218C, 0x296C, 0x296C, 0x218D, 0x19AD,
    0x19AD, 0x19AC, 0x19AD, 0x19AD, 0x19AD, 0x19AD, 0x21AD, 0x21AD, 0x21CD, 0x21CE, 0x21CE, 0x21AD,
    0x19AD, 0x19AC, 0x21AC, 0x21AC, 0x19AD, 0x19AD, 0x19AC, 0x198C, 0x198C, 0x198C, 0x198C, 0x198C,
    0x218C, 0x318D, 0x49CE, 0x298C, 0x218C, 0x198C, 0x218C, 0x318D, 0x51CD, 0x61CD, 0x69CE, 0x8A0F,
    0x8A2F, 0x7A0F, 0x39CD, 0x118C, 0x198C, 0x198C, 0x198C, 0x198C, 0x218C, 0x218C, 0x298C, 0x298C,
    0x39AC, 0x59AD, 0x7A2D, 0x8A0D, 0x9A0E, 0xAA4E, 0xB26F, 0xAA4F, 0x618C, 0x49AD, 0x31AE, 0x218D,
    0x198D, 0x196D, 0x198D, 0x19AD, 0x19AC, 0x198C, 0x198C, 0x29AC, 0x31AC, 0x398D, 0x49AC, 0x59ED,
    0x29AD, 0x19EE, 0x2230, 0x1A10, 0x1A0F, 0x19AD, 0x19CD, 0x19EE, 0x2A72, 0x222F, 0x11AD, 0x19EE,
    0x21EE, 0x21CE, 0x19AD, 0x19AD, 0x3A0F, 0x320E, 0x19EE, 0x6B11, 0x62D0, 0x29CD, 0x39ED, 0x49ED,
    0x7B51, 0x62F0, 0x422F, 0x8B31, 0xBBB2, 0xCC94, 0x8B31, 0x626F, 0xA332, 0xB332, 0xCB53, 0xDBF5,
    0xDC56, 0xDC36, 0xE436, 0xE436, 0xDC55, 0xDC36, 0xD437, 0xCBF6, 0xD3F6, 0xE475, 0xEC75, 0xEC75,
    0xEC75, 0xEC75, 0xEC75, 0xEC75, 0xEC75, 0xEC75, 0xEC75, 0xE455, 0xEC75, 0xECB4, 0xF514, 0xF4F3,
    0xF4D4, 0xF4B6, 0xCC37, 0xA418, 0xB417, 0xCC56, 0xE496, 0xEC75, 0xEC75, 0xEC95, 0xEC94, 0xF4B5,
    0xF4B4, 0xF4F4, 0xF515, 0xF515, 0xF514, 0xFD35, 0xF515, 0xF514, 0xF555, 0xF555, 0xF534, 0xF658,
    0xEEDA, 0xF7DD, 0xEFFD, 0xF7FE, 0xF7FE, 0xF7FE, 0xF7FE, 0xF7FE, 0xF7FE, 0xF7FE, 0xF7FE, 0xF7FE,
    0xF7FD, 0xF7FD, 0xF7FE, 0xED77, 0xEDB7, 0xF7FE, 0xF7DD, 0xF7FE, 0xF7FE, 0xF7DE, 0xF7FE, 0xEDF8,
    0xF4D6, 0xEC96, 0xECB6, 0xF4B6, 0xF4B6, 0xECB5, 0xEC96, 0xDC76, 0xDC57, 0xEC76, 0xEC76, 0xEC76,
    0xEC76, 0xEC76, 0xEC76, 0xEC76, 0xEC75, 0xEC76, 0xEC76, 0xEC76, 0xEC75, 0xEC96, 0xECD6, 0xECB6,
    0xEC96, 0xE476, 0xE476, 0xE496, 0xE496, 0xEC96, 0xECB6, 0xECB5, 0xECB5, 0xECB5, 0xE495, 0xE476,
    0xE496, 0xE476, 0xE476, 0xE476, 0xE476, 0xE476, 0xE476, 0xEC76, 0xEC76, 0xEC76, 0xE476, 0xDC55,
    0xC437, 0xABF8, 0xA418, 0xA418, 0xA418, 0xA418, 0xA438, 0xA419, 0xA418, 0x9C18, 0xC478, 0xC455,
    0x0885, 0x20E6, 0x3927, 0xC3F4, 0xBBF4, 0x0063, 0x00A4, 0x08A5, 0xBC14, 0xE496, 0xE455, 0xE476,
    0xDC56, 0xCC36, 0xD457, 0xD457, 0x00A4, 0x0884, 0x0884, 0x08A5, 0x10C5, 0x30E6, 0x28A6, 0x28C6,
    0x618A, 0x71AA, 0x81AA, 0x89AB, 0x81CA, 0x69EB, 0x61CC, 0x51ED, 0x218B, 0x19AD, 0x19EF, 0x19EF,
    0x19CE, 0x118D, 0x19CE, 0x19EE, 0x19CE, 0x19AE, 0x11AE, 0x1A10, 0x1A31, 0x1A10, 0x19CE, 0x198D,
    0x220F, 0x19EF, 0x11AD, 0x2210, 0x2210, 0x11CE, 0x4A4F, 0x72B0, 0x420E, 0x7AAF, 0xC3D2, 0x4A0E,
    0x116D, 0x19CD, 0x19CD, 0x19CD, 0x19CD, 0x19CD, 0x19AD, 0x19AD, 0x19AD, 0x19AD, 0x198C, 0x218C,
    0x21CD, 0x21AD, 0x218C, 0x51ED, 0x51ED, 0x296B, 0x218C, 0x19AD, 0x19AC, 0x19AD, 0x19AD, 0x19AD,
    0x19AD, 0x19AD, 0x19AD, 0x21AD, 0x21AD, 0x21AD, 0x19AD, 0x21AD, 0x21AD, 0x19AD, 0x198D, 0x198C,
    0x19AC, 0x19AC, 0x198C, 0x198C, 0x198C, 0x198C, 0x198C, 0x198C, 0x218D, 0x218D, 0x318D, 0x218C,
    0x198C, 0x198C, 0x218D, 0x296D, 0x39AD, 0x49AD, 0x61CD, 0x824E, 0x822F, 0x7A0E, 0x39AC, 0x118C,
    0x198C, 0x198C, 0x198C, 0x198C, 0x218C, 0x216C, 0x298C, 0x298C, 0x318D, 0x49AD, 0x59CD, 0x81ED,
    0x922D, 0x922E, 0xAA6E, 0xAA8F, 0x920D, 0x61ED, 0x31CE, 0x218D, 0x116C, 0x196C, 0x19AD, 0x19CD,
    0x198C, 0x198C, 0x198C, 0x218C, 0x218C, 0x298C, 0x418C, 0x51CD, 0x218C, 0x19CE, 0x220F, 0x1A30,
    0x1A0F, 0x19CD, 0x19CD, 0x19EE, 0x2230, 0x1A30, 0x1A0E, 0x19CE, 0x29EE, 0x4A70, 0x4A70, 0x5270,
    0x424F, 0x424F, 0x4A91, 0x6AD1, 0x72D1, 0x72B0, 0x82F0, 0x9330, 0xB3F2, 0x9352, 0x5A6F, 0x8B32,
    0xA3B2, 0xDCB4, 0x8331, 0x5270, 0x92D1, 0xA2F2, 0xBB32, 0xCB93, 0xDBF5, 0xDC55, 0xDC35, 0xDC16,
    0xDC56, 0xCBF6, 0xBB75, 0xC3D6, 0xCC16, 0xE476, 0xEC75, 0xEC75, 0xEC75, 0xEC75, 0xEC75, 0xEC75,
    0xEC75, 0xEC75, 0xEC75, 0xE475, 0xEC75, 0xEC94, 0xF4F4, 0xF513, 0xECB4, 0xD456, 0xBC37, 0xA418,
    0xA417, 0xBC57, 0xDC76, 0xE475, 0xEC95, 0xEC96, 0xEC94, 0xEC94, 0xF495, 0xF4B5, 0xF4F5, 0xF4F4,
    0xF4F4, 0xF4F4, 0xF515, 0xF515, 0xF535, 0xF534, 0xF554, 0xF5B5, 0xEE37, 0xFFFD, 0xF7FE, 0xF7DE,
    0xF7FD, 0xF7FD, 0xF7FD, 0xF7FD, 0xF7FD, 0xF7FD, 0xF7FE, 0xF7FE, 0xF7FD, 0xF7DE, 0xF7FE, 0xE577,
    0xEDD8, 0xF7FE, 0xEFDD, 0xEFDD, 0xE73D, 0xEF7D, 0xEFFE, 0xEDD8, 0xECB6, 0xECB6, 0xECB6, 0xECB6,
    0xECB6, 0xEC96, 0xE496, 0xC457, 0xC437, 0xDC57, 0xE456, 0xEC76, 0xEC96, 0xE496, 0xE476, 0xEC76,
    0xEC76, 0xEC76, 0xEC76, 0xEC76, 0xEC76, 0xEC96, 0xECB6, 0xEC96, 0xEC96, 0xE476, 0xE476, 0xE476,
    0xEC96, 0xECB6, 0xECD6, 0xECB5, 0xEC95, 0xE495, 0xE495, 0xE476, 0xE476, 0xE476, 0xE476, 0xE476,
    0xE476, 0xE476, 0xE476, 0xE476, 0xEC76, 0xE476, 0xE476, 0xC416, 0xB417, 0xA418, 0xA418, 0xA418,
    0xA418, 0xA418, 0xA418, 0xA418, 0xA438, 0x9C18, 0xC478, 0xC436, 0x20A5, 0x1084, 0x1084, 0x620C,
    0x5A4C, 0x0084, 0x0084, 0x0884, 0xBBF4, 0xE497, 0xDC56, 0xE456, 0xDC57, 0xBC17, 0xBC17, 0xBC38,
    0x0884, 0x0884, 0x10A5, 0x08A4, 0x08A4, 0x0884, 0x18A5, 0x30A6, 0x5969, 0x6189, 0x7189, 0x5969,
    0x6149, 0x6128, 0x718B, 0x722D, 0x218C, 0x19AD, 0x19AE, 0x11CE, 0x19CE, 0x11AD, 0x11AE, 0x19CE,
    0x11AD, 0x19AD, 0x19CE, 0x1A10, 0x1A31, 0x1A10, 0x19CE, 0x19AD, 0x21EF, 0x19EF, 0x19AD, 0x2210,
    0x2210, 0x11CF, 0x5A91, 0x9352, 0x520E, 0x7AAF, 0xC3D2, 0x4A2E, 0x118D, 0x19CD, 0x19CD, 0x19CD,
    0x19CD, 0x19AD, 0x19AD, 0x198D, 0x218D, 0x298C, 0x398C, 0x49AD, 0x522E, 0x4A0D, 0x41CD, 0x7A4E,
    0x726E, 0x51CC, 0x39AD, 0x198D, 0x198D, 0x19AD, 0x19AD, 0x19AD, 0x19AD, 0x19AD, 0x19AD, 0x19AD,
    0x21AD, 0x21AD, 0x31CE, 0x298D, 0x218D, 0x19AD, 0x19AD, 0x19AD, 0x118C, 0x118C, 0x198C, 0x198C,
    0x198C, 0x198C, 0x198C, 0x198C, 0x19AD, 0x198C, 0x196C, 0x118C, 0x198C, 0x198C, 0x198C, 0x198C,
    0x196C, 0x298C, 0x41AD, 0x61ED, 0x69EE, 0x59AD, 0x318C, 0x118C, 0x198C, 0x198C, 0x198C, 0x198C,
    0x198C, 0x218C, 0x218C, 0x298D, 0x218D, 0x31AD, 0x59CD, 0x79ED, 0x79ED, 0x59AD, 0x722D, 0x8A6E,
    0xC2AF, 0x926E, 0x4A2E, 0x29AD, 0x116C, 0x196C, 0x19CD, 0x19CD, 0x118C, 0x198C, 0x19AC, 0x19AD,
    0x218D, 0x218C, 0x318C, 0x49AD, 0x21AC, 0x19CD, 0x19EE, 0x1A0F, 0x1A0E, 0x19AD, 0x19CE, 0x19EE,
    0x19EE, 0x224F, 0x2A90, 0x19EE, 0x320E, 0x72F2, 0x8332, 0x8B73, 0x524F, 0x52B1, 0x8373, 0x4A90,
    0x6AD1, 0xC3F3, 0xBBD2, 0xBBD3, 0xEC73, 0xCC12, 0xAB91, 0x8B32, 0x8352, 0xCC33, 0x7311, 0x4A30,
    0x7A90, 0x82B1, 0x92F1, 0xB332, 0xCB73, 0xE456, 0xD415, 0xCBD5, 0xDC36, 0xB3B5, 0x82D3, 0xB395,
    0xC3D5, 0xDC56, 0xE455, 0xEC76, 0xEC75, 0xEC75, 0xEC75, 0xEC75, 0xEC75, 0xEC75, 0xEC75, 0xEC75,
    0xE475, 0xEC95, 0xF4D4, 0xECD4, 0xD496, 0xABD6, 0xAC18, 0xA418, 0xA418, 0xB438, 0xBC37, 0xCC57,
    0xD477, 0xD476, 0xE495, 0xEC95, 0xEC95, 0xEC95, 0xF4B5, 0xF4B5, 0xECB4, 0xECB5, 0xF4F5, 0xFD15,
    0xF4D4, 0xF4F4, 0xF515, 0xED35, 0xED95, 0xF71B, 0xF79D, 0xF7FE, 0xEFFD, 0xF7FD, 0xF7FD, 0xF7FD,
    0xF7FD, 0xF7FD, 0xF7FE, 0xF7FE, 0xF7FD, 0xF7FE, 0xF7FE, 0xDD97, 0xE5F8, 0xFFFE, 0xEFDD, 0xEFDE,
    0xD67C, 0xDEBD, 0xEF5E, 0xE578, 0xEC95, 0xECD6, 0xECD6, 0xECB6, 0xECB6, 0xE496, 0xDC97, 0xB418,
    0xAC18, 0xBC37, 0xD436, 0xEC96, 0xE476, 0xE476, 0xEC96, 0xEC76, 0xEC76, 0xEC76, 0xEC76, 0xEC76,
    0xEC76, 0xEC96, 0xECB5, 0xE496, 0xE476, 0xE476, 0xE476, 0xE476, 0xECB6, 0xECB6, 0xECB6, 0xE495,
    0xE475, 0xE475, 0xE476, 0xE476, 0xE476, 0xE476, 0xE476, 0xE476, 0xE476, 0xE476, 0xE476, 0xE476,
    0xEC76, 0xE475, 0xE476, 0xB3F7, 0xA3F8, 0xA418, 0xA418, 0xA418, 0xA418, 0xA418, 0xA418, 0xA418,
    0xA438, 0xA438, 0xBC58, 0xBC16, 0x7A6D, 0x3968, 0x0084, 0x0043, 0x0043, 0x00A4, 0x1906, 0x3168,
    0xCC14, 0xE476, 0xDC56, 0xDC36, 0xC438, 0xA3F8, 0xA3F8, 0xA3F8, 0x0884, 0x18C5, 0x2907, 0x10C5,
    0x08A5, 0x08A5, 0x20C5, 0x30E6, 0x3906, 0x3927, 0x4908, 0x59A9, 0x71CB, 0xAA0C, 0x618B, 0x190B,
    0x196C, 0x118D, 0x118E, 0x2230, 0x2210, 0x19CE, 0x19AE, 0x11AD, 0x11AD, 0x19CD, 0x19EF, 0x1A10,
    0x1A10, 0x1A10, 0x19CE, 0x19AD, 0x19EF, 0x19EF, 0x19CE, 0x2210, 0x2210, 0x19CF, 0x5270, 0x7B11,
    0x726D, 0x8AEF, 0xB392, 0x422E, 0x118D, 0x19CD, 0x19CD, 0x19AD, 0x19AD, 0x19AD, 0x19AD, 0x216D,
    0x316D, 0x418C, 0x59CD, 0x722E, 0x7A6F, 0x6A6E, 0x624D, 0x61ED, 0x6A0D, 0x828F, 0x620E, 0x39CE,
    0x298C, 0x19AC, 0x11AC, 0x19AD, 0x19AD, 0x198D, 0x19AD, 0x19AD, 0x198D, 0x31CE, 0x5250, 0x398E,
    0x318D, 0x29CD, 0x21AD, 0x198D, 0x118C, 0x11AC, 0x19AC, 0x19AC, 0x118C, 0x198C, 0x198C, 0x198C,
    0x198C, 0x198C, 0x198D, 0x118D, 0x198C, 0x198C, 0x19AC, 0x11AC, 0x118C, 0x29AD, 0x41CE, 0x396C,
    0x318C, 0x39AD, 0x21AC, 0x118C, 0x118C, 0x198C, 0x198C, 0x19AC, 0x198C, 0x218C, 0x218C, 0x198C,
    0x216D, 0x41AD, 0x622E, 0x722E, 0x620E, 0x316C, 0x49AD, 0x71CC, 0xB2CF, 0x9A6E, 0x722E, 0x39CD,
    0x118C, 0x116B, 0x19AD, 0x19CE, 0x19AD, 0x19CD, 0x19AD, 0x19CE, 0x19AD, 0x218D, 0x218D, 0x218C,
    0x19AC, 0x21AD, 0x19CD, 0x19EE, 0x21EE, 0x19CD, 0x19EE, 0x220F, 0x1A0E, 0x1A2F, 0x2250, 0x19EE,
    0x29EE, 0x52B1, 0x7AF1, 0x8B31, 0x5270, 0x52D1, 0x7B51, 0x6AB0, 0x7B10, 0xBBD2, 0x82F0, 0x6A4E,
    0xE432, 0xEC52, 0xEC93, 0x82F0, 0x5A6F, 0xA372, 0x628F, 0x420F, 0x7AB1, 0x7291, 0x6A4F, 0x9AD1,
    0xBB53, 0xE456, 0xCBD4, 0xB373, 0xDC15, 0xAB94, 0x7AD3, 0xA334, 0xB374, 0xD416, 0xDC36, 0xE476,
    0xEC75, 0xE475, 0xE475, 0xEC75, 0xEC75, 0xEC75, 0xEC75, 0xEC75, 0xE455, 0xEC75, 0xEC95, 0xCC56,
    0xB437, 0xA418, 0xA418, 0xA418, 0xA418, 0xA418, 0xAC18, 0xA3F8, 0xAC17, 0xB416, 0xDC56, 0xEC95,
    0xECB5, 0xEC95, 0xF495, 0xF495, 0xECB5, 0xF4B5, 0xF4B5, 0xF4D5, 0xECB5, 0xECD6, 0xE4D6, 0xED16,
    0xED36, 0xE556, 0xEEBA, 0xF7DE, 0xEFDD, 0xF7DD, 0xEFFD, 0xF7DD, 0xF7DD, 0xEFDD, 0xF7DD, 0xF7FD,
    0xF7FD, 0xEFFE, 0xF7FE, 0xDE39, 0xDE79, 0xF7FE, 0xEFBD, 0xEF9E, 0xD67E, 0xDE1C, 0xD61B, 0xE538,
    0xECB6, 0xECD5, 0xDC96, 0xDC97, 0xEC95, 0xE496, 0xD477, 0xB418, 0xA418, 0xA418, 0xC417, 0xD477,
    0xD456, 0xDC56, 0xEC96, 0xEC76, 0xEC76, 0xE476, 0xEC76, 0xEC76, 0xEC76, 0xEC96, 0xECB6, 0xEC96,
    0xE476, 0xE476, 0xE476, 0xE476, 0xECB6, 0xEC96, 0xE475, 0xE475, 0xE476, 0xE476, 0xE476, 0xE476,
    0xE476, 0xE476, 0xE476, 0xE476, 0xE476, 0xE476, 0xE476, 0xEC76, 0xEC76, 0xE455, 0xDC56, 0xB418,
    0xA3F8, 0xA418, 0xA418, 0xA418, 0xA418, 0xA418, 0xA419, 0xA419, 0xA438, 0xA438, 0xAC18, 0xB417,
    0xF519, 0x72AE, 0x0043, 0x08C5, 0x08A5, 0x0064, 0x5A6C, 0x9B71, 0xD455, 0xDC76, 0xE456, 0xBC17,
    0xAC17, 0xA418, 0xA418, 0xA418, 0x18C5, 0x2927, 0x41A9, 0x3127, 0x28C6, 0x08C5, 0x10A5, 0x18A5,
    0x20E6, 0x3127, 0x5169, 0x4148, 0x5169, 0x89EC, 0x51AC, 0x216C, 0x196C, 0x11CE, 0x2230, 0x2210,
    0x19EF, 0x19CE, 0x19AD, 0x118D, 0x11AC, 0x19CE, 0x19EF, 0x2210, 0x1A10, 0x1A10, 0x19CE, 0x19AD,
    0x19EF, 0x1A0F, 0x2230, 0x2210, 0x21F0, 0x19CE, 0x3A2F, 0x6A8F, 0xAB91, 0x9310, 0x728F, 0x3A0E,
    0x19AD, 0x19CD, 0x19CD, 0x19AD, 0x19AD, 0x11AD, 0x198C, 0x31AD, 0x39AD, 0x398C, 0x51CD, 0x620D,
    0x622E, 0x622D, 0x59EC, 0x5A0D, 0x622D, 0x7A8E, 0x92AF, 0x8AD0, 0x51ED, 0x31CD, 0x19AC, 0x11CD,
    0x11CD, 0x19AD, 0x19AD, 0x21AD, 0x198D, 0x31AE, 0x49CF, 0x6230, 0x6251, 0x5A50, 0x39EE, 0x19AD,
    0x198C, 0x19AD, 0x19CD, 0x11AD, 0x11AC, 0x11AC, 0x198C, 0x198C, 0x198C, 0x198C, 0x198C, 0x198C,
    0x198C, 0x198C, 0x118C, 0x118C, 0x11AC, 0x198C, 0x218C, 0x198D, 0x196C, 0x196D, 0x196C, 0x118C,
    0x118C, 0x118C, 0x118C, 0x198C, 0x198C, 0x118C, 0x11AC, 0x19AC, 0x198C, 0x296C, 0x316C, 0x396C,
    0x318C, 0x31AC, 0x418C, 0x498C, 0xA26E, 0x820D, 0x618B, 0x39AD, 0x19AD, 0x116B, 0x11AD, 0x19CD,
    0x19CE, 0x19CD, 0x11AD, 0x21EF, 0x21EE, 0x198C, 0x19AD, 0x19AC, 0x19AC, 0x21AD, 0x21AD, 0x21CD,
    0x21CE, 0x19CD, 0x220F, 0x2251, 0x2A71, 0x2A50, 0x2A30, 0x19EE, 0x21ED, 0x3A50, 0x62D1, 0x7B12,
    0x6B12, 0x5AF1, 0x5A90, 0xB3D2, 0xBBD3, 0x9B92, 0x82F0, 0x728F, 0xCBF2, 0xDC12, 0xEC72, 0x7AAF,
    0x520E, 0x7AD0, 0x5A4E, 0x4A2E, 0x5A70, 0x6271, 0x6A70, 0x8AB1, 0xAB53, 0xDC36, 0xC3B5, 0xAB53,
    0xC3F5, 0xA374, 0x7292, 0x92F3, 0xA313, 0xCBD5, 0xCC17, 0xCC57, 0xE476, 0xE475, 0xE475, 0xE475,
    0xE476, 0xEC75, 0xEC75, 0xEC55, 0xEC55, 0xEC75, 0xEC75, 0xB417, 0xA418, 0xA418, 0xA418, 0xA418,
    0xA418, 0xA418, 0xAC18, 0xA418, 0xAC18, 0xAC17, 0xD456, 0xEC95, 0xECB5, 0xEC95, 0xF495, 0xEC95,
    0xECB5, 0xE4B6, 0xECB6, 0xECB6, 0xE4D7, 0xD4D8, 0xD4F8, 0xD4F8, 0xD518, 0xD4F7, 0xDDFA, 0xE6DD,
    0xEF7D, 0xEFBD, 0xEFDD, 0xEF9D, 0xEF7D, 0xE77D, 0xEFBD, 0xEFDE, 0xF7DE, 0xF7DE, 0xEFFE, 0xF7DD,
    0xF7DE, 0xF7DE, 0xE71D, 0xD67C, 0xD65D, 0xD5BB, 0xDD18, 0xDCF8, 0xDCD8, 0xE4D7, 0xCC57, 0xC416,
    0xE496, 0xE476, 0xD478, 0xB438, 0xA418, 0xA418, 0xAC17, 0xB417, 0xB3F7, 0xC437, 0xDC77, 0xE476,
    0xE476, 0xE476, 0xEC76, 0xE476, 0xE476, 0xE495, 0xE496, 0xE496, 0xE476, 0xE476, 0xEC96, 0xEC96,
    0xEC95, 0xE476, 0xE476, 0xE476, 0xE476, 0xE475, 0xE475, 0xE476, 0xE456, 0xE477, 0xDC77, 0xE476,
    0xE475, 0xE475, 0xE475, 0xE456, 0xEC76, 0xDC36, 0xBC17, 0xAC18, 0xA418, 0xA418, 0xA418, 0xA418,
    0xA418, 0xA418, 0xA418, 0xA418, 0xA418, 0xA418, 0xAC18, 0xAC17, 0xECD8, 0x7A6D, 0x0843, 0x08A4,
    0x08A4, 0x0063, 0x8350, 0xDCD7, 0xDC75, 0xE476, 0xE476, 0xB418, 0xA419, 0xA418, 0xA418, 0xA418,
    0x1084, 0x1885, 0x1885, 0x3106, 0x3907, 0x10A6, 0x18A5, 0x18A5, 0x10A5, 0x28E6, 0x6168, 0x79AA,
    0x89CB, 0x89AA, 0x8A4D, 0x7AF0, 0x218C, 0x19AE, 0x1A31, 0x19EF, 0x19EF, 0x19AE, 0x11AD, 0x118D,
    0x11AC, 0x19CE, 0x19EF, 0x2210, 0x1A10, 0x1A10, 0x19CE, 0x19AD, 0x19CE, 0x19EF, 0x2230, 0x19EF,
    0x220F, 0x2A0F, 0x422F, 0x5A4F, 0xBB92, 0x7AAF, 0x21AD, 0x29ED, 0x21CE, 0x19CE, 0x19AD, 0x19AD,
    0x198C, 0x198C, 0x198B, 0x214B, 0x294B, 0x296B, 0x314A, 0x416A, 0x5A2C, 0x5A2C, 0x620C, 0x622D,
    0x6A2D, 0x724D, 0x8A6D, 0x8AAD, 0x59EC, 0x5A0D, 0x5A6E, 0x298C, 0x194B, 0x19AD, 0x19AD, 0x198D,
    0x198D, 0x29AD, 0x41CE, 0x6A51, 0x7271, 0x7291, 0x4A0F, 0x218C, 0x196C, 0x19AD, 0x19CE, 0x19AD,
    0x11AC, 0x11AC, 0x118C, 0x118C, 0x198C, 0x198C, 0x198C, 0x198C, 0x198C, 0x198C, 0x198C, 0x198C,
    0x198C, 0x198C, 0x198D, 0x198D, 0x19AD, 0x118D, 0x118D, 0x118C, 0x118C, 0x118C, 0x118C, 0x198C,
    0x198C, 0x118C, 0x118C, 0x198C, 0x198D, 0x198D, 0x218C, 0x318C, 0x51AD, 0x7A4F, 0x59CE, 0x398C,
    0x8A4D, 0x820D, 0x71AC, 0x39AE, 0x19AD, 0x116C, 0x118C, 0x11AC, 0x11AC, 0x19CD, 0x220E, 0x2A30,
    0x220F, 0x19AD, 0x19AC, 0x19AC, 0x19AC, 0x19AC, 0x19AD, 0x21AD, 0x21AD, 0x19AD, 0x21EE, 0x2210,
    0x2A51, 0x2210, 0x19CE, 0x19CE, 0x19EE, 0x2A2F, 0x4A70, 0x5AB1, 0x62D1, 0x5AD1, 0x42B0, 0xABF3,
    0xB3B2, 0x6A6F, 0x9351, 0xABF3, 0x82F1, 0xB392, 0xE473, 0xC3F2, 0x9B92, 0x5250, 0x7B51, 0x8372,
    0x3A2F, 0x4A71, 0x72B1, 0x7270, 0x8AD2, 0xBB74, 0xAB74, 0x9B94, 0xAB74, 0x9334, 0x7AF3, 0x9B34,
    0xAB54, 0xCBB6, 0xBBF7, 0xBC38, 0xDC76, 0xE475, 0xE476, 0xE476, 0xE475, 0xEC75, 0xEC75, 0xEC55,
    0xEC55, 0xEC55, 0xEC55, 0xB417, 0x9C19, 0xA418, 0xA418, 0xA418, 0xA418, 0xA418, 0xA418, 0xA418,
    0xA418, 0xAC18, 0xCC36, 0xE476, 0xEC96, 0xECB5, 0xEC96, 0xE4B7, 0xDCD8, 0xD4D8, 0xD4D8, 0xDCD8,
    0xC4F8, 0xC51A, 0xC51A, 0xC51A, 0xC4FA, 0xC51A, 0xCD3A, 0xC599, 0xDEBC, 0xDEDC, 0xDEFC, 0xDEFC,
    0xDEFC, 0xDEFC, 0xEF7D, 0xF7BE, 0xDF1C, 0xE75D, 0xF7DF, 0xEFDE, 0xE77E, 0xD67C, 0xD65D, 0xD63D,
    0xD63C, 0xDD79, 0xE497, 0xC456, 0xB437, 0xBC37, 0xB417, 0xB417, 0xD497, 0xD457, 0xBC17, 0xAC38,
    0xA418, 0xA438, 0xA418, 0xA418, 0xA418, 0xAC18, 0xBC16, 0xDC76, 0xE476, 0xE476, 0xDC55, 0xDC56,
    0xE476, 0xE476, 0xE476, 0xE476, 0xE476, 0xE476, 0xE476, 0xE496, 0xE476, 0xE476, 0xE476, 0xCC37,
    0xCC36, 0xDC76, 0xE475, 0xE475, 0xDC56, 0xCC16, 0xBBB6, 0xCC16, 0xD435, 0xE475, 0xDC56, 0xDC36,
    0xEC56, 0xCC37, 0xA418, 0xA418, 0xA418, 0xA418, 0xA418, 0xA418, 0xA418, 0xA418, 0xA418, 0xA418,
    0xA418, 0xA418, 0xA418, 0xAC17, 0xDC77, 0xCC55, 0xC475, 0x39A9, 0x0084, 0x0063, 0x8B30, 0xE497,
    0xDC75, 0xE456, 0xDC56, 0xB418, 0xA3F9, 0xA3F8, 0xA418, 0xA418, 0x08A5, 0x08A5, 0x1065, 0x2927,
    0x3927, 0x18A6, 0x30E6, 0x38E6, 0x1064, 0x30E6, 0x71CA, 0x89CA, 0x99EA, 0xA20A, 0xAA4C, 0x9AAE,
    0x396B, 0x21AE, 0x2210, 0x19CF, 0x19CE, 0x19AD, 0x118D, 0x118D, 0x11AC, 0x19CE, 0x19EF, 0x1A10,
    0x1A10, 0x2210, 0x19CE, 0x198D, 0x19AD, 0x19EE, 0x2231, 0x11CE, 0x21EF, 0x4A50, 0x4A4F, 0x524F,
    0xB372, 0x6AB0, 0x19AE, 0x21EE, 0x21CE, 0x21CE, 0x19AE, 0x198D, 0x196B, 0x194B, 0x114A, 0x192A,
    0x1929, 0x1929, 0x396A, 0x51CC, 0x5A0C, 0x622C, 0x622D, 0x622D, 0x6A2C, 0x7A6D, 0x8A6D, 0x8A8D,
    0x828E, 0x7A8E, 0x7AAE, 0x7ACF, 0x6290, 0x198C, 0x19AC, 0x198D, 0x198D, 0x29AE, 0x39CE, 0x6250,
    0x7271, 0x7292, 0x6A71, 0x5A50, 0x41EF, 0x29CE, 0x19CE, 0x19CD, 0x19AC, 0x118C, 0x198C, 0x198C,
    0x19AC, 0x198C, 0x198C, 0x118C, 0x198C, 0x198C, 0x198C, 0x198C, 0x198C, 0x196C, 0x196C, 0x218C,
    0x218C, 0x118C, 0x118C, 0x118C, 0x118C, 0x118C, 0x118C, 0x118C, 0x118C, 0x118C, 0x118C, 0x198C,
    0x198C, 0x198D, 0x298C, 0x41AC, 0x51CD, 0x720E, 0x51AD, 0x398C, 0x61AC, 0x820D, 0x9AAF, 0x41EE,
    0x198D, 0x116C, 0x19AC, 0x19AD, 0x19AD, 0x19EE, 0x222F, 0x21EE, 0x19CE, 0x19CD, 0x19CD, 0x19AD,
    0x19AD, 0x19AD, 0x19AD, 0x19AC, 0x19AC, 0x19AD, 0x19AE, 0x19CF, 0x29EF, 0x21EF, 0x19EE, 0x19CE,
    0x19EE, 0x21EE, 0x3A50, 0x4291, 0x4270, 0x4290, 0x3A70, 0x6AF1, 0x8331, 0x9352, 0x9B72, 0xA392,
    0x5A4F, 0x8AD0, 0xC391, 0xDC31, 0xCC12, 0x624F, 0x6AAF, 0x62D0, 0x31EF, 0x4230, 0x6A91, 0x5A30,
    0x7271, 0xAB33, 0x8AF2, 0x72B1, 0x7AB2, 0x6A92, 0x6271, 0x8AD3, 0x9B14, 0xCBB6, 0xBBF7, 0xB418,
    0xD477, 0xCC57, 0xCC37, 0xDC56, 0xEC75, 0xE475, 0xEC75, 0xE455, 0xEC55, 0xEC55, 0xE455, 0xB417,
    0xA418, 0xA418, 0xA418, 0xA418, 0xA418, 0xA418, 0xA418, 0xA418, 0xA418, 0xA418, 0xB437, 0xCC56,
    0xE496, 0xE4B6, 0xD4D9, 0xCCF9, 0xCCFA, 0xC51A, 0xC51A, 0xC51A, 0xBD1A, 0xC53A, 0xC53B, 0xC51A,
    0xC51A, 0xC51A, 0xC51B, 0xC55A, 0xDE7D, 0xDE9C, 0xDEDD, 0xDEBC, 0xDEBC, 0xDEDC, 0xDEFC, 0xE71D,
    0xDEDC, 0xDEBC, 0xD6BD, 0xD69D, 0xD67D, 0xCE1E, 0xCE1D, 0xCE1C, 0xDD7A, 0xDD18, 0xE497, 0xBC37,
    0xA418, 0xAC18, 0xA418, 0xA418, 0xB438, 0xB418, 0xAC18, 0xA418, 0xA418, 0xAC18, 0xA418, 0xA418,
    0xA418, 0xA419, 0xB417, 0xDC77, 0xE476, 0xE496, 0xCC36, 0xBBF6, 0xC417, 0xD456, 0xE496, 0xE475,
    0xE476, 0xE476, 0xE476, 0xE475, 0xE476, 0xE476, 0xE456, 0xBC17, 0xB418, 0xC417, 0xD436, 0xE456,
    0xCC37, 0xBBF7, 0xAB97, 0xB3B7, 0xC3F6, 0xE476, 0xD437, 0xD416, 0xE456, 0xCC57, 0xA418, 0xA418,
    0xA418, 0xA418, 0xA418, 0xA418, 0xA418, 0xA418, 0xA418, 0xA418, 0xA418, 0xA418, 0xA418, 0xAC38,
    0xD497, 0xDC96, 0xF4D8, 0x41A9, 0x0064, 0x0063, 0x9310, 0xE497, 0xD476, 0xDC56, 0xCC56, 0xAC18,
    0xA3F8, 0xA418, 0xA418, 0xA418, 0x0085, 0x00A5, 0x08A5, 0x18C6, 0x28E6, 0x28E6, 0x30E6, 0x38E6,
    0x4127, 0x4927, 0x4949, 0x6169, 0x81AA, 0xAA0B, 0xB20C, 0xAA2C, 0x81AB, 0x49AD, 0x11AF, 0x19AF,
    0x19AE, 0x11AD, 0x198D, 0x19AC, 0x11AC, 0x19CE, 0x1A0F, 0x1A10, 0x1A10, 0x19CF, 0x19AD, 0x198D,
    0x19AC, 0x19CE, 0x1A30, 0x11AD, 0x29CF, 0x62B1, 0x522F, 0x520E, 0x8AF1, 0x5A70, 0x19AE, 0x21CE,
    0x21CE, 0x21CE, 0x21CD, 0x218C, 0x216B, 0x196A, 0x1129, 0x1129, 0x214A, 0x316A, 0x49CB, 0x620D,
    0x418A, 0x49AB, 0x520C, 0x51EC, 0x520B, 0x6A2C, 0x7A4C, 0x826C, 0x92AD, 0x8A8D, 0x828D, 0x726D,
    0x522D, 0x198C, 0x19AD, 0x198D, 0x198D, 0x29AD, 0x31AE, 0x420F, 0x5250, 0x5230, 0x6A71, 0x7A92,
    0x49EF, 0x31CE, 0x21CE, 0x19CE, 0x19AD, 0x196C, 0x198C, 0x198D, 0x11AD, 0x11AD, 0x198C, 0x198C,
    0x198C, 0x198D, 0x198C, 0x118C, 0x116C, 0x21EE, 0x3A70, 0x4AD1, 0x42B1, 0x198C, 0x118C, 0x116C,
    0x118C, 0x118C, 0x118C, 0x118C, 0x118C, 0x118C, 0x118C, 0x118C, 0x198C, 0x198C, 0x218C, 0x398D,
    0x39AD, 0x41AC, 0x59ED, 0x720E, 0x596C, 0x59AD, 0x622F, 0x31AE, 0x118D, 0x116C, 0x19AD, 0x19CE,
    0x19AE, 0x19EF, 0x2230, 0x19CD, 0x19AD, 0x19CE, 0x19CD, 0x19AD, 0x19AD, 0x19AD, 0x19AD, 0x19AD,
    0x19AD, 0x19AC, 0x19AD, 0x21AE, 0x4210, 0x320F, 0x21EE, 0x19EE, 0x19EE, 0x19CE, 0x3A50, 0x4291,
    0x2A50, 0x2A71, 0x3271, 0x4A91, 0x6AD1, 0x8B72, 0x9B92, 0xABD3, 0x9351, 0x9310, 0x92AE, 0xC3D1,
    0xD432, 0xB371, 0xABB2, 0x9B91, 0x522F, 0x4A30, 0x520F, 0x4A10, 0x6270, 0x9B33, 0x7AB2, 0x5250,
    0x5A51, 0x5A51, 0x5A30, 0x82B3, 0x92D3, 0xB313, 0xBB96, 0xBC18, 0xB437, 0xB438, 0xB438, 0xDC56,
    0xEC76, 0xE475, 0xE475, 0xE475, 0xEC55, 0xE455, 0xDC56, 0xB417, 0xA418, 0xA418, 0xA418, 0xA418,
    0xA418, 0xA418, 0xA418, 0xA418, 0xA418, 0xA418, 0xAC38, 0xB458, 0xD4B8, 0xD4D9, 0xC4FA, 0xBD1A,
    0xC51A, 0xC51A, 0xC51B, 0xC53B, 0xC53B, 0xC53B, 0xC53B, 0xC53B, 0xC53B, 0xC53B, 0xC51B, 0xC53B,
    0xC59B, 0xCDDB, 0xCE1B, 0xDE7C, 0xDEDC, 0xDEBC, 0xD69C, 0xD65D, 0xDEBC, 0xD67D, 0xCE1C, 0xCE1C,
    0xCE1D, 0xD61D, 0xD61D, 0xD5FC, 0xC4B8, 0xC457, 0xBC57, 0xAC18, 0xA418, 0xA418, 0xA418, 0xA418,
    0xA418, 0xA418, 0xA418, 0xA418, 0xA418, 0xA418, 0xA418, 0xA418, 0xA418, 0xA418, 0xAC18, 0xDC77,
    0xDC77, 0xC437, 0xAC17, 0xA3F8, 0xAC18, 0xC436, 0xDC56, 0xDC76, 0xE476, 0xE476, 0xE476, 0xE476,
    0xE475, 0xEC76, 0xE477, 0xB438, 0xAC18, 0xABF7, 0xC436, 0xD436, 0xBBF6, 0xB3D7, 0xABB7, 0xABB7,
    0xBBD6, 0xCC17, 0xC417, 0xBBF7, 0xCC17, 0xC417, 0xA418, 0xA418, 0xA418, 0xA418, 0xA418, 0xA418,
    0xA418, 0xA418, 0xA418, 0xA418, 0xA418, 0xA418, 0xA418, 0xAC38, 0xCC78, 0xD476, 0xECB7, 0x4189,
    0x0064, 0x0043, 0x8B30, 0xE498, 0xD456, 0xC437, 0xB417, 0xA418, 0xA418, 0xA418, 0xA418, 0xA418,
    0x0084, 0x00A5, 0x00A5, 0x18C6, 0x20E6, 0x28C6, 0x3907, 0x4928, 0x69AA, 0x5968, 0x30E7, 0x5149,
    0x7169, 0x89AA, 0x99CB, 0xA9EB, 0xA22B, 0x79EC, 0x49AE, 0x218E, 0x198D, 0x11AD, 0x198D, 0x19AC,
    0x11AC, 0x19CE, 0x1A0F, 0x1A10, 0x19F0, 0x118E, 0x11AD, 0x198D, 0x198C, 0x19CE, 0x1A10, 0x11AD,
    0x29CE, 0x62D1, 0x6A90, 0x6A6F, 0x522E, 0x31EE, 0x19AE, 0x21CE, 0x21CE, 0x21EE, 0x19AC, 0x116A,
    0x196A, 0x114A, 0x1149, 0x114A, 0x216A, 0x398B, 0x41CC, 0x4A0C, 0x2929, 0x2949, 0x31AB, 0x318B,
    0x39AB, 0x51EC, 0x5A2C, 0x6A2C, 0x824C, 0x824C, 0x826C, 0x6A4C, 0x4A0D, 0x216C, 0x198C, 0x198C,
    0x218C, 0x218D, 0x21AD, 0x29EE, 0x31CE, 0x39CE, 0x5A10, 0x7251, 0x4A0F, 0x31EE, 0x19AE, 0x39EF,
    0x41CE, 0x194B, 0x194B, 0x216C, 0x298C, 0x218C, 0x19AD, 0x198C, 0x198C, 0x19AD, 0x198C, 0x198C,
    0x116C, 0x2A0E, 0x52F2, 0x5B12, 0x52D2, 0x19AC, 0x11AC, 0x198C, 0x116C, 0x118C, 0x19AD, 0x118C,
    0x118C, 0x118C, 0x118C, 0x118C, 0x118C, 0x118C, 0x198C, 0x218C, 0x31AD, 0x39AC, 0x6A0D, 0x924E,
    0x79CD, 0x49CE, 0x21AE, 0x198D, 0x118C, 0x198C, 0x19AD, 0x19CE, 0x19CD, 0x19EE, 0x2230, 0x19CD,
    0x19AD, 0x19CD, 0x19CD, 0x19AD, 0x19AD, 0x19AD, 0x19AD, 0x19AD, 0x19AD, 0x19AC, 0x29CD, 0x39EE,
    0x5230, 0x4A30, 0x3A30, 0x21CE, 0x19AD, 0x19CE, 0x2A0F, 0x324F, 0x2230, 0x2230, 0x2A30, 0x2A50,
    0x4270, 0x52D0, 0x6B32, 0x9372, 0xB3F4, 0xB3B1, 0xAB4F, 0xAB70, 0xBBB0, 0xE473, 0xE473, 0xDC33,
    0x9310, 0x7AD0, 0x522F, 0x72F2, 0x7AF2, 0x7AB2, 0x6271, 0x4230, 0x4230, 0x4A51, 0x5A51, 0x7AD3,
    0x8AD3, 0x92B1, 0xB374, 0xC3F7, 0xAC18, 0xAC38, 0xAC38, 0xD477, 0xE476, 0xE475, 0xEC75, 0xEC76,
    0xE476, 0xDC36, 0xCC37, 0xAC18, 0xA418, 0xA418, 0xA418, 0xA418, 0xA418, 0xA418, 0xA418, 0xA418,
    0xA418, 0xA418, 0xA438, 0xAC39, 0xC4FA, 0xC4FA, 0xBD1B, 0xBD3B, 0xC53A, 0xC51A, 0xC53A, 0xBD3A,
    0xC53A, 0xC53B, 0xC53B, 0xC53B, 0xC53B, 0xC53B, 0xC53B, 0xBD1A, 0xBD1B, 0xC53B, 0xBD5A, 0xCDFC,
    0xD65C, 0xD67C, 0xCE3C, 0xCDFD, 0xD65C, 0xCE3D, 0xCDFD, 0xCE1D, 0xCE1D, 0xCE3D, 0xC59B, 0xBD1A,
    0xAC38, 0xA418, 0xA418, 0xA418, 0xA418, 0xA418, 0xA418, 0xA418, 0xA418, 0xA418, 0xA418, 0xA418,
    0xA418, 0xA418, 0xA418, 0xA418, 0xA418, 0xA418, 0xA418, 0xC438, 0xC438, 0xA417, 0xA418, 0xA419,
    0xA418, 0xAC17, 0xBC17, 0xC437, 0xCC57, 0xD456, 0xE456, 0xE476, 0xE475, 0xDC56, 0xCC36, 0xAC18,
    0xA418, 0xA417, 0xAC17, 0xB3F6, 0xA3B6, 0xABD7, 0xB3D7, 0xB3D6, 0xB3D6, 0xBBD7, 0xBBD7, 0xBBD6,
    0xBBD7, 0xB3F7, 0xA418, 0xA417, 0xA418, 0xA418, 0xA418, 0xA418, 0xA418, 0xA418, 0xA418, 0xA418,
    0xA418, 0xA418, 0xA418, 0xAC18, 0xB437, 0xC456, 0xE4B7, 0x51AA, 0x0885, 0x0044, 0x8311, 0xCC98,
    0xBC58, 0xAC38, 0x9BF8, 0xA3F8, 0xA418, 0xA418, 0xA418, 0xA418, 0x00A5, 0x00A5, 0x0085, 0x20E6,
    0x2107, 0x18A5, 0x3907, 0x4969, 0x4948, 0x4948, 0x5148, 0x6149, 0x6969, 0x5949, 0x7169, 0x81AA,
    0x81CA, 0x89EB, 0xA22C, 0x51AC, 0x318D, 0x198D, 0x118D, 0x198C, 0x11AC, 0x19CE, 0x1A0F, 0x1A10,
    0x19EF, 0x198D, 0x198D, 0x198D, 0x19AD, 0x19CE, 0x1A10, 0x11AD, 0x29CE, 0x5291, 0x72F1, 0x8B31,
    0x29AD, 0x19AD, 0x19AE, 0x21CE, 0x21CE, 0x21EE, 0x118B, 0x0949, 0x0949, 0x0949, 0x0949, 0x1149,
    0x196A, 0x216A, 0x296A, 0x298B, 0x2149, 0x216A, 0x296A, 0x298B, 0x318B, 0x39CC, 0x49EB, 0x5A0C,
    0x6A2C, 0x724C, 0x724B, 0x82CE, 0x7AAE, 0x416B, 0x298C, 0x196C, 0x198C, 0x21AD, 0x21AD, 0x198D,
    0x21AD, 0x29AE, 0x41EF, 0x5A30, 0x5A50, 0x420F, 0x21AC, 0x59EF, 0x61EE, 0x396B, 0x416C, 0x518D,
    0x598D, 0x41AC, 0x198D, 0x198C, 0x196C, 0x196C, 0x19AC, 0x19AD, 0x21AD, 0x29EE, 0x422F, 0x31EE,
    0x29EE, 0x19AD, 0x19AD, 0x19AD, 0x116B, 0x118C, 0x19AD, 0x118C, 0x118C, 0x118C, 0x118C, 0x118C,
    0x118C, 0x118C, 0x118C, 0x19AC, 0x29CC, 0x49EE, 0x59CD, 0x69CD, 0x7A2E, 0x520E, 0x29CE, 0x19AD,
    0x118C, 0x19CD, 0x19CD, 0x19CE, 0x19CE, 0x19EE, 0x2230, 0x19CD, 0x19AC, 0x19CD, 0x19CD, 0x19AD,
    0x19AD, 0x19AD, 0x19AD, 0x19AD, 0x19AD, 0x29AD, 0x41EE, 0x5230, 0x51EF, 0x5A0F, 0x5A50, 0x39EE,
    0x29CE, 0x19CE, 0x19CE, 0x19CD, 0x322F, 0x3A2F, 0x3A2F, 0x2A50, 0x2A70, 0x3270, 0x3A70, 0x5270,
    0x8B52, 0xB3F2, 0xE472, 0xBBAF, 0xB370, 0xDC32, 0xD3F2, 0xCBB1, 0x9B50, 0x9330, 0x8AD1, 0xBBF4,
    0xAB93, 0x5210, 0x4230, 0x39EF, 0x2A10, 0x3A30, 0x5251, 0x62B1, 0x7AB2, 0x82B1, 0xAB33, 0xC395,
    0xB3F7, 0xB418, 0xAC18, 0xCC58, 0xDC77, 0xE475, 0xEC56, 0xE456, 0xDC36, 0xC437, 0xAC17, 0xAC18,
    0xA418, 0xA418, 0xA418, 0xA418, 0xA418, 0xA418, 0xA418, 0xA418, 0xA418, 0xA418, 0xA418, 0xAC59,
    0xBD1B, 0xBCFA, 0xBD1B, 0xBD1B, 0xC53B, 0xC53B, 0xBD1B, 0xBD1B, 0xBD1B, 0xBD1A, 0xC53B, 0xC51B,
    0xC51B, 0xC53B, 0xC53B, 0xBD3B, 0xC53B, 0xBD3B, 0xBD3B, 0xBD3B, 0xC57B, 0xCDDD, 0xCDDD, 0xCDDC,
    0xCDFC, 0xCDFD, 0xCDFD, 0xCE1D, 0xCE1D, 0xD63D, 0xBCFA, 0x9BD7, 0xA418, 0xA418, 0xA418, 0xA418,
    0xA418, 0xA418, 0xA418, 0xA418, 0xA418, 0xA418, 0xA418, 0xA418, 0xA418, 0xA418, 0xA418, 0xA418,
    0xA418, 0xA418, 0xA418, 0xA418, 0xA418, 0xA438, 0xA419, 0xA418, 0xA418, 0xAC18, 0xA418, 0xA418,
    0xAC38, 0xBC17, 0xD437, 0xDC76, 0xEC76, 0xCC56, 0xA3F6, 0xA418, 0xA3F8, 0xA3F8, 0xA3F8, 0xA3F7,
    0xA3D7, 0xABB7, 0xB3D6, 0xBBD6, 0xBBD7, 0xC3F7, 0xC3D7, 0xC3F7, 0xBBF7, 0xB3F8, 0xA418, 0xA418,
    0xA418, 0xA418, 0xA418, 0xA418, 0xA418, 0xA418, 0xA418, 0xA418, 0xA418, 0xA418, 0xA418, 0xA418,
    0xA418, 0xB416, 0xD476, 0x51CA, 0x10C6, 0x0064, 0x7AF1, 0xBC99, 0x7B33, 0x8B75, 0xA418, 0xA3F8,
    0xA418, 0xA418, 0xA418, 0xA418, 0x00A5, 0x00A5, 0x00A5, 0x0084, 0x0084, 0x10A5, 0x1085, 0x0885,
    0x0865, 0x18A6, 0x3948, 0x38E7, 0x4107, 0x5969, 0x5948, 0x6148, 0x6948, 0x8989, 0xAA2B, 0x922D,
    0x7A2D, 0x196D, 0x118D, 0x198D, 0x11AC, 0x19CE, 0x1A10, 0x1A10, 0x19EF, 0x198D, 0x198D, 0x11AD,
    0x19CE, 0x19EF, 0x2210, 0x19CE, 0x29CE, 0x3A2F, 0x6AB0, 0x9310, 0x21AD, 0x19AD, 0x19AD, 0x19AD,
    0x19AD, 0x21EE, 0x118B, 0x0949, 0x0949, 0x0949, 0x0949, 0x0928, 0x1129, 0x1149, 0x0929, 0x1129,
    0x2129, 0x294A, 0x41CB, 0x49EC, 0x41EC, 0x194A, 0x39AB, 0x51EC, 0x6A4D, 0x6A2C, 0x720B, 0x7A4D,
    0x824C, 0x824C, 0x41CD, 0x298C, 0x19AD, 0x19AD, 0x21AD, 0x19AD, 0x21AD, 0x21AD, 0x39CE, 0x4A0F,
    0x4A0F, 0x41EF, 0x39AD, 0x416C, 0x498C, 0x722F, 0x820F, 0x8A0F, 0x822F, 0x69EE, 0x396C, 0x218D,
    0x198D, 0x196C, 0x198C, 0x21AD, 0x4270, 0x3A2F, 0x21AD, 0x29EE, 0x21EE, 0x19AD, 0x19AD, 0x11AD,
    0x116B, 0x118C, 0x11AD, 0x11AC, 0x118C, 0x118C, 0x118C, 0x11AC, 0x118C, 0x118C, 0x11AC, 0x198C,
    0x198C, 0x198C, 0x31AC, 0x41AC, 0x69AD, 0x51CE, 0x39CE, 0x218C, 0x118C, 0x19CE, 0x19EE, 0x19CE,
    0x19EE, 0x19EF, 0x220F, 0x19CD, 0x19AD, 0x19CD, 0x19CD, 0x19AD, 0x19AD, 0x19AD, 0x19AD, 0x19AC,
    0x21AD, 0x31EE, 0x3A0E, 0x422F, 0x4A2F, 0x5A30, 0x6210, 0x6230, 0x4A2F, 0x2A0F, 0x21CE, 0x19CE,
    0x4A91, 0x6AD2, 0x8B33, 0x5B12, 0x3AD0, 0x2A2F, 0x3A70, 0x5A91, 0x8332, 0xA392, 0xCBD2, 0xD413,
    0xDC13, 0xD412, 0xC3D1, 0xAB51, 0x724E, 0x8AD0, 0xA3B3, 0xB3D2, 0xA352, 0x5A0E, 0x5A2F, 0x4A4F,
    0x2A2F, 0x3230, 0x4230, 0x5A70, 0x7271, 0x92B2, 0x9AD2, 0xAB33, 0xBBF7, 0xB417, 0xAC38, 0xC458,
    0xD477, 0xE475, 0xDC56, 0xD456, 0xBBB5, 0xABD7, 0xA418, 0xA418, 0xA418, 0xA418, 0xA418, 0xA418,
    0xA418, 0xA418, 0xA418, 0xA418, 0xA418, 0xA418, 0xA438, 0xA439, 0xBCDB, 0xB4BA, 0xAC99, 0xBCFB,
    0xC53B, 0xC55B, 0xC53B, 0xC53B, 0xBD3B, 0xBD3B, 0xC53B, 0xC53B, 0xC53B, 0xC53B, 0xC53B, 0xC53B,
    0xC53B, 0xBD3B, 0xBD3B, 0xBD3B, 0xBD3B, 0xBD3B, 0xC59C, 0xCDDD, 0xCDDD, 0xCDDD, 0xCDDD, 0xCDFD,
    0xCDDD, 0xD5FD, 0xB4FB, 0xA3F8, 0xA418, 0xA418, 0xA418, 0xA418, 0xA418, 0xA418, 0xA418, 0xA418,
    0xA418, 0xA418, 0xA418, 0xA418, 0xA418, 0xA418, 0xA418, 0xA418, 0xA418, 0xA418, 0xA418, 0xA418,
    0xA418, 0xA418, 0xA438, 0xA418, 0xA418, 0xA418, 0xA438, 0xA438, 0xA418, 0xAC18, 0xBC17, 0xBC36,
    0xD457, 0xC437, 0xA418, 0xA418, 0xA3F8, 0xA3F8, 0xA3F8, 0xA3F7, 0xABD7, 0xB3B7, 0xB3B6, 0xB3B6,
    0xB3D7, 0xBBF7, 0xBBD7, 0xBBD7, 0xBBB7, 0xB3D7, 0xA418, 0xA418, 0xA418, 0xA418, 0xA418, 0xA418,
    0xA418, 0xA418, 0xA418, 0xA418, 0xA418, 0xA418, 0xA418, 0xA418, 0xA418, 0x9BB5, 0x9392, 0x4189,
    0x10C6, 0x0043, 0x72F1, 0xAC78, 0x2909, 0x49EE, 0xAC59, 0x9BF8, 0xA418, 0xA418, 0xA418, 0xA418,
    0x00A5, 0x00A5, 0x00A5, 0x00A5, 0x00A4, 0x08A4, 0x00A5, 0x00A5, 0x00A5, 0x0085, 0x0885, 0x20C6,
    0x30E6, 0x4107, 0x5128, 0x6969, 0x91CB, 0x99CA, 0x91CA, 0xA9EB, 0x89EC, 0x214D, 0x196D, 0x198D,
    0x11AC, 0x19CE, 0x1A10, 0x1A10, 0x19EF, 0x198D, 0x198D, 0x118D, 0x21EF, 0x1A0F, 0x1A0F, 0x220F,
    0x2A0F, 0x21EF, 0x5A90, 0x8311, 0x21AD, 0x198D, 0x19AD, 0x198D, 0x198D, 0x19AD, 0x118B, 0x116A,
    0x0948, 0x0928, 0x0929, 0x0929, 0x0949, 0x0949, 0x0949, 0x1129, 0x216A, 0x318B, 0x49CC, 0x49CC,
    0x39CC, 0x196A, 0x298B, 0x398B, 0x520C, 0x624D, 0x724C, 0x828D, 0x82AE, 0x92AE, 0x6A4E, 0x5A4E,
    0x29AD, 0x19AD, 0x21AD, 0x19AD, 0x218D, 0x218D, 0x29CD, 0x31CE, 0x298D, 0x296C, 0x296C, 0x318C,
    0x396C, 0x414C, 0x594B, 0x696A, 0x616B, 0x79AC, 0x926E, 0x518D, 0x298C, 0x198C, 0x218D, 0x29AD,
    0x5B33, 0x4290, 0x116B, 0x21CD, 0x21AE, 0x198D, 0x19AD, 0x11AD, 0x116B, 0x118C, 0x19AD, 0x118C,
    0x118C, 0x118C, 0x118C, 0x118C, 0x118C, 0x118C, 0x11AC, 0x118C, 0x198C, 0x116C, 0x31AD, 0x520E,
    0x924F, 0x8A4E, 0x7290, 0x31AD, 0x118C, 0x21EF, 0x19EF, 0x1A0F, 0x2230, 0x2A50, 0x2A50, 0x2230,
    0x220E, 0x19CE, 0x19AD, 0x19AD, 0x19AD, 0x19AD, 0x19AD, 0x19AD, 0x19AD, 0x21CD, 0x21AD, 0x21CE,
    0x29CE, 0x41EF, 0x522F, 0x6A50, 0x5A50, 0x21CD, 0x19EE, 0x19CE, 0x3A71, 0x62B2, 0x9312, 0x4A90,
    0x3270, 0x220F, 0x3A4F, 0x5290, 0x8B94, 0x9353, 0x92F0, 0x8B10, 0x9B30, 0xC3D2, 0xCC13, 0xC433,
    0xBBD3, 0x8372, 0x3A70, 0x93B3, 0xC434, 0xD474, 0xDC94, 0xCC96, 0x422F, 0x31EF, 0x3A10, 0x6AD2,
    0x82F2, 0xBB34, 0xB333, 0xAB73, 0xBB95, 0xB3F7, 0xA439, 0xB437, 0xBC37, 0xE476, 0xBBD4, 0xA374,
    0xB3D6, 0xB3F7, 0xA418, 0xA418, 0xA418, 0xA418, 0xA418, 0xA418, 0xA418, 0xA418, 0xA418, 0xA418,
    0xA418, 0xA418, 0xA438, 0xA418, 0xA438, 0xA438, 0xA438, 0xBCFB, 0xBD3C, 0xBD5C, 0xBD5C, 0xBD5C,
    0xBD5C, 0xBD5C, 0xBD3C, 0xC53C, 0xC53C, 0xBD5B, 0xBD5B, 0xC53B, 0xC53B, 0xC53C, 0xBD3B, 0xC53B,
    0xBD3B, 0xC55C, 0xC55B, 0xBD5B, 0xCDBD, 0xC59C, 0xBD5B, 0xC55B, 0xC55B, 0xBD5B, 0xAC99, 0xA418,
    0xA418, 0xA418, 0xA418, 0xA418, 0xA418, 0xA418, 0xA418, 0xA418, 0xA418, 0xA418, 0xA418, 0xA418,
    0xA418, 0xA418, 0xA418, 0xA418, 0xA418, 0xA418, 0xA418, 0xA418, 0xA418, 0xA418, 0xA418, 0xA418,
    0xA418, 0xA418, 0xA418, 0xA418, 0xA418, 0xA439, 0xAC18, 0xAC18, 0xB3F7, 0xAC18, 0xA418, 0xA418,
    0xA3F8, 0xA3F8, 0xA3F8, 0xABD7, 0xA3B7, 0xAB97, 0xB3B7, 0xAB96, 0xABB7, 0xBBF7, 0xBBF7, 0xBBD6,
    0xB396, 0xB3B7, 0xABF8, 0xA3F8, 0xA3F8, 0xA418, 0xA418, 0xA418, 0xA418, 0xA418, 0xA418, 0xA418,
    0xA418, 0xA418, 0xA418, 0xA418, 0xAC59, 0x626F, 0x10A5, 0x20E7, 0x18E6, 0x0043, 0x52AE, 0x83D4,
    0x7352, 0x8395, 0xA418, 0xA3F8, 0xA418, 0xA418, 0xA418, 0xA418, 0x00A5, 0x00A5, 0x00A5, 0x00A5,
    0x00A5, 0x00A4, 0x00A5, 0x00A4, 0x00A4, 0x00A5, 0x00A5, 0x18E6, 0x2907, 0x3127, 0x3907, 0x48E7,
    0x91EA, 0x91EB, 0x89CB, 0x99EC, 0x81CC, 0x294C, 0x196D, 0x118C, 0x118C, 0x19CE, 0x1A10, 0x19EF,
    0x19CE, 0x198D, 0x198D, 0x11AD, 0x21EF, 0x19EF, 0x19EE, 0x2230, 0x2A30, 0x3230, 0x41CE, 0x49AC,
    0x19AD, 0x19AD, 0x19AD, 0x19AD, 0x19AD, 0x19AD, 0x116B, 0x0949, 0x0948, 0x0928, 0x0928, 0x0928,
    0x0948, 0x0948, 0x0928, 0x0929, 0x1149, 0x1929, 0x2109, 0x316B, 0x318B, 0x1949, 0x194A, 0x212A,
    0x294A, 0x39AB, 0x51EB, 0x5A0B, 0x6A2C, 0x722D, 0x824D, 0x826D, 0x31AD, 0x198C, 0x21AD, 0x19AD,
    0x21AD, 0x218C, 0x218C, 0x298C, 0x216C, 0x218C, 0x218C, 0x218B, 0x296C, 0x318C, 0x61EE, 0x8A2E,
    0x922E, 0x9A2E, 0xA26D, 0xA26F, 0x7A2E, 0x29AC, 0x29CD, 0x31CD, 0x7BD6, 0x52F2, 0x116B, 0x3A4F,
    0x3A2F, 0x21AE, 0x19AE, 0x198D, 0x116B, 0x19AC, 0x19CD, 0x118D, 0x118C, 0x11AC, 0x118C, 0x116B,
    0x116C, 0x118C, 0x19CC, 0x118C, 0x118C, 0x198C, 0x198C, 0x298C, 0x518C, 0x59AD, 0x620E, 0x31AC,
    0x198C, 0x2230, 0x2210, 0x2210, 0x19EF, 0x220F, 0x2A50, 0x2250, 0x2250, 0x220F, 0x21EE, 0x19AD,
    0x19AD, 0x19AD, 0x218D, 0x29AD, 0x29CD, 0x21AD, 0x19CD, 0x19CE, 0x21CE, 0x29CE, 0x31CE, 0x520F,
    0x520F, 0x21AD, 0x19EE, 0x19EE, 0x2A51, 0x52B2, 0x8B53, 0x3A2F, 0x2A30, 0x3AB1, 0x3A71, 0x4250,
    0x5291, 0x72F1, 0x9373, 0x8B11, 0x9331, 0xCC14, 0x9B0F, 0x82AD, 0x9B50, 0x6AF0, 0x2A2F, 0x4250,
    0x6290, 0x9B51, 0xA350, 0xAB31, 0x620D, 0x41EE, 0x3A11, 0x5250, 0x6A71, 0xBB54, 0xBB53, 0xB373,
    0xBBB6, 0xB3F7, 0xA438, 0xAC18, 0xB418, 0xD457, 0x8AF3, 0x6271, 0xAB96, 0xABD7, 0xA418, 0xA418,
    0xAC18, 0xA418, 0xA418, 0xA418, 0xA418, 0xA418, 0xA418, 0xA418, 0xA418, 0xA438, 0xA418, 0xA418,
    0xA418, 0xA418, 0xA418, 0xB4BB, 0xBCFB, 0xBD5C, 0xBD5C, 0xBD5C, 0xBD5C, 0xBD5C, 0xBD5C, 0xBD5C,
    0xBD5C, 0xBD5C, 0xBD5C, 0xC53B, 0xBD3B, 0xBD3B, 0xC53C, 0xC53B, 0xC53B, 0xBD3B, 0xC53B, 0xBD3B,
    0xBD3B, 0xBD1B, 0xBD1B, 0xBD3B, 0xBD1B, 0xBCFB, 0xAC79, 0xA3F8, 0xA418, 0xA418, 0xA418, 0xA418,
    0xA418, 0xA418, 0xA418, 0xA418, 0xA418, 0xA418, 0xA418, 0xA438, 0xA438, 0xA418, 0xA418, 0xA418,
    0xA418, 0xA418, 0xA418, 0xA418, 0xA438, 0xA418, 0xA418, 0xA418, 0xA418, 0xA418, 0xA418, 0xA418,
    0xA418, 0xA438, 0xA418, 0xA3F8, 0xA418, 0xA418, 0xA418, 0xA418, 0xA3F8, 0xA3F8, 0xA3F8, 0xABD7,
    0xABD7, 0xAB96, 0xA376, 0xAB96, 0xABB7, 0xAB96, 0xB3B6, 0xBBD7, 0xBBD7, 0xBBD7, 0xB3F8, 0xABF7,
    0xABD7, 0xABD7, 0xABF7, 0xA3F7, 0xA418, 0xA418, 0xA418, 0xA418, 0xA418, 0xA418, 0xA418, 0xA418,
    0xAC39, 0x522F, 0x0045, 0x18C7, 0x10C5, 0x00A4, 0x08E6, 0x1908, 0x8B75, 0xA418, 0xA3F8, 0xA418,
    0xA418, 0xA418, 0xA418, 0xA418, 0x00A5, 0x00A5, 0x00A5, 0x00A5, 0x00A5, 0x00A5, 0x00A5, 0x00A5,
    0x00A5, 0x00A5, 0x00A5, 0x08C5, 0x10A5, 0x1084, 0x28C6, 0x40C7, 0x8189, 0x8189, 0x6948, 0x5928,
    0x4929, 0x414B, 0x218C, 0x118D, 0x118C, 0x19CE, 0x19F0, 0x11CE, 0x11AD, 0x19AD, 0x19AD, 0x11AD,
    0x2210, 0x19EF, 0x118D, 0x2230, 0x3230, 0x420F, 0x6A70, 0x82B0, 0x19AD, 0x11AD, 0x19AD, 0x19AD,
    0x19AD, 0x19AD, 0x116B, 0x0949, 0x0948, 0x0948, 0x0928, 0x0928, 0x0928, 0x0948, 0x0928, 0x0908,
    0x1108, 0x1109, 0x1129, 0x1949, 0x214A, 0x216A, 0x192A, 0x110A, 0x192A, 0x214A, 0x2969, 0x316A,
    0x41AB, 0x620B, 0x8A6D, 0x9AAE, 0x31AC, 0x196C, 0x198D, 0x19AD, 0x21AC, 0x218C, 0x218C, 0x218B,
    0x218B, 0x218B, 0x218B, 0x218B, 0x298B, 0x298C, 0x49AD, 0x71CD, 0xA24E, 0xA26E, 0x9A4D, 0xB28F,
    0x9A6F, 0x51CD, 0x6AB0, 0x7373, 0x3A0F, 0x29AE, 0x196C, 0x5AF3, 0x5AF3, 0x29AE, 0x19AD, 0x198D,
    0x116B, 0x198C, 0x19CD, 0x118D, 0x118C, 0x118C, 0x118C, 0x116B, 0x116B, 0x118C, 0x118C, 0x118C,
    0x116C, 0x118C, 0x196C, 0x196C, 0x316C, 0x414B, 0x492A, 0x31AD, 0x21EE, 0x2A71, 0x2A51, 0x2230,
    0x19CE, 0x19EE, 0x19EE, 0x222F, 0x2230, 0x2230, 0x21EE, 0x19AD, 0x19AD, 0x29AD, 0x39CE, 0x51CF,
    0x4A0F, 0x41EE, 0x29CD, 0x19AD, 0x19CE, 0x21CE, 0x21AD, 0x41EE, 0x4A0F, 0x4A30, 0x29EE, 0x19EE,
    0x3270, 0x4A91, 0x6AD2, 0x5291, 0x3A70, 0x222F, 0x222F, 0x2A0F, 0x3A30, 0x5270, 0x6AB0, 0x8B12,
    0xAB71, 0xDC32, 0xCBF1, 0xC3B1, 0xCC12, 0x9392, 0x3A50, 0x3210, 0x5270, 0xABB2, 0xB3B2, 0xCBB1,
    0xC3D1, 0x82F1, 0x298F, 0x3A10, 0x5231, 0x8B13, 0xB353, 0xC394, 0xBBB5, 0xB3F7, 0xAC38, 0xAC19,
    0xAC18, 0xB438, 0x7AD3, 0x5230, 0xA334, 0xAB96, 0xA418, 0xA419, 0xA419, 0xA418, 0xA418, 0xA418,
    0xA418, 0xA418, 0xA418, 0xA418, 0xA438, 0xA438, 0xA418, 0xA418, 0xA418, 0xA418, 0xA419, 0xA439,
    0xAC9A, 0xBD7C, 0xBD5C, 0xBD5C, 0xBD5C, 0xBD5C, 0xBD5C, 0xBD5C, 0xBD5C, 0xBD7C, 0xBD7C, 0xC55C,
    0xBD3B, 0xBD3B, 0xBD3B, 0xBD3B, 0xBD3B, 0xBD1B, 0xBD1B, 0xBD1B, 0xBCFB, 0xBCFA, 0xBCFB, 0xAC9A,
    0xAC79, 0xAC59, 0xA438, 0xA418, 0xA418, 0xA418, 0xA418, 0xA418, 0xA418, 0xA418, 0xA418, 0xA418,
    0xA418, 0xA418, 0xA418, 0xA418, 0xA418, 0xA418, 0xA418, 0xA418, 0xA418, 0xA418, 0xA418, 0xA418,
    0xA418, 0xA418, 0xA418, 0xA418, 0xA418, 0xA418, 0xA418, 0xA418, 0xA418, 0xA418, 0xA418, 0xA418,
    0xA418, 0xA418, 0xA3F8, 0xA3F8, 0xA3F8, 0xA3F8, 0xA3F8, 0xABD8, 0xABD7, 0xABB7, 0xAB96, 0xAB96,
    0xA396, 0xB3B7, 0xAB96, 0xAB96, 0xBBD7, 0xBBB7, 0xB3D7, 0xB3D7, 0xB3B7, 0xB3B7, 0xABD7, 0xABD7,
    0xABF7, 0xA418, 0xA3F8, 0xA418, 0xA418, 0xA3D8, 0xA3F8, 0xA3F8, 0xAC38, 0x62B1, 0x2149, 0x10E7,
    0x00A4, 0x00A4, 0x0085, 0x0885, 0x8B76, 0xA419, 0x9BF8, 0xA418, 0xA418, 0xA418, 0xA418, 0xA418,
    0x00A5, 0x00A5, 0x00A5, 0x00A5, 0x00A5, 0x00A5, 0x00A5, 0x00A5, 0x00A5, 0x00A5, 0x00A4, 0x00A4,
    0x00A4, 0x0084, 0x18A5, 0x30C6, 0x5969, 0x7169, 0x8168, 0x7948, 0x696A, 0x314C, 0x198C, 0x11AC,
    0x118C, 0x19CE, 0x19EF, 0x19EF, 0x19CE, 0x198D, 0x198D, 0x11AD, 0x2210, 0x19EF, 0x118D, 0x2230,
    0x4250, 0x6A70, 0x82D1, 0x92F1, 0x21CD, 0x11AD, 0x19AD, 0x19AD, 0x19AD, 0x19AD, 0x118C, 0x116A,
    0x0929, 0x0948, 0x0928, 0x0928, 0x0928, 0x0128, 0x1149, 0x214A, 0x292A, 0x2149, 0x0949, 0x0949,
    0x1129, 0x296B, 0x296A, 0x314A, 0x49AC, 0x49AB, 0x418B, 0x314A, 0x316C, 0x49CB, 0x724D, 0x8A6E,
    0x6A2D, 0x41CD, 0x198C, 0x19AC, 0x198C, 0x198B, 0x218B, 0x218B, 0x218B, 0x218B, 0x218B, 0x218B,
    0x218B, 0x218B, 0x318C, 0x49AC, 0x822D, 0x922E, 0x9A4E, 0xA26E, 0xA24E, 0x81ED, 0x82AF, 0x7B52,
    0x4250, 0x3A31, 0x4250, 0x7334, 0x7355, 0x52D2, 0x2A0F, 0x118D, 0x196B, 0x198C, 0x11AD, 0x118D,
    0x118C, 0x096B, 0x118C, 0x118C, 0x116B, 0x116B, 0x118C, 0x118C, 0x116C, 0x116B, 0x198C, 0x198C,
    0x218C, 0x51AC, 0x89ED, 0x49CD, 0x29EE, 0x2A50, 0x2250, 0x2230, 0x19EF, 0x19EE, 0x19EE, 0x19EE,
    0x19EF, 0x2230, 0x21EE, 0x19AD, 0x19AD, 0x21CD, 0x39EE, 0x41AE, 0x49CF, 0x522F, 0x420F, 0x31EE,
    0x21CD, 0x19CD, 0x19CE, 0x29CD, 0x31CE, 0x420F, 0x29CE, 0x19CD, 0x2A4F, 0x3A70, 0x5270, 0x62D1,
    0x4A90, 0x09ED, 0x11EE, 0x21EE, 0x3230, 0x5A71, 0x72F2, 0x8313, 0xA373, 0xDC11, 0xE451, 0xE452,
    0xEC73, 0xB3D2, 0x5A90, 0x3A30, 0x4A71, 0x9373, 0xB3B2, 0xD432, 0xE454, 0xAB92, 0x6290, 0x4230,
    0x4A31, 0x72D3, 0x92F3, 0xB312, 0xBB74, 0xBBD6, 0xB418, 0xABF8, 0xA3F8, 0xA3F8, 0x72D4, 0x5271,
    0x9AF3, 0xAB54, 0xABF8, 0xA3F8, 0xA3F8, 0xA418, 0xA418, 0xA418, 0xA418, 0xA418, 0xA418, 0xA418,
    0xA438, 0xA438, 0xA418, 0xA418, 0xA418, 0xA418, 0xA419, 0xA418, 0xAC79, 0xBD5C, 0xBD5C, 0xBD5C,
    0xBD5C, 0xBD5C, 0xBD5C, 0xBD5C, 0xBD5C, 0xBD7C, 0xBD7C, 0xC55C, 0xBD3C, 0xBD3B, 0xBD5C, 0xBD5C,
    0xBD5B, 0xBD3B, 0xBCFA, 0xBCDA, 0xBCDA, 0xB4DA, 0xB4DA, 0xA438, 0xA418, 0xA3F8, 0xA418, 0xA418,
    0xA418, 0xA418, 0xA418, 0xA418, 0xA418, 0xA418, 0xA418, 0xA418, 0xA418, 0xA418, 0xA418, 0xA418,
    0xA418, 0xA418, 0xA418, 0xA418, 0xA418, 0xA418, 0xA418, 0xA418, 0xA418, 0xA418, 0xA418, 0xA418,
    0xA418, 0xA418, 0xA418, 0xA418, 0xA418, 0xA418, 0xA418, 0xA418, 0xA418, 0xA418, 0xA3F8, 0xA3F8,
    0xA3F8, 0xA3D8, 0xA3D7, 0x9B97, 0x9B56, 0x9B76, 0xAB77, 0xA376, 0xA376, 0xB397, 0xAB96, 0xA396,
    0xAB96, 0xB397, 0xB3B7, 0xB397, 0xAB97, 0xA396, 0xABB7, 0xB3B7, 0xABB7, 0xA3F8, 0xA418, 0xABF8,
    0xABD7, 0xABD7, 0xABD7, 0xA3D7, 0xAC18, 0x72F2, 0x39CC, 0x10E7, 0x0084, 0x0084, 0x0085, 0x08A6,
    0x8B76, 0xA418, 0x9BF8, 0xA418, 0xA418, 0xA418, 0xA418, 0xA418, 0x00A5, 0x00A5, 0x00A4, 0x00A4,
    0x00A5, 0x00A5, 0x00A5, 0x00A5, 0x00A5, 0x00A5, 0x00A5, 0x00A4, 0x00A5, 0x08C5, 0x18C5, 0x28E6,
    0x4148, 0x6989, 0x91CA, 0xB20B, 0x9A2C, 0x216C, 0x118D, 0x118C, 0x118C, 0x19CE, 0x19EF, 0x1A0F,
    0x19EF, 0x19AE, 0x19AD, 0x198D, 0x21EF, 0x19EF, 0x198D, 0x1A10, 0x4271, 0x8AF1, 0x7AB0, 0x6A70,
    0x19CE, 0x19AE, 0x19AD, 0x11CD, 0x19AD, 0x19AD, 0x19AD, 0x19AB, 0x0949, 0x0948, 0x0928, 0x0928,
    0x0928, 0x0928, 0x196A, 0x298B, 0x318B, 0x216A, 0x0928, 0x0949, 0x1149, 0x216A, 0x316A, 0x418A,
    0x6A2C, 0x622C, 0x620C, 0x49AB, 0x416A, 0x418B, 0x59EC, 0x720D, 0x928E, 0x6A2E, 0x198B, 0x198C,
    0x198B, 0x216B, 0x216B, 0x216B, 0x218C, 0x218B, 0x218B, 0x218B, 0x218C, 0x218B, 0x298C, 0x398C,
    0x69ED, 0x8A0D, 0xAA6F, 0x9A6E, 0x9A2E, 0x9A0D, 0x722E, 0x5250, 0x6B75, 0x6354, 0x52F3, 0x6B34,
    0x7354, 0x7BB6, 0x4271, 0x116C, 0x116B, 0x118C, 0x11AD, 0x11AD, 0x11AC, 0x118B, 0x118C, 0x118C,
    0x116B, 0x116C, 0x19AD, 0x118C, 0x116C, 0x116B, 0x118C, 0x196C, 0x196C, 0x620D, 0xB2CF, 0x51CD,
    0x21AE, 0x222F, 0x222F, 0x2230, 0x1A0F, 0x1A0E, 0x19EE, 0x19CE, 0x19CE, 0x220F, 0x19EE, 0x19AD,
    0x19AD, 0x21CD, 0x21CD, 0x318D, 0x398D, 0x520F, 0x5A2F, 0x522F, 0x21CD, 0x21CD, 0x19CE, 0x21AD,
    0x21AD, 0x21CD, 0x21CE, 0x21CE, 0x220E, 0x322F, 0x4A50, 0x62D1, 0x52B1, 0x11EE, 0x19EE, 0x21EF,
    0x2A30, 0x62D2, 0x9B74, 0x8333, 0x9353, 0xC3D2, 0xD3F2, 0xD411, 0xDC32, 0xB3B1, 0x7AD0, 0x3A2F,
    0x3A30, 0x6AB1, 0x9331, 0xBBF2, 0xC3F2, 0xBBD3, 0xA3B2, 0x4A70, 0x4210, 0x6AB3, 0x7A92, 0x9290,
    0xBB13, 0xBBB5, 0xC417, 0xAC17, 0xA3D8, 0x9BD7, 0x6AD3, 0x5A51, 0x9AB2, 0xA334, 0xABD7, 0xA3F8,
    0xA418, 0xA418, 0xA418, 0xA418, 0xA418, 0xA418, 0xA418, 0xA418, 0xA418, 0xA418, 0xA438, 0xA438,
    0xA418, 0xA418, 0xA418, 0xA418, 0xAC79, 0xBD5C, 0xBD5C, 0xBD5C, 0xBD5C, 0xBD5C, 0xBD5C, 0xBD5C,
    0xBD5C, 0xBD7C, 0xBD7C, 0xBD5C, 0xBD1B, 0xBD3C, 0xBD7C, 0xBD7C, 0xBD5C, 0xBD3B, 0xB4DA, 0xB499,
    0xB499, 0xB499, 0xB4BA, 0xA438, 0xA418, 0xA418, 0xA418, 0xA418, 0xA418, 0xA418, 0xA418, 0xA418,
    0xA418, 0xA418, 0xA418, 0xA418, 0xA418, 0xA418, 0xA418, 0xA418, 0xA418, 0xA418, 0xA418, 0xA418,
    0xA418, 0xA418, 0xA418, 0xA418, 0xA418, 0xA418, 0xA418, 0xA418, 0xA418, 0xA418, 0xA418, 0xA418,
    0xA418, 0xA418, 0xA418, 0xA418, 0xA418, 0xA418, 0xA418, 0xA3F8, 0xA3F8, 0xA3D7, 0x9BB7, 0x9376,
    0x7AF4, 0x8B35, 0x9B76, 0x9B55, 0xA355, 0xB396, 0xB3B7, 0xABB7, 0xA375, 0xAB76, 0xBBB7, 0xAB97,
    0xA376, 0x9B56, 0xAB96, 0xB3B7, 0xAB97, 0xABD7, 0xABF8, 0xABD7, 0xABD7, 0xB3B7, 0xB3D7, 0xA3D6,
    0xABF8, 0x6AB1, 0x318B, 0x1107, 0x00A4, 0x00A5, 0x0085, 0x0885, 0x8B96, 0xA419, 0x9BF8, 0xA418,
    0xA418, 0xA3F8, 0xA418, 0xA418, 0x00A5, 0x00A5, 0x00A4, 0x00A4, 0x00A5, 0x00A5, 0x00A5, 0x00A5,
    0x00A5, 0x00A5, 0x00A5, 0x00A4, 0x00A4, 0x00A4, 0x18C6, 0x3107, 0x4928, 0x5948, 0x6989, 0xA20B,
    0x8A0C, 0x216C, 0x198D, 0x118D, 0x19AD, 0x19CE, 0x19EF, 0x19EF, 0x19EF, 0x19AE, 0x19AD, 0x198D,
    0x21EF, 0x19EF, 0x19AD, 0x2211, 0x4271, 0x9311, 0x5A2F, 0x296C, 0x19AC, 0x11AD, 0x19AD, 0x11AD,
    0x19AD, 0x19AD, 0x19AC, 0x11AC, 0x0949, 0x0948, 0x0929, 0x0928, 0x0928, 0x0948, 0x0949, 0x0928,
    0x0928, 0x0928, 0x0929, 0x0949, 0x1149, 0x1949, 0x216A, 0x316A, 0x396A, 0x51EC, 0x6A0C, 0x69EB,
    0x620C, 0x5A2C, 0x6A2D, 0x6A2D, 0x59CB, 0x41AB, 0x198C, 0x198C, 0x196B, 0x196B, 0x196B, 0x216B,
    0x216B, 0x196B, 0x196B, 0x218B, 0x218C, 0x216B, 0x216B, 0x398B, 0x71CC, 0x820C, 0xAA8E, 0x79ED,
    0x7A0D, 0xA24E, 0x61CE, 0x19AD, 0x7B76, 0x5AF3, 0x29EF, 0x5AF3, 0x6B34, 0x8376, 0x4251, 0x198D,
    0x116B, 0x116B, 0x118C, 0x11AD, 0x19CD, 0x11AC, 0x11AC, 0x118C, 0x116B, 0x118C, 0x19AD, 0x116C,
    0x116C, 0x118C, 0x116B, 0x196C, 0x216C, 0x418B, 0x698B, 0x398D, 0x21CE, 0x19EE, 0x222F, 0x2250,
    0x222F, 0x1A0F, 0x19AD, 0x19CD, 0x19CD, 0x19CE, 0x19CE, 0x19CD, 0x19AD, 0x19AD, 0x21AD, 0x29CD,
    0x29AD, 0x396D, 0x51CE, 0x5A30, 0x320F, 0x29EE, 0x21CD, 0x21AD, 0x29CD, 0x320E, 0x29AD, 0x21AD,
    0x21CD, 0x320E, 0x4A90, 0x4A90, 0x4290, 0x2A71, 0x2250, 0x222F, 0x3291, 0x5AF2, 0x8333, 0x8B54,
    0x8B54, 0x72B1, 0xAB92, 0xCBF2, 0x9B31, 0xA392, 0xB3F3, 0x4290, 0x2A30, 0x4A91, 0x6AD0, 0x9331,
    0xBBF2, 0xC433, 0xD433, 0x5250, 0x320F, 0x5251, 0x5A71, 0x7291, 0xAB33, 0xB394, 0xBBB5, 0xABF7,
    0xA3D7, 0x8B75, 0x62B3, 0x5251, 0x8AB2, 0xA353, 0xB3F7, 0xABF8, 0xA418, 0xA418, 0xA418, 0xA418,
    0xA418, 0xA418, 0xA418, 0xA418, 0xA418, 0xA418, 0xA438, 0xA438, 0xA418, 0xA418, 0xA418, 0xA418,
    0xAC7A, 0xC55C, 0xBD5C, 0xBD5C, 0xBD5C, 0xBD5C, 0xBD5C, 0xBD5C, 0xBD5C, 0xBD5C, 0xBD5C, 0xBD5C,
    0xBCFB, 0xBD3B, 0xBD7C, 0xBD7C, 0xBD3B, 0xB4BA, 0xB499, 0xB499, 0xB479, 0xB499, 0xB479, 0xA418,
    0xA418, 0xA418, 0xA418, 0xA418, 0xA418, 0xA418, 0xA418, 0xA418, 0xA418, 0xA418, 0xA418, 0xA418,
    0xA418, 0xA418, 0xA418, 0xA418, 0xA418, 0xA418, 0xA418, 0xA418, 0xA418, 0xA418, 0xA418, 0xA418,
    0xA418, 0xA418, 0xA418, 0xA418, 0xA418, 0xA418, 0xA418, 0xA418, 0xA418, 0xA418, 0xA418, 0xA418,
    0xA418, 0xA3F8, 0xA3F8, 0xA3F8, 0xA3D7, 0xA3D8, 0x9377, 0x7B35, 0x7315, 0x8315, 0x8B15, 0x9335,
    0x9B56, 0xA376, 0xAB96, 0xB396, 0xA375, 0xA396, 0xB3B7, 0x9B56, 0x8B56, 0x9355, 0x9B56, 0x9B56,
    0xAB96, 0xABB7, 0xABB7, 0xABB7, 0xABB7, 0xAB97, 0xABB7, 0xABB7, 0xB3F8, 0x5A0F, 0x0866, 0x00A5,
    0x0084, 0x00A5, 0x0085, 0x0885, 0x8B95, 0xA418, 0xA418, 0xA418, 0xA418, 0x9BF8, 0x9BF8, 0xA3F8,
    0x00A5, 0x00A5, 0x00A4, 0x00A4, 0x00A5, 0x00A5, 0x00A5, 0x00A5, 0x00A5, 0x0085, 0x0084, 0x1884,
    0x1885, 0x00A4, 0x18C6, 0x3127, 0x6168, 0x5969, 0x4949, 0x91E9, 0x89CB, 0x294C, 0x198C, 0x11CD,
    0x19EF, 0x19CE, 0x118D, 0x19CF, 0x19EF, 0x19AE, 0x19AD, 0x198D, 0x19EF, 0x19EF, 0x19CD, 0x2211,
    0x4A51, 0x9B12, 0x522F, 0x194C, 0x19AD, 0x19AD, 0x218D, 0x19AD, 0x218D, 0x19AD, 0x19AC, 0x11AC,
    0x0949, 0x0928, 0x0928, 0x0928, 0x0928, 0x0928, 0x0928, 0x0928, 0x0948, 0x0928, 0x0928, 0x0929,
    0x0929, 0x0949, 0x1149, 0x1129, 0x1129, 0x298A, 0x49AB, 0x61CB, 0x6A0C, 0x6A6D, 0x59CC, 0x498B,
    0x724D, 0x522E, 0x198C, 0x198C, 0x198B, 0x196B, 0x196B, 0x196B, 0x196B, 0x196B, 0x196B, 0x196B,
    0x198B, 0x218B, 0x218B, 0x298B, 0x49AC, 0x61CC, 0x8A0D, 0x71CC, 0x69CC, 0x81CC, 0x6A0D, 0x5A4F,
    0x8395, 0x6B55, 0x52B2, 0x4271, 0x4271, 0x8396, 0x4251, 0x198D, 0x19AC, 0x118B, 0x096B, 0x118C,
    0x19AD, 0x19CD, 0x11AC, 0x118B, 0x116B, 0x118C, 0x11AD, 0x11AC, 0x198C, 0x116B, 0x116B, 0x194B,
    0x296B, 0x316C, 0x396C, 0x29AD, 0x19CE, 0x19EE, 0x220F, 0x222F, 0x222F, 0x19EE, 0x11AD, 0x19CD,
    0x19CD, 0x19AD, 0x19AD, 0x19AD, 0x11AD, 0x19AD, 0x19AD, 0x21AD, 0x19CD, 0x31CD, 0x41CE, 0x49CE,
    0x39CE, 0x29CD, 0x19CD, 0x39EE, 0x49EF, 0x5A30, 0x41CE, 0x298D, 0x41EE, 0x4A0F, 0x4A4F, 0x29EE,
    0x220F, 0x3292, 0x1A2F, 0x11CE, 0x2A70, 0x3A91, 0x52D2, 0x7B13, 0x8B54, 0x7B32, 0xAB92, 0xBBD1,
    0x72D1, 0x8B31, 0xBC34, 0x3A4F, 0x11EF, 0x220F, 0x3250, 0x5AB1, 0xABD3, 0xBBF2, 0xBBF2, 0xBC15,
    0xABF4, 0x8B11, 0x6291, 0x5250, 0x7AD1, 0x9313, 0xAB33, 0xB3D7, 0x9BB7, 0x62D2, 0x5271, 0x4A51,
    0x7AB1, 0x9B13, 0xC3B6, 0xB3F7, 0xABF8, 0xA418, 0xA418, 0xA418, 0xA418, 0xA418, 0xA418, 0xA418,
    0xA418, 0xA418, 0xA438, 0xA438, 0xA418, 0xA418, 0xA418, 0xA418, 0xAC59, 0xBD3C, 0xBD5C, 0xBD5C,
    0xBD5C, 0xBD5C, 0xBD5C, 0xBD5C, 0xBD5C, 0xBD3C, 0xBD3C, 0xBD3B, 0xB4DA, 0xBD1B, 0xBD5C, 0xBD3B,
    0xBD1B, 0xB499, 0xB479, 0xB479, 0xB479, 0xB459, 0xA418, 0xA418, 0xA418, 0xA418, 0xA418, 0xA418,
    0xA418, 0xA418, 0xA418, 0xA418, 0xA3F8, 0xA3B7, 0xA3F8, 0xA418, 0xA418, 0xA418, 0xA418, 0xA418,
    0xA418, 0xA418, 0xA418, 0xA418, 0xA418, 0xA418, 0xA418, 0xA418, 0xA418, 0xA418, 0xA418, 0xA418,
    0xA418, 0xA418, 0xA418, 0xA418, 0xA418, 0xA418, 0xA418, 0xA418, 0xA3F8, 0xA3F8, 0xA3F8, 0xA3D8,
    0x9BD7, 0xA3B8, 0x8356, 0x6AF4, 0x6B15, 0x72F5, 0x82F4, 0x8B14, 0x9335, 0x9355, 0xA376, 0xB3B7,
    0xB3B7, 0xAB96, 0xA396, 0x8B35, 0x8315, 0x8B35, 0x9356, 0x9B76, 0xA375, 0xAB96, 0xABB7, 0xA376,
    0x9B76, 0x8B55, 0x9376, 0x9B76, 0xABB7, 0x7291, 0x396B, 0x10E6, 0x00A4, 0x00A5, 0x0085, 0x08A5,
    0x8BD5, 0xA438, 0x9BF8, 0xA418, 0xA418, 0x9BF8, 0xA438, 0xA459, 0x00A5, 0x00A5, 0x00A5, 0x00A5,
    0x00A5, 0x00A5, 0x00A5, 0x00A5, 0x00A5, 0x08A5, 0x18E6, 0x30E6, 0x30E6, 0x10A4, 0x18C6, 0x30E6,
    0x6989, 0x798A, 0x798A, 0x99EB, 0x81EB, 0x294C, 0x196D, 0x11AD, 0x1A10, 0x19CE, 0x118C, 0x19CF,
    0x19EF, 0x19EF, 0x19AD, 0x19AC, 0x1A0F, 0x19EF, 0x19CE, 0x2210, 0x4A51, 0x9B32, 0x6270, 0x39EE,
    0x29CE, 0x41CE, 0x520F, 0x41AE, 0x318D, 0x19AD, 0x19AD, 0x118C, 0x0949, 0x0948, 0x0948, 0x0948,
    0x0928, 0x0928, 0x0928, 0x0928, 0x0928, 0x0928, 0x0928, 0x0948, 0x0948, 0x0948, 0x0928, 0x0928,
    0x0929, 0x194A, 0x314A, 0x59CB, 0x6A0C, 0x6A4D, 0x59EC, 0x51CC, 0x49CC, 0x31CC, 0x198D, 0x198C,
    0x118B, 0x196B, 0x196B, 0x198B, 0x198B, 0x198B, 0x116B, 0x196B, 0x198B, 0x198B, 0x218B, 0x218B,
    0x298C, 0x418C, 0x61AC, 0x518B, 0x61AC, 0x920D, 0x924E, 0x92B1, 0x9375, 0x8395, 0x7355, 0x320F,
    0x320F, 0x8BF7, 0x4A71, 0x198D, 0x19CD, 0x118B, 0x116B, 0x19AC, 0x19AD, 0x19AE, 0x118C, 0x096B,
    0x11AC, 0x19AD, 0x11AC, 0x19AD, 0x11AD, 0x114B, 0x198C, 0x21AC, 0x59CC, 0x41AC, 0x218D, 0x21AE,
    0x19CE, 0x19CE, 0x19EE, 0x19EE, 0x220F, 0x19EE, 0x11AD, 0x11AD, 0x11AD, 0x19AD, 0x19AD, 0x19AD,
    0x19AD, 0x19CD, 0x19CD, 0x19AD, 0x19AD, 0x29CD, 0x31AD, 0x31AE, 0x31EE, 0x29EE, 0x19AD, 0x31CE,
    0x420F, 0x5230, 0x520F, 0x49EF, 0x418D, 0x41CE, 0x4A2F, 0x21CD, 0x19EE, 0x2A71, 0x220F, 0x19CE,
    0x2250, 0x3291, 0x42B2, 0x62D2, 0x7AF2, 0x8B73, 0x9352, 0x9B52, 0xAB71, 0x9331, 0x5AD0, 0x2A2F,
    0x1A0F, 0x3270, 0x3A50, 0x4250, 0x62B0, 0x72AF, 0x72B0, 0x9B72, 0xA391, 0xAB72, 0x7290, 0x51EF,
    0x5A50, 0x82D2, 0xA313, 0xABB5, 0x9B96, 0x5271, 0x5271, 0x5271, 0x7A91, 0x9312, 0xB395, 0xC3D7,
    0xBBF8, 0xABF8, 0xA418, 0xA418, 0xAC18, 0xA418, 0xA418, 0xA418, 0xA418, 0xA418, 0xA438, 0xA438,
    0xA418, 0xA418, 0xA438, 0xA418, 0xAC79, 0xBD1C, 0xB4DA, 0xB4BA, 0xC53C, 0xC55C, 0xC53C, 0xBD3B,
    0xBD3B, 0xBD1B, 0xBD1B, 0xBCFB, 0xB4BA, 0xB4FB, 0xBD5C, 0xB4DA, 0xB4BA, 0xB499, 0xB479, 0xB479,
    0xB499, 0xAC58, 0xA418, 0xA418, 0xA418, 0xA419, 0xA418, 0x9BF8, 0xA418, 0xA3F8, 0xA418, 0x9BD7,
    0xA3B7, 0xB397, 0xABF7, 0xA3F8, 0xA418, 0xA418, 0xA418, 0xA418, 0xA418, 0xA418, 0xA418, 0x9BF8,
    0x9C18, 0xA418, 0xA418, 0xA418, 0xA418, 0xA418, 0xA418, 0xA418, 0xA418, 0xA418, 0xA418, 0xA418,
    0xA418, 0xA418, 0xA418, 0xA418, 0xA3F8, 0xA3F8, 0xABF8, 0xA3D7, 0x9BB7, 0x9397, 0x7B55, 0x6AF4,
    0x6AF5, 0x72D4, 0x72F4, 0x8314, 0x8B35, 0x8B35, 0x9335, 0x9B75, 0xB3D7, 0xBBD7, 0xB3B7, 0x9B96,
    0x9356, 0x8315, 0x8B35, 0x8B56, 0x9356, 0xA376, 0xB3B7, 0x9335, 0x8B35, 0x8335, 0x8355, 0x8B55,
    0x8B75, 0x8B54, 0x9375, 0x2969, 0x0084, 0x00A5, 0x00A5, 0x00A5, 0x2949, 0x5A90, 0xA439, 0x9BF7,
    0x9BF8, 0xA459, 0x62D1, 0x318B, 0x00A5, 0x00A5, 0x00A5, 0x00A5, 0x00A5, 0x00A5, 0x00A5, 0x00A5,
    0x00A5, 0x08C5, 0x18E6, 0x30E7, 0x30E6, 0x20C5, 0x20C6, 0x20E6, 0x40C6, 0x6928, 0x89CB, 0x99CB,
    0x91CC, 0x71AC, 0x39AC, 0x11AD, 0x1A10, 0x19CE, 0x118C, 0x19EF, 0x21F0, 0x19F0, 0x19CD, 0x19AC,
    0x1A0F, 0x19EF, 0x19CE, 0x2210, 0x3A50, 0x72B1, 0x524F, 0x41EE, 0x41EE, 0x51EF, 0x6A2F, 0x51AE,
    0x31AD, 0x21AD, 0x21AD, 0x21AC, 0x1149, 0x0949, 0x0968, 0x0948, 0x0948, 0x0948, 0x0948, 0x0928,
    0x0929, 0x0928, 0x0928, 0x0928, 0x0948, 0x0948, 0x0949, 0x1149, 0x0929, 0x1949, 0x2149, 0x49CB,
    0x5A0C, 0x51EB, 0x51CB, 0x49AB, 0x296B, 0x198C, 0x11AC, 0x198B, 0x116B, 0x116A, 0x118B, 0x118B,
    0x118B, 0x116B, 0x116B, 0x116B, 0x118B, 0x118B, 0x198B, 0x218B, 0x298C, 0x316B, 0x418B, 0x398C,
    0x49AC, 0x79ED, 0x822E, 0x8A4F, 0x9334, 0x8B75, 0x8395, 0x320F, 0x2A0E, 0x6313, 0x4230, 0x198D,
    0x19AD, 0x118C, 0x116B, 0x19AC, 0x19AD, 0x19AE, 0x118C, 0x096B, 0x19AC, 0x11AD, 0x118C, 0x19AD,
    0x118C, 0x114B, 0x198C, 0x21CD, 0x49CE, 0x39CD, 0x19AD, 0x21AE, 0x19CE, 0x19CE, 0x19CE, 0x19CE,
    0x19EE, 0x19EE, 0x19AD, 0x11AD, 0x19CD, 0x19CD, 0x19CD, 0x19AD, 0x19AD, 0x19AD, 0x11AD, 0x19AD,
    0x19AD, 0x21AD, 0x21AD, 0x21CD, 0x29EE, 0x21CD, 0x19AD, 0x21AD, 0x29CE, 0x39EE, 0x51EF, 0x59EF,
    0x39AD, 0x39CE, 0x39EF, 0x21CD, 0x19EE, 0x2A50, 0x222F, 0x19EE, 0x220F, 0x2A2F, 0x3270, 0x4291,
    0x52B1, 0x62F2, 0x62D2, 0x72F2, 0xCBD3, 0xA351, 0x4AAF, 0x222F, 0x222F, 0x42D1, 0x52D1, 0x62D1,
    0x62B0, 0x72D0, 0x9AF1, 0xAB70, 0xB391, 0xCBD2, 0xBB71, 0xA32F, 0x9B51, 0x8AF2, 0x82B2, 0x9333,
    0x8313, 0x4251, 0x4250, 0x4A51, 0x7291, 0x82D2, 0x9B53, 0xBB95, 0xC3B6, 0xB3B6, 0xABD7, 0xAC18,
    0xA418, 0xA418, 0xA418, 0xA418, 0xA418, 0xA418, 0xA438, 0xA438, 0xA418, 0xA418, 0xA438, 0xA438,
    0xA439, 0xAC9A, 0xAC59, 0xA459, 0xBD1B, 0xBD1B, 0xBCFB, 0xBD1B, 0xBD1B, 0xB4BA, 0xB4BA, 0xBCDA,
    0xB499, 0xB4BA, 0xB4DA, 0xB499, 0xAC79, 0xB479, 0xB479, 0xB479, 0xB479, 0xAC58, 0xA418, 0xA418,
    0xA418, 0x9BD8, 0x9BF8, 0xA3F8, 0xA3D8, 0xA3F8, 0xA418, 0x9376, 0x9356, 0xBBB8, 0xB3B7, 0xABD7,
    0xA3F8, 0xA3F8, 0xA3F8, 0xA418, 0xA418, 0xA418, 0x9BF8, 0x9BD7, 0x9C18, 0xA418, 0xA418, 0xA418,
    0xA418, 0xA418, 0xA418, 0xA418, 0xA418, 0xA418, 0xA418, 0xA418, 0xA418, 0xA418, 0xA418, 0xA418,
    0xA3F8, 0xA3D7, 0x9B96, 0x9B97, 0x8B76, 0x8335, 0x7314, 0x6AF4, 0x62F5, 0x6AF4, 0x72F4, 0x7AF4,
    0x7AF5, 0x7B14, 0x8B14, 0x9B35, 0xBBD7, 0xBBD7, 0xBBD8, 0xB3D7, 0xA3B7, 0x8314, 0x8335, 0x8335,
    0x8B15, 0x9B35, 0xAB97, 0x8B35, 0x8335, 0x8335, 0x7B35, 0x7B55, 0x8335, 0x9355, 0xA3D7, 0x2969,
    0x0064, 0x00A5, 0x00A4, 0x00C4, 0x0023, 0x39AC, 0xA439, 0xA418, 0x8B75, 0x4A2E, 0x2149, 0x0064,
    0x00A5, 0x00A5, 0x00A5, 0x00A5, 0x00A5, 0x00A5, 0x00A5, 0x00A5, 0x00A5, 0x00A5, 0x08A5, 0x10C5,
    0x20C5, 0x38E6, 0x20C6, 0x18A6, 0x2064, 0x40E6, 0x698A, 0x89CB, 0x91CB, 0x91EC, 0x41AC, 0x118E,
    0x1A10, 0x11CF, 0x118C, 0x19CF, 0x19EF, 0x19EF, 0x19AD, 0x19AC, 0x1A0F, 0x19EF, 0x19EE, 0x21F0,
    0x3210, 0x4A2F, 0x39EE, 0x29CD, 0x41CE, 0x59EF, 0x722F, 0x51CE, 0x49AE, 0x51CE, 0x51EE, 0x49ED,
    0x0949, 0x0949, 0x0948, 0x0948, 0x0948, 0x0948, 0x0948, 0x0949, 0x114A, 0x0949, 0x0928, 0x0928,
    0x0928, 0x0928, 0x0949, 0x1129, 0x0929, 0x1149, 0x1149, 0x318B, 0x41AB, 0x41AA, 0x51CB, 0x61CB,
    0x296B, 0x116C, 0x198C, 0x116B, 0x116A, 0x116A, 0x118B, 0x116A, 0x116A, 0x116B, 0x116B, 0x116B,
    0x116B, 0x116B, 0x198B, 0x216B, 0x216B, 0x316B, 0x518B, 0x398B, 0x41AB, 0x61CC, 0x7A0D, 0x9A2E,
    0x82D1, 0x8333, 0x8375, 0x322F, 0x29ED, 0x3A0F, 0x29CE, 0x21AD, 0x19AD, 0x19AC, 0x118B, 0x19AC,
    0x19AD, 0x19AE, 0x118C, 0x096B, 0x19CD, 0x19AD, 0x116B, 0x19AD, 0x19AD, 0x196C, 0x198C, 0x19AD,
    0x21AD, 0x19AD, 0x19AD, 0x19CE, 0x19CD, 0x19AD, 0x19CE, 0x19CE, 0x19CE, 0x19CE, 0x19CD, 0x19CD,
    0x19CD, 0x19CD, 0x19CD, 0x19AD, 0x19AD, 0x19AD, 0x19AD, 0x19CD, 0x19AD, 0x19CD, 0x21CE, 0x21CE,
    0x21ED, 0x19CD, 0x19AD, 0x19AD, 0x19AD, 0x21CD, 0x31CE, 0x41CE, 0x31EF, 0x31EE, 0x29CE, 0x19CD,
    0x19ED, 0x222F, 0x220F, 0x19EF, 0x19CE, 0x220F, 0x3271, 0x3250, 0x3251, 0x2A0F, 0x3A71, 0x5AD2,
    0xA352, 0x9B52, 0x9332, 0x320F, 0x11EE, 0x2A4F, 0x4290, 0x6312, 0x72F1, 0x8B52, 0xABB2, 0xABB2,
    0xB3B2, 0xCC13, 0xE412, 0xE411, 0xE453, 0xA352, 0x5A51, 0x72B1, 0x6A91, 0x3A31, 0x3A30, 0x3A30,
    0x6A91, 0x8AD2, 0x9B13, 0xAB54, 0xB375, 0xBB74, 0xB3B6, 0xB3F7, 0xA418, 0xA418, 0xA418, 0xA418,
    0xA418, 0xA418, 0xA438, 0xA438, 0xA418, 0xA418, 0xA438, 0xA438, 0xA418, 0xA418, 0xA418, 0xA439,
    0xB4BA, 0xB4BA, 0xB499, 0xB4DA, 0xB4BA, 0xAC59, 0xB479, 0xB499, 0xB479, 0xB479, 0xAC79, 0xB479,
    0xB479, 0xAC38, 0xB459, 0xB479, 0xB479, 0xAC58, 0xA418, 0xA418, 0x9BF7, 0x8376, 0x8B97, 0x8B97,
    0x9BB8, 0x9B97, 0x9397, 0x8B35, 0x8B35, 0xAB76, 0xB376, 0xABB6, 0xA3F8, 0xA3F8, 0xA3F8, 0xA418,
    0xA418, 0xA418, 0x9BD7, 0x9396, 0x9BF8, 0xA418, 0xA438, 0x9BF8, 0xA418, 0xA418, 0xA418, 0xA418,
    0xA418, 0xA418, 0xA418, 0xA418, 0xA418, 0xA418, 0xA3F8, 0x9BF8, 0xA3F8, 0xA3B7, 0x9376, 0x8B56,
    0x8335, 0x8B15, 0x8315, 0x7B15, 0x6AF5, 0x6AF4, 0x72F4, 0x72F4, 0x72D4, 0x72F4, 0x8315, 0x9335,
    0xA376, 0xAB96, 0xBBD8, 0xB3B7, 0xA376, 0x8314, 0x8335, 0x8315, 0x8315, 0x9335, 0x9B56, 0x8B35,
    0x8315, 0x7B35, 0x7B35, 0x8335, 0x8335, 0x8335, 0x8B75, 0x2948, 0x0064, 0x00A5, 0x00A4, 0x00A4,
    0x0084, 0x41EC, 0xA419, 0x8BB7, 0x5A90, 0x0024, 0x0084, 0x00A4, 0x00A5, 0x00A5, 0x00A5, 0x00A5,
    0x00A5, 0x00A5, 0x00A5, 0x00A5, 0x00A5, 0x00A5, 0x00A5, 0x0085, 0x08A5, 0x30E6, 0x20C5, 0x18A5,
    0x20C6, 0x30E7, 0x4107, 0x798A, 0x818B, 0x59AB, 0x318C, 0x198E, 0x19F0, 0x19CE, 0x118D, 0x19EE,
    0x19EF, 0x19EF, 0x19AD, 0x11AC, 0x19CE, 0x19EE, 0x19EE, 0x220F, 0x29EF, 0x31EE, 0x29CE, 0x21CD,
    0x29AD, 0x51EE, 0x7250, 0x620F, 0x69EF, 0x7A50, 0x8A70, 0x7A4F, 0x0949, 0x0929, 0x0949, 0x0928,
    0x0948, 0x0929, 0x0949, 0x116A, 0x116A, 0x094A, 0x0929, 0x0949, 0x0928, 0x0928, 0x0928, 0x0928,
    0x0929, 0x0928, 0x0928, 0x1129, 0x214A, 0x39CB, 0x6A4D, 0x8A6E, 0x218B, 0x116C, 0x19AD, 0x118B,
    0x118B, 0x116A, 0x116A, 0x116A, 0x116B, 0x116B, 0x116A, 0x118B, 0x116A, 0x116A, 0x116B, 0x214B,
    0x216B, 0x316C, 0x518C, 0x316B, 0x41AC, 0x620E, 0x820E, 0x9A4F, 0x524F, 0x5AB1, 0x7313, 0x322F,
    0x29EE, 0x29EE, 0x21CE, 0x21AD, 0x19CD, 0x19AC, 0x116C, 0x198C, 0x19AC, 0x19CD, 0x118C, 0x116B,
    0x19CD, 0x19AD, 0x116B, 0x11AC, 0x19AC, 0x11AD, 0x19AD, 0x19AD, 0x19CE, 0x19CE, 0x19CD, 0x19CD,
    0x19CE, 0x19CD, 0x19EE, 0x19EE, 0x19EE, 0x19CE, 0x19CE, 0x19CD, 0x19AD, 0x21CD, 0x21CE, 0x21CE,
    0x19CD, 0x19CD, 0x19CD, 0x19AD, 0x19AD, 0x19CD, 0x21CD, 0x21CD, 0x21CE, 0x19CD, 0x19CD, 0x19AD,
    0x19AD, 0x19AD, 0x21CD, 0x29CE, 0x31EF, 0x21EE, 0x19AD, 0x19CD, 0x19CD, 0x11CD, 0x19CE, 0x19EE,
    0x11CD, 0x2A2F, 0x4AB2, 0x3A30, 0x320F, 0x19CE, 0x222F, 0x3A70, 0x5290, 0x72F1, 0xB3D3, 0x3A2F,
    0x11CD, 0x11CD, 0x220F, 0x3250, 0x4AB2, 0x5AF2, 0x6332, 0x5AD2, 0x62D1, 0xA393, 0xBBB1, 0xD3B0,
    0xE432, 0x9B32, 0x5A31, 0x6291, 0x5A71, 0x3A30, 0x4231, 0x4A50, 0x72B1, 0x92D2, 0xAB14, 0x9313,
    0x9313, 0xAB14, 0xBB74, 0xC3D6, 0xAC18, 0xA419, 0xA418, 0xA418, 0xA418, 0xA418, 0xA418, 0xA418,
    0xA418, 0xA418, 0xA418, 0xA418, 0xA418, 0xA418, 0xA438, 0xA438, 0xAC59, 0xAC59, 0xB458, 0xB479,
    0xB479, 0xAC38, 0xB479, 0xB479, 0xB479, 0xB479, 0xB479, 0xB479, 0xAC79, 0xA418, 0xA439, 0xAC59,
    0xAC58, 0xA458, 0xA418, 0xA438, 0x93D8, 0x7335, 0x7315, 0x72F5, 0x8B77, 0x8335, 0x72D4, 0x7AF5,
    0x82F4, 0x8AF4, 0xA355, 0xB3B7, 0xABD7, 0xA3D8, 0xA3F8, 0xA3F8, 0xA3F7, 0xA3F8, 0x9396, 0x8336,
    0x93B7, 0x9BF8, 0xA418, 0x93B7, 0x9BB7, 0xA418, 0xA418, 0xA418, 0xA418, 0xA3F8, 0xA3F8, 0xA3F8,
    0xA3F8, 0xA3F8, 0xA3D8, 0xA3D8, 0xA3D7, 0xA3D7, 0xA3D7, 0x8355, 0x8336, 0xA376, 0xA356, 0x9B76,
    0x6AF4, 0x6AF4, 0x6AF4, 0x6B15, 0x6B15, 0x6AF4, 0x7B15, 0x8B35, 0x8B14, 0x9B35, 0xB3B7, 0xAB95,
    0xA376, 0x9355, 0x8B35, 0x8315, 0x8316, 0x8336, 0x8B35, 0x8B35, 0x8315, 0x7B15, 0x7B14, 0x7B15,
    0x7B35, 0x7B35, 0x8355, 0x2129, 0x0064, 0x00A5, 0x00A4, 0x00A4, 0x0044, 0x318B, 0x8BB6, 0x4A0F,
    0x296A, 0x0085, 0x00A4, 0x00A4, 0x00A5, 0x00A5, 0x00A5, 0x00A5, 0x00A5, 0x00A5, 0x00A5, 0x00A5,
    0x00A5, 0x00A5, 0x00A5, 0x00A5, 0x00A5, 0x00A5, 0x10A5, 0x10C6, 0x18A5, 0x20C6, 0x3107, 0x614A,
    0x616B, 0x496C, 0x296C, 0x118D, 0x19F0, 0x19CE, 0x118D, 0x19CE, 0x19EF, 0x19EF, 0x19AD, 0x11AC,
    0x198D, 0x19AD, 0x19CE, 0x19EE, 0x21EE, 0x3A0E, 0x29CD, 0x21AD, 0x31EE, 0x41CD, 0x49AD, 0x59EF,
    0x622F, 0x61EF, 0x7A50, 0x7A50, 0x1929, 0x1929, 0x0929, 0x0949, 0x0949, 0x0929, 0x1149, 0x116A,
    0x092A, 0x094A, 0x116B, 0x0949, 0x0949, 0x0928, 0x0949, 0x0949, 0x0929, 0x0928, 0x0928, 0x0929,
    0x1949, 0x39EB, 0x5A0B, 0x6A2C, 0x39AB, 0x298C, 0x196C, 0x198C, 0x198C, 0x114B, 0x116B, 0x116B,
    0x116B, 0x116B, 0x118A, 0x116A, 0x116A, 0x116A, 0x116B, 0x196B, 0x216B, 0x218B, 0x218B, 0x216C,
    0x298C, 0x41CD, 0x51CD, 0x51CD, 0x31CE, 0x39EF, 0x4A0F, 0x320F, 0x2A0F, 0x320F, 0x29CE, 0x21AD,
    0x19CD, 0x198C, 0x116B, 0x198C, 0x19AC, 0x19AD, 0x118C, 0x116B, 0x19CD, 0x19AC, 0x116B, 0x118B,
    0x118C, 0x19AD, 0x19AD, 0x19AD, 0x19AD, 0x19EE, 0x220F, 0x220F, 0x222F, 0x19EE, 0x220F, 0x222F,
    0x1A0F, 0x220F, 0x21EE, 0x19CD, 0x21AD, 0x39EE, 0x29EE, 0x21EE, 0x21EE, 0x21CD, 0x19AD, 0x21AD,
    0x19CD, 0x19CD, 0x21CD, 0x21CD, 0x19AD, 0x19CD, 0x19EE, 0x19CD, 0x19CD, 0x19CD, 0x19AD, 0x21AD,
    0x21CD, 0x19CD, 0x19CD, 0x19AD, 0x19CD, 0x19CD, 0x19EE, 0x220F, 0x19EE, 0x220F, 0x3230, 0x5291,
    0x4AB1, 0x1A0F, 0x11EE, 0x19EF, 0x3A70, 0x5AB1, 0x9B93, 0x422F, 0x21CE, 0x19CE, 0x222F, 0x3270,
    0x3A70, 0x4A91, 0x52F2, 0x4291, 0x4AB1, 0x52B1, 0x9392, 0xCBF2, 0xB392, 0x8AF1, 0x622F, 0x5A50,
    0x4250, 0x3A30, 0x4251, 0x4A71, 0x6291, 0x82B2, 0xA334, 0x82D2, 0x8292, 0x7A72, 0xAB13, 0xCBB5,
    0xABF8, 0x9C18, 0xA418, 0xA418, 0xA418, 0xA418, 0xA418, 0xA418, 0xA418, 0xA418, 0xA418, 0xA418,
    0xA418, 0xA418, 0xA418, 0xA438, 0xA438, 0xAC38, 0xB438, 0xB458, 0xB459, 0xAC58, 0xB459, 0xB459,
    0xB459, 0xB479, 0xB479, 0xB479, 0xAC59, 0xA418, 0xA418, 0xA418, 0xA418, 0xA418, 0xA418, 0xA438,
    0x93D7, 0x6AF3, 0x62F4, 0x62D4, 0x72D5, 0x72D4, 0x6AD4, 0x6AB4, 0x6AB4, 0x72D4, 0x9335, 0xAB56,
    0xAB76, 0xA396, 0xAB97, 0xABB7, 0xABB7, 0xB397, 0x9B76, 0x8355, 0x8B35, 0x9397, 0xA418, 0x9397,
    0x9397, 0xA3F8, 0xA3F8, 0xA3F8, 0xABD7, 0xABB7, 0xABB7, 0xABB7, 0xABD8, 0xABD8, 0xA3B7, 0x9BB7,
    0xA3B7, 0x9BB7, 0x9BB7, 0x7315, 0x7315, 0x9315, 0x9B56, 0xA376, 0x72F4, 0x6AF4, 0x6AF4, 0x6AF4,
    0x6AF4, 0x6AF4, 0x7315, 0x7B35, 0x9335, 0x9355, 0x9B35, 0xABB6, 0xB3D7, 0xB3F7, 0x9B96, 0x8335,
    0x8316, 0x7B15, 0x8315, 0x8B56, 0x8356, 0x7314, 0x7B15, 0x7B15, 0x7B35, 0x7B14, 0x8335, 0x2129,
    0x0064, 0x00A5, 0x00A4, 0x00A4, 0x0084, 0x18C7, 0x318B, 0x08C7, 0x00A5, 0x00A4, 0x00A4, 0x00A4,
    0x00A5, 0x00A5, 0x00A5, 0x00A5, 0x00A5, 0x00A5, 0x00A5, 0x00A5, 0x00A5, 0x00A5, 0x00A5, 0x00A5,
    0x00A4, 0x00A4, 0x08A5, 0x10A5, 0x28C6, 0x3907, 0x4948, 0x498B, 0x398B, 0x216C, 0x11AC, 0x11AD,
    0x19CF, 0x11CE, 0x118D, 0x19CF, 0x19EF, 0x19EF, 0x19AD, 0x11AC, 0x19AC, 0x19AD, 0x19AD, 0x19CE,
    0x29EE, 0x4A0E, 0x31CD, 0x218D, 0x21AD, 0x29CD, 0x31EE, 0x31CD, 0x39AD, 0x39AD, 0x622F, 0x7250,
    0x51AD, 0x396B, 0x0908, 0x118A, 0x098A, 0x0949, 0x0929, 0x0929, 0x118B, 0x118B, 0x116B, 0x116A,
    0x114A, 0x0929, 0x0949, 0x114A, 0x0929, 0x0929, 0x0928, 0x0908, 0x0929, 0x1129, 0x39AA, 0x51CB,
    0x7A6E, 0x620D, 0x214B, 0x196C, 0x198C, 0x196B, 0x196C, 0x198C, 0x198B, 0x198B, 0x19AB, 0x116B,
    0x116A, 0x116A, 0x116A, 0x116A, 0x116B, 0x198B, 0x218B, 0x216B, 0x298C, 0x318C, 0x5A2F, 0x8AB2,
    0x31EE, 0x4A50, 0x7312, 0x3A30, 0x3A0F, 0x62B2, 0x3A0F, 0x19AD, 0x21CD, 0x198C, 0x116B, 0x198C,
    0x19AC, 0x198C, 0x116B, 0x116B, 0x19CD, 0x19AC, 0x116B, 0x116B, 0x118C, 0x19AD, 0x19AD, 0x118C,
    0x19CE, 0x19CE, 0x19EE, 0x222F, 0x2250, 0x2250, 0x2230, 0x2230, 0x2A70, 0x222F, 0x19CE, 0x19CD,
    0x31CE, 0x51EE, 0x39EE, 0x21CE, 0x21CE, 0x21CE, 0x21CE, 0x21CD, 0x19CD, 0x19CD, 0x21CE, 0x21CE,
    0x19CD, 0x21CE, 0x19EE, 0x19CD, 0x19CD, 0x19CD, 0x19CD, 0x19AD, 0x19AD, 0x19AD, 0x19CD, 0x19AD,
    0x19CE, 0x2A30, 0x2A30, 0x222F, 0x19EE, 0x220F, 0x2A30, 0x3A71, 0x3291, 0x1A0F, 0x11EF, 0x2A0F,
    0x6AD2, 0x62D1, 0x5AB1, 0x4291, 0x3250, 0x19CE, 0x19CE, 0x19EE, 0x21CE, 0x3A50, 0x5B13, 0x6B33,
    0x6B32, 0x4A6F, 0x8352, 0xABD3, 0x8B30, 0x9B52, 0xBBD3, 0x6291, 0x3A10, 0x3A30, 0x3A30, 0x4230,
    0x4A30, 0x6291, 0x82F2, 0x9B33, 0x9334, 0x6A92, 0x9AF3, 0xBB74, 0xABD7, 0xA3F8, 0xA418, 0xA418,
    0xA418, 0xA418, 0xA418, 0xA418, 0xA418, 0xA418, 0xA418, 0xA418, 0xA418, 0xA418, 0xA418, 0xA418,
    0xA418, 0xAC18, 0xB438, 0xB438, 0xB438, 0xAC58, 0xAC38, 0xAC38, 0xB459, 0xB459, 0xB459, 0xB479,
    0xAC59, 0xA418, 0xA418, 0xA418, 0xA418, 0xA418, 0xA417, 0xA418, 0x9BB7, 0x8335, 0x72F5, 0x62B5,
    0x62B4, 0x62B4, 0x5AD4, 0x62B4, 0x62B4, 0x6AB4, 0x72D4, 0x82F4, 0x9314, 0x9335, 0xA355, 0xA376,
    0xAB76, 0xB397, 0xAB96, 0xAB76, 0x8B15, 0x9376, 0xA3F8, 0x8336, 0x8B36, 0xA3D8, 0xA3F8, 0xABF8,
    0xABD7, 0xB3B7, 0xB3B7, 0xB3D7, 0xB3B7, 0xB3B7, 0xA3B7, 0x9B97, 0xA3B8, 0x9377, 0x7315, 0x6AF5,
    0x7315, 0x7B15, 0x8B15, 0x9335, 0x72F4, 0x6AF4, 0x6AF4, 0x6AF4, 0x6AF4, 0x6AF4, 0x6AF5, 0x7315,
    0x82F5, 0x8B35, 0xA356, 0xB3B7, 0xBBB7, 0xBBD7, 0xA3B6, 0x8B76, 0x7B15, 0x7B15, 0x7315, 0x7B15,
    0x7B15, 0x7314, 0x7315, 0x7315, 0x7B15, 0x7B14, 0x8335, 0x2129, 0x0064, 0x00A5, 0x00A4, 0x00A4,
    0x0085, 0x08A5, 0x08C6, 0x08A4, 0x00A4, 0x00A4, 0x00A4, 0x00A4, 0x00A5, 0x00A5, 0x00A5, 0x00A5,
    0x00A5, 0x00A5, 0x00A5, 0x00A5, 0x00A5, 0x00A5, 0x00A5, 0x00A5, 0x00A5, 0x00A5, 0x0885, 0x0884,
    0x10A5, 0x18E7, 0x2109, 0x196C, 0x198C, 0x118D, 0x19AD, 0x11AE, 0x11CE, 0x11AE, 0x118D, 0x11CF,
    0x19EF, 0x19CE, 0x19AD, 0x118C, 0x11AC, 0x19AD, 0x19AD, 0x19CE, 0x31CE, 0x522E, 0x31CD, 0x198D,
    0x19AD, 0x19AD, 0x21AD, 0x21AD, 0x29AD, 0x29AD, 0x49CE, 0x620F, 0x7270, 0x622E, 0x39AC, 0x196B,
    0x094A, 0x0949, 0x094A, 0x0929, 0x118B, 0x118B, 0x118B, 0x116B, 0x116A, 0x0928, 0x116A, 0x116B,
    0x0949, 0x0929, 0x0908, 0x18E8, 0x1108, 0x1129, 0x318B, 0x41AC, 0x722C, 0x59EC, 0x214B, 0x198C,
    0x198C, 0x196C, 0x198C, 0x21AC, 0x116B, 0x118B, 0x19AC, 0x116B, 0x116A, 0x116B, 0x116B, 0x116B,
    0x116B, 0x196B, 0x216B, 0x296B, 0x298C, 0x298C, 0x622F, 0x8AB2, 0x41EE, 0x5A50, 0x82F2, 0x62B2,
    0x5AB2, 0x8354, 0x4A50, 0x19AD, 0x21CD, 0x198C, 0x118C, 0x19AC, 0x11AC, 0x116C, 0x116B, 0x116B,
    0x11AD, 0x118C, 0x116A, 0x19AC, 0x11AC, 0x118C, 0x11AC, 0x19CD, 0x19CE, 0x19CE, 0x19CE, 0x224F,
    0x2270, 0x2250, 0x2250, 0x222F, 0x2A70, 0x2A4F, 0x21EE, 0x21EE, 0x31CE, 0x61CE, 0x41CE, 0x21EE,
    0x21EE, 0x29EE, 0x31EF, 0x21CE, 0x21CE, 0x21CE, 0x21EE, 0x29EF, 0x21CE, 0x21CE, 0x21EE, 0x21EE,
    0x21CD, 0x19AD, 0x19AD, 0x19AD, 0x19AD, 0x19AD, 0x19CD, 0x19AD, 0x21EE, 0x3271, 0x2A31, 0x2230,
    0x11CE, 0x1A0F, 0x2250, 0x2A51, 0x2A71, 0x2A71, 0x1A0F, 0x21EE, 0x6AB1, 0x6AD1, 0x6AD2, 0x3A50,
    0x220F, 0x19CE, 0x19CE, 0x19CE, 0x19CE, 0x2A0F, 0x4271, 0x62D2, 0x6AF2, 0x6B33, 0x6AD1, 0x72B1,
    0x8B11, 0xAB92, 0xD414, 0x6AB1, 0x41F0, 0x4210, 0x3A30, 0x4210, 0x3A30, 0x4A70, 0x62B1, 0x9B13,
    0x9B13, 0x6A91, 0x92F3, 0xB354, 0xABB6, 0xABD8, 0xA418, 0xA418, 0xA438, 0xA438, 0xA418, 0xA418,
    0xA418, 0xA418, 0xA418, 0xA418, 0xA418, 0xA418, 0xA418, 0xA418, 0xA418, 0xAC18, 0xB438, 0xAC18,
    0xAC38, 0xAC38, 0xAC38, 0xAC38, 0xAC59, 0xAC59, 0xB459, 0xAC39, 0xA418, 0xA418, 0xA418, 0xA418,
    0xA418, 0xA3F8, 0xA418, 0xA418, 0x9BD7, 0x9376, 0x7315, 0x5AB4, 0x62B4, 0x62B4, 0x5AB3, 0x72F4,
    0x7AD4, 0x6A72, 0x6A93, 0x72D4, 0x82F5, 0x82F4, 0x7AF4, 0x8315, 0x9315, 0x9B35, 0xAB75, 0xB396,
    0x9314, 0x9335, 0x9376, 0x7B15, 0x7B15, 0x9376, 0x9BB7, 0xABD8, 0xABB7, 0xABB7, 0xB3B7, 0xBBB7,
    0xBBB7, 0xBBB7, 0xA396, 0x9377, 0x9B97, 0x8356, 0x62D4, 0x6AF5, 0x6AF5, 0x72F5, 0x82F5, 0x9315,
    0x6AF4, 0x6AF4, 0x6AF4, 0x6AF4, 0x6AF4, 0x6AF4, 0x6AF4, 0x72D4, 0x72F5, 0x7B15, 0x9335, 0x9B56,
    0xAB76, 0xBBF7, 0xABB7, 0x9B96, 0x8315, 0x7315, 0x7315, 0x7315, 0x7315, 0x7315, 0x7315, 0x7315,
    0x7334, 0x7AF4, 0x8335, 0x2129, 0x0064, 0x00A5, 0x00A5, 0x00A5, 0x00A5, 0x00A5, 0x0885, 0x0085,
    0x00A4, 0x00A5, 0x00A4, 0x00A4, 0x00A5, 0x00A5, 0x00A5, 0x00A5, 0x00A5, 0x00A5, 0x00A5, 0x00A5,
    0x00A5, 0x00A5, 0x00A5, 0x00A5, 0x00A5, 0x00A5, 0x00A5, 0x00A5, 0x0084, 0x2968, 0x6A6F, 0x4A0E,
    0x39EE, 0x198E, 0x19AE, 0x19AE, 0x11AD, 0x11AD, 0x118D, 0x11CE, 0x19CF, 0x11AE, 0x11AD, 0x11AD,
    0x11AD, 0x29EE, 0x4250, 0x21CE, 0x31EE, 0x5A70, 0x39EE, 0x198D, 0x19AD, 0x19AD, 0x19AD, 0x21AD,
    0x21AD, 0x29CE, 0x39EE, 0x520E, 0x7A70, 0x7A4F, 0x620E, 0x214B, 0x0949, 0x0969, 0x116A, 0x116B,
    0x094A, 0x096A, 0x118B, 0x118B, 0x116A, 0x0928, 0x116B, 0x198C, 0x094A, 0x1149, 0x1129, 0x314A,
    0x314A, 0x1129, 0x216B, 0x216C, 0x6A8E, 0x522E, 0x118C, 0x198C, 0x118C, 0x196B, 0x198C, 0x218C,
    0x116A, 0x116B, 0x19AC, 0x116B, 0x116A, 0x116A, 0x116B, 0x116B, 0x196B, 0x216B, 0x216B, 0x296B,
    0x318C, 0x31AC, 0x59EE, 0x7A4F, 0x7A70, 0x8291, 0x92F2, 0x7AF2, 0x7AF3, 0x9334, 0x4A50, 0x19AD,
    0x29CE, 0x21AD, 0x118C, 0x19AC, 0x11AC, 0x116C, 0x116B, 0x116B, 0x118C, 0x118B, 0x116B, 0x19AD,
    0x11AD, 0x11AD, 0x11AD, 0x19CD, 0x19CD, 0x19CE, 0x19CE, 0x222F, 0x2250, 0x2250, 0x1A2F, 0x19EF,
    0x222F, 0x220F, 0x21EF, 0x21CE, 0x39CE, 0x69EE, 0x49CE, 0x29EE, 0x21EE, 0x320F, 0x5251, 0x4A50,
    0x4230, 0x31EF, 0x31EF, 0x39EF, 0x31EF, 0x29EE, 0x29CE, 0x21CE, 0x21CD, 0x19AD, 0x19AD, 0x19AD,
    0x19AD, 0x19AD, 0x19CD, 0x19AD, 0x19EE, 0x2A50, 0x2A51, 0x2A51, 0x2250, 0x2230, 0x1A0F, 0x2250,
    0x2250, 0x2A50, 0x1A0F, 0x220F, 0x4270, 0x5A91, 0x8333, 0x322F, 0x19CE, 0x19CE, 0x19CD, 0x19CD,
    0x19CD, 0x21CE, 0x2A0E, 0x3A30, 0x4A50, 0x62F2, 0x4A50, 0x41EF, 0x7AD2, 0xA352, 0xC3F3, 0x7A71,
    0x5210, 0x5A30, 0x4A30, 0x4230, 0x3A50, 0x4250, 0x5270, 0x8AF2, 0x8AD3, 0x6A71, 0x8AD2, 0xAB14,
    0xB396, 0xABD8, 0xA418, 0xA418, 0xA418, 0xA418, 0xA418, 0xA418, 0xA418, 0xA418, 0xA418, 0xA418,
    0xA418, 0xA418, 0xA418, 0xA418, 0xA418, 0xA418, 0xAC38, 0xA418, 0xA418, 0xAC38, 0xAC38, 0xAC39,
    0xA419, 0xA419, 0xA439, 0xA418, 0xA418, 0xA418, 0xA418, 0xA418, 0x9BF8, 0xA3F8, 0xA418, 0xA418,
    0x93B7, 0x7B36, 0x6AF5, 0x52B4, 0x5AB4, 0x62B4, 0x6AB4, 0x8315, 0x9315, 0x9B15, 0x8AF5, 0x82F5,
    0x7AF5, 0x7AF4, 0x72D4, 0x72F4, 0x7AF5, 0x82F4, 0x8B15, 0x9B55, 0xAB35, 0x9B15, 0x8B15, 0x72F4,
    0x7315, 0x8335, 0x8B56, 0x9376, 0x9B56, 0xA376, 0xAB96, 0xB3D7, 0xBBD7, 0xBBD7, 0xAB97, 0x9B96,
    0x7B35, 0x6AF5, 0x62D4, 0x62F5, 0x6AF5, 0x72F4, 0x7B15, 0x8B35, 0x7B35, 0x8335, 0x8335, 0x7B35,
    0x7314, 0x6AD4, 0x6AD4, 0x6AD4, 0x6AD4, 0x72F4, 0x7AF4, 0x8B35, 0x9B55, 0xABB7, 0xB3B7, 0xABB7,
    0x8315, 0x7315, 0x7315, 0x7315, 0x7315, 0x7335, 0x7335, 0x7314, 0x420E, 0x6291, 0x8B96, 0x294A,
    0x0064, 0x00A5, 0x00A5, 0x00A5, 0x00A5, 0x00A5, 0x00A5, 0x00C7, 0x00C6, 0x00A5, 0x00A5, 0x00A4,
    0x00A5, 0x00A5, 0x00A5, 0x00A5, 0x00A5, 0x00A5, 0x00A5, 0x00A5, 0x00A5, 0x00A5, 0x00A5, 0x00A5,
    0x00A4, 0x00A5, 0x0085, 0x08A5, 0x08A5, 0x51AA, 0xAB31, 0x9AF0, 0x82B0, 0x214B, 0x118C, 0x11AD,
    0x118D, 0x198D, 0x11AC, 0x19CE, 0x19CE, 0x11AD, 0x11AC, 0x11AD, 0x11CD, 0x2A0F, 0x5270, 0x29CE,
    0x31EE, 0x524F, 0x39EE, 0x198C, 0x19AD, 0x19AD, 0x19AC, 0x19AD, 0x21AD, 0x29AD, 0x31AD, 0x41CD,
    0x7A50, 0x69EE, 0x418C, 0x296B, 0x114A, 0x0949, 0x116A, 0x118C, 0x096A, 0x0969, 0x0949, 0x116A,
    0x116A, 0x0948, 0x116B, 0x116C, 0x114A, 0x1149, 0x1129, 0x398A, 0x418A, 0x192A, 0x116B, 0x118C,
    0x422E, 0x31ED, 0x118C, 0x19AC, 0x198C, 0x196C, 0x198C, 0x198C, 0x116B, 0x198C, 0x19AC, 0x118B,
    0x116B, 0x116B, 0x116A, 0x116B, 0x196B, 0x216B, 0x216B, 0x216B, 0x398C, 0x5A0E, 0x7A2E, 0x922E,
    0x924F, 0x9270, 0x9AB1, 0x7AB1, 0x7AB1, 0x9B13, 0x522F, 0x198D, 0x31CE, 0x21AD, 0x11AC, 0x19AC,
    0x11AC, 0x116C, 0x116B, 0x116B, 0x096B, 0x118B, 0x116B, 0x198D, 0x11AD, 0x11CE, 0x19CE, 0x11AD,
    0x19CE, 0x19CE, 0x19CE, 0x1A0E, 0x1A0F, 0x224F, 0x1A0E, 0x19CE, 0x19EE, 0x21EE, 0x2A0F, 0x21CE,
    0x31CE, 0x59CE, 0x51EF, 0x420F, 0x31EF, 0x3A0F, 0x5A71, 0x5A92, 0x5A91, 0x49EF, 0x5A31, 0x5A51,
    0x31EF, 0x29EF, 0x29EE, 0x21CE, 0x21CD, 0x19CD, 0x19AD, 0x19AD, 0x19AD, 0x19AD, 0x19CD, 0x19AD,
    0x19CE, 0x220F, 0x2A51, 0x3272, 0x3292, 0x2250, 0x11CE, 0x1A30, 0x2271, 0x3A71, 0x2A30, 0x1A0F,
    0x2230, 0x3A70, 0x72F2, 0x5271, 0x3A30, 0x19CD, 0x19CD, 0x19CD, 0x19CD, 0x19CD, 0x21CD, 0x29CE,
    0x31CF, 0x5250, 0x320F, 0x29CF, 0x5251, 0x6AD1, 0x8B31, 0x7250, 0x6230, 0x6231, 0x5A30, 0x5A51,
    0x4250, 0x4250, 0x4230, 0x62B1, 0x7AB2, 0x7AB2, 0x8AB2, 0x9AD3, 0xAB75, 0xABD7, 0xA418, 0xA418,
    0xA418, 0xA418, 0xA418, 0xA418, 0xA418, 0xA438, 0xA418, 0xA418, 0xA418, 0xA418, 0xA418, 0xA418,
    0xA418, 0xA418, 0xAC18, 0xA418, 0xA418, 0xA418, 0xA418, 0xAC19, 0xA3F8, 0xA3F8, 0xA418, 0xA418,
    0x9C18, 0xA418, 0xA418, 0xA3F8, 0x9BF7, 0x9BF7, 0xA3F7, 0xA418, 0x8B96, 0x6AB4, 0x62D4, 0x52D4,
    0x5AB4, 0x62D4, 0x72D4, 0x82F4, 0x8B15, 0x9355, 0xA355, 0xA355, 0x9335, 0x8AF4, 0x7AB3, 0x72D4,
    0x72F4, 0x72D4, 0x7AF4, 0x8314, 0xA355, 0xA335, 0x9335, 0x72F4, 0x6AF5, 0x72F5, 0x7B15, 0x7B15,
    0x8314, 0x8B35, 0x8B55, 0x9B95, 0xA396, 0xAB97, 0xAB76, 0xA396, 0x6AF5, 0x62D5, 0x62F5, 0x62F5,
    0x6AF5, 0x6AF4, 0x7315, 0x7B15, 0x7B15, 0x8335, 0x8B56, 0x9336, 0x8B35, 0x7B15, 0x72F4, 0x6AD4,
    0x6AF4, 0x6AF4, 0x72F4, 0x7B14, 0x8335, 0x9B55, 0x9B76, 0xA397, 0x7AF5, 0x7315, 0x8335, 0x8315,
    0x8335, 0x7B35, 0x7335, 0x6B15, 0x4A2F, 0x62D1, 0x7B94, 0x2129, 0x0065, 0x00A5, 0x00A5, 0x00A5,
    0x00A5, 0x0085, 0x00A5, 0x00C6, 0x00C6, 0x00A5, 0x00A5, 0x00A4, 0x00A5, 0x00A5, 0x00A5, 0x00A5,
    0x00A5, 0x00A5, 0x00A5, 0x00A5, 0x00A5, 0x00A5, 0x00A5, 0x0084, 0x00A4, 0x00A5, 0x0085, 0x0085,
    0x18C6, 0x49AA, 0x9290, 0x92AF, 0x928F, 0x61CC, 0x29AC, 0x098D, 0x11AD, 0x118D, 0x11AD, 0x19AD,
    0x19AD, 0x11AD, 0x11AC, 0x11AC, 0x11CD, 0x1A0F, 0x3210, 0x41EF, 0x420F, 0x322E, 0x39EE, 0x31CE,
    0x19AC, 0x11AD, 0x19AD, 0x19AC, 0x21AD, 0x21AD, 0x298D, 0x398D, 0x7230, 0x59CE, 0x212B, 0x218C,
    0x198C, 0x0969, 0x096A, 0x118C, 0x11AC, 0x096A, 0x0928, 0x094A, 0x0949, 0x0928, 0x116A, 0x116B,
    0x094A, 0x1129, 0x0909, 0x316A, 0x396A, 0x214A, 0x198C, 0x11AC, 0x116C, 0x198C, 0x11CC, 0x11AC,
    0x19AC, 0x298C, 0x216B, 0x196B, 0x198C, 0x19AC, 0x198C, 0x11AC, 0x118C, 0x114B, 0x114A, 0x116A,
    0x196B, 0x196B, 0x196B, 0x196B, 0x41AD, 0x8A2E, 0xA24E, 0xB26F, 0x81ED, 0x7A0E, 0x7A4F, 0x5A0F,
    0x5A0F, 0xA2F2, 0x6A50, 0x31CE, 0x31AD, 0x218D, 0x19AD, 0x11AC, 0x11AC, 0x118B, 0x118B, 0x116B,
    0x116B, 0x198C, 0x298D, 0x21AD, 0x19AD, 0x19AE, 0x19CD, 0x19CE, 0x19EE, 0x19CE, 0x19CE, 0x19CE,
    0x19EE, 0x224F, 0x1A0F, 0x19EE, 0x19CD, 0x21CE, 0x21EE, 0x21ED, 0x29CE, 0x49AE, 0x49EF, 0x4A30,
    0x39EF, 0x320F, 0x320F, 0x5251, 0x5A71, 0x6250, 0x7272, 0x7AB3, 0x5230, 0x4A30, 0x4A30, 0x29EE,
    0x19CD, 0x19CD, 0x19CD, 0x19CD, 0x19CD, 0x19CD, 0x19CD, 0x19AD, 0x19CE, 0x19EE, 0x2210, 0x2A51,
    0x2A72, 0x2230, 0x11CE, 0x2230, 0x2A71, 0x4AD3, 0x2A50, 0x1A0F, 0x1A30, 0x2A50, 0x4A92, 0x5AB2,
    0x4A71, 0x11CD, 0x19CE, 0x19ED, 0x19CD, 0x19CD, 0x21CD, 0x21AE, 0x31AE, 0x5A2F, 0x39EF, 0x29CE,
    0x31CF, 0x3A2F, 0x4A70, 0x6250, 0x6A30, 0x6210, 0x6231, 0x6231, 0x5A50, 0x4A50, 0x4210, 0x4A71,
    0x6291, 0x7AD2, 0x7A91, 0x7AB2, 0xA354, 0x9B96, 0x9BD7, 0xA3D8, 0xA418, 0xA418, 0xA418, 0xA418,
    0xA418, 0xA438, 0xA438, 0xA438, 0xA418, 0xA418, 0xA418, 0xA418, 0xA418, 0xA418, 0xA418, 0xA418,
    0xA418, 0xA418, 0xA418, 0xA418, 0xA418, 0xA418, 0xA418, 0xA418, 0xA418, 0xA3F8, 0xA418, 0xA418,
    0x93B7, 0x93B7, 0xA3F8, 0x9BD7, 0x8356, 0x5A93, 0x5AB4, 0x5AB4, 0x5AB4, 0x6AB4, 0x72D4, 0x72D4,
    0x72D4, 0x7AD4, 0x9B34, 0xB375, 0xAB55, 0xA335, 0x92F4, 0x7AD4, 0x72B4, 0x72D4, 0x7AD4, 0x7AF4,
    0x8B15, 0x9315, 0x9B35, 0x72F4, 0x6AD4, 0x6AF4, 0x72F4, 0x7AF5, 0x72D4, 0x7314, 0x7B14, 0x8334,
    0x9335, 0x9B75, 0xAB75, 0xA376, 0x6AF5, 0x62F4, 0x62F4, 0x62F5, 0x62F5, 0x62F5, 0x62F5, 0x6AD4,
    0x72F4, 0x7B15, 0x8B35, 0x8B35, 0x8B36, 0x9356, 0x8315, 0x72F4, 0x6AF4, 0x72D5, 0x72F4, 0x6AF4,
    0x7AF4, 0x82F5, 0x8B35, 0x9355, 0x9315, 0x9335, 0x9B75, 0x9B55, 0x9356, 0x8315, 0x7315, 0x72F5,
    0x7B35, 0x62B2, 0x424E, 0x1908, 0x0084, 0x00A5, 0x00A5, 0x00A5, 0x00A5, 0x0084, 0x0084, 0x0084,
    0x00A4, 0x00A4, 0x00A4, 0x00A4, 0x00A5, 0x00A5, 0x00A5, 0x00A5, 0x00A5, 0x00A5, 0x00A5, 0x00A5,
    0x00A5, 0x00A5, 0x00A5, 0x00A5, 0x0085, 0x00C5, 0x08A5, 0x18A5, 0x18A6, 0x396A, 0x726F, 0x498B,
    0x59AB, 0xB392, 0x522F, 0x096C, 0x198D, 0x118D, 0x11AC, 0x11AD, 0x11AD, 0x118C, 0x11AC, 0x11AC,
    0x11AD, 0x11EF, 0x2210, 0x4251, 0x4230, 0x29CE, 0x4210, 0x4A50, 0x21CD, 0x19AD, 0x19AC, 0x19AC,
    0x19AC, 0x21AD, 0x29AE, 0x318D, 0x59EE, 0x49CE, 0x31AD, 0x198C, 0x118C, 0x11AC, 0x118C, 0x118C,
    0x11AC, 0x098A, 0x0949, 0x0929, 0x0928, 0x0929, 0x094A, 0x116A, 0x096A, 0x114A, 0x0949, 0x296A,
    0x318A, 0x218B, 0x19AC, 0x19AC, 0x21AD, 0x19CD, 0x19AC, 0x11AC, 0x218C, 0x318C, 0x216B, 0x114A,
    0x21AD, 0x21AD, 0x196C, 0x118C, 0x118C, 0x116B, 0x116B, 0x118B, 0x116B, 0x196B, 0x196B, 0x196B,
    0x418C, 0x8A0D, 0x9A4D, 0xAAAF, 0x8A0E, 0x69EE, 0x49CD, 0x318D, 0x39CD, 0x8AF2, 0x92B0, 0x728F,
    0x29CD, 0x21AD, 0x19CD, 0x11AC, 0x118C, 0x118C, 0x118C, 0x118B, 0x196C, 0x39AD, 0x622F, 0x39AD,
    0x218D, 0x19AD, 0x19EE, 0x220F, 0x220F, 0x220F, 0x21EE, 0x19CE, 0x19CE, 0x220F, 0x220F, 0x21EE,
    0x21AD, 0x21AD, 0x19CD, 0x21CD, 0x29CE, 0x41AE, 0x39EE, 0x320F, 0x21EE, 0x21EE, 0x220F, 0x320F,
    0x4250, 0x5AB1, 0x72B2, 0x7AD3, 0x82D3, 0x7A92, 0x6A92, 0x3A0F, 0x21AE, 0x19AD, 0x19CD, 0x19CD,
    0x19CD, 0x19CD, 0x19CD, 0x19CD, 0x19CD, 0x19CE, 0x19CE, 0x19EF, 0x2A51, 0x2210, 0x19CE, 0x1A30,
    0x2A51, 0x3251, 0x2A10, 0x2210, 0x2A71, 0x3271, 0x4271, 0x3A50, 0x320F, 0x19AE, 0x21CE, 0x19EE,
    0x19CD, 0x19CD, 0x21CD, 0x21AE, 0x31CE, 0x6230, 0x420F, 0x21EE, 0x29EF, 0x320F, 0x422F, 0x5230,
    0x6211, 0x5A30, 0x5A50, 0x6230, 0x5A51, 0x5A50, 0x5230, 0x5271, 0x5271, 0x5291, 0x5A70, 0x6271,
    0x9334, 0x9335, 0x8335, 0x9BB7, 0xA3F8, 0xA3F8, 0xA3F8, 0xA3F8, 0xA3F8, 0xA418, 0xA418, 0xA418,
    0xA418, 0xA418, 0xA418, 0xA418, 0xA418, 0xA418, 0xA418, 0xA418, 0xA418, 0xA418, 0xA418, 0xA418,
    0xA418, 0xA418, 0xA418, 0xA418, 0xA418, 0xA418, 0x9BF8, 0x9BF8, 0x7B56, 0x8B96, 0xA418, 0x8335,
    0x6AF4, 0x5AB4, 0x5AB4, 0x5AB4, 0x5AB4, 0x62B4, 0x62B4, 0x6AD4, 0x6AD4, 0x72D4, 0x8314, 0x9B35,
    0xA355, 0xAB55, 0xB376, 0x82D4, 0x6AB4, 0x6AD4, 0x72D4, 0x72F4, 0x7AF4, 0x82F4, 0x82F4, 0x6AD4,
    0x62D4, 0x6AF4, 0x72F4, 0x72F4, 0x72F4, 0x72F4, 0x72F4, 0x7B14, 0x8B15, 0x8B15, 0xA376, 0xABB6,
    0x7314, 0x62F4, 0x62D4, 0x62F4, 0x62F4, 0x62F4, 0x62F4, 0x62F4, 0x6B15, 0x7315, 0x7315, 0x7B15,
    0x7B15, 0x8335, 0x8B35, 0x8335, 0x6AF4, 0x72F5, 0x72F5, 0x6AD4, 0x72F4, 0x72F4, 0x8315, 0x9B56,
    0xA396, 0xA396, 0xA3B6, 0xABD7, 0xA3B7, 0x8B35, 0x7B15, 0x72F4, 0x7B36, 0x41CD, 0x0085, 0x08A5,
    0x00A5, 0x00A5, 0x00A5, 0x00A5, 0x00A5, 0x00A5, 0x00A5, 0x0084, 0x00A4, 0x00A4, 0x00A4, 0x00A4,
    0x00A5, 0x00A5, 0x00A5, 0x00A5, 0x00A5, 0x00A5, 0x00A5, 0x00A5, 0x00A4, 0x00A4, 0x00A4, 0x00A5,
    0x00A5, 0x00A4, 0x2906, 0x5969, 0x18E6, 0x396A, 0x726F, 0x51EC, 0x5A0D, 0xAB71, 0x522E, 0x192B,
    0x198D, 0x118D, 0x118C, 0x118C, 0x118C, 0x118C, 0x11AC, 0x118C, 0x19EE, 0x1A0E, 0x11EE, 0x220F,
    0x220F, 0x21EF, 0x31EE, 0x39EE, 0x5230, 0x31EE, 0x198C, 0x11AC, 0x19AD, 0x21AD, 0x21AD, 0x298D,
    0x418D, 0x51AD, 0x622F, 0x29AD, 0x116C, 0x198C, 0x118B, 0x118B, 0x11AC, 0x11AB, 0x118A, 0x0949,
    0x0948, 0x0929, 0x0949, 0x0949, 0x118B, 0x096A, 0x0949, 0x216A, 0x218B, 0x198C, 0x19AC, 0x19AD,
    0x19CD, 0x19CD, 0x19CD, 0x11AC, 0x216C, 0x316C, 0x216B, 0x114A, 0x29AD, 0x218C, 0x198C, 0x118C,
    0x116B, 0x116B, 0x198B, 0x19AB, 0x116B, 0x116B, 0x116B, 0x196B, 0x41AC, 0x926F, 0x8A4E, 0x822D,
    0x820E, 0x69CE, 0x498D, 0x318D, 0x39AD, 0x6A0F, 0x926F, 0x9A8F, 0x39CE, 0x21CE, 0x19EE, 0x19AD,
    0x11AC, 0x198C, 0x198C, 0x198C, 0x218D, 0x39AD, 0x51CE, 0x518D, 0x39AE, 0x19CD, 0x19EE, 0x220F,
    0x222F, 0x222F, 0x220F, 0x19EE, 0x19CD, 0x19CD, 0x19CD, 0x21CE, 0x31CE, 0x29CD, 0x19CD, 0x21CD,
    0x29CD, 0x41AE, 0x49CE, 0x520F, 0x21CD, 0x19EE, 0x220F, 0x21EF, 0x2A0F, 0x320F, 0x5A92, 0x72F3,
    0x7AB3, 0x7292, 0x7272, 0x5210, 0x31EE, 0x19AD, 0x19CD, 0x19CD, 0x19AD, 0x19CD, 0x19CD, 0x19CD,
    0x19CD, 0x19AD, 0x19CE, 0x21EE, 0x19CE, 0x19AE, 0x19CE, 0x222F, 0x2250, 0x2230, 0x2A51, 0x3251,
    0x2271, 0x2A71, 0x3271, 0x3A91, 0x3250, 0x19AE, 0x21CE, 0x19EE, 0x19CD, 0x19CD, 0x21CD, 0x21CE,
    0x29CE, 0x5A10, 0x41EE, 0x31CE, 0x21EE, 0x422F, 0x6291, 0x6250, 0x6250, 0x5A10, 0x5A50, 0x5A51,
    0x5A51, 0x6271, 0x6A92, 0x5A71, 0x5251, 0x4A50, 0x5271, 0x6291, 0x8AD3, 0x82F4, 0x72F4, 0x9396,
    0xA3B7, 0xA3D8, 0xA3D8, 0xA3D8, 0xA3B7, 0xA3D7, 0xA3F8, 0xA418, 0xA418, 0xA418, 0xA418, 0xA418,
    0xA418, 0xA418, 0xA418, 0xA418, 0xA418, 0xA418, 0xA418, 0xA418, 0xA418, 0xA418, 0xA418, 0xA418,
    0xA418, 0xA418, 0x8B76, 0x7B35, 0x62D4, 0x7B35, 0xA418, 0x72F4, 0x5AB4, 0x52B4, 0x5AB4, 0x5AB4,
    0x5AB4, 0x5AB4, 0x5AB4, 0x62D4, 0x6AD4, 0x6AD4, 0x72F4, 0x7AF4, 0x8B14, 0x9B34, 0xB396, 0x8314,
    0x6AF4, 0x6AD4, 0x6AD4, 0x72D4, 0x7AF4, 0x82F4, 0x8B15, 0x6AF4, 0x62D4, 0x62F4, 0x6AF4, 0x6AD4,
    0x72D4, 0x72D4, 0x72D4, 0x7AF4, 0x7AF5, 0x7AF4, 0x9B55, 0xAB95, 0x9356, 0x7B15, 0x62D4, 0x62F4,
    0x62F4, 0x62F4, 0x5AF4, 0x62F5, 0x6AF5, 0x6AF5, 0x6AF4, 0x6AF5, 0x6AF5, 0x7314, 0x7B14, 0x7315,
    0x6AF5, 0x72F5, 0x72F5, 0x6AD4, 0x6AD4, 0x72F4, 0x72F5, 0x7AF4, 0x8B76, 0x9355, 0x9335, 0x9B77,
    0x9B97, 0x9376, 0x8356, 0x7AF4, 0x8315, 0x41CD, 0x0064, 0x00A5, 0x00A4, 0x00A4, 0x00A4, 0x00A4,
    0x00A5, 0x00A5, 0x00A5, 0x00A6, 0x00A6, 0x00C6, 0x00A6, 0x00A6, 0x00A5, 0x00A5, 0x00A5, 0x00A5,
    0x00A5, 0x00A5, 0x00A5, 0x00A5, 0x00A4, 0x00A4, 0x0084, 0x00A4, 0x00C4, 0x00A4, 0x2906, 0x5169,
    0x5A0B, 0x624D, 0x6A6E, 0x6A2D, 0x7A4F, 0xB311, 0x9B11, 0x7AD1, 0x196C, 0x118C, 0x11AD, 0x118D,
    0x118C, 0x118C, 0x118C, 0x118C, 0x19EE, 0x1A0F, 0x11EE, 0x220F, 0x2210, 0x21EF, 0x4250, 0x5AB1,
    0x7AD2, 0x4A2F, 0x194B, 0x19AC, 0x11AD, 0x198C, 0x31AE, 0x41EE, 0x620E, 0x620F, 0x6A0F, 0x298C,
    0x118C, 0x19AC, 0x118B, 0x096A, 0x11AC, 0x118C, 0x118B, 0x0948, 0x0928, 0x0928, 0x0969, 0x116A,
    0x118B, 0x118B, 0x118B, 0x196C, 0x198B, 0x198C, 0x118C, 0x11AD, 0x19CD, 0x19CD, 0x19ED, 0x19AC,
    0x198C, 0x218C, 0x196B, 0x114A, 0x39AD, 0x298D, 0x19AC, 0x118C, 0x116B, 0x116B, 0x118B, 0x19AC,
    0x198C, 0x118C, 0x198C, 0x196B, 0x318B, 0x61ED, 0x5A0D, 0x622D, 0x8A4F, 0x8A2E, 0x820E, 0x39AC,
    0x298D, 0x498D, 0x8270, 0x9AF1, 0x29AE, 0x21CE, 0x21EE, 0x21CE, 0x19AD, 0x198C, 0x198C, 0x198C,
    0x196C, 0x298D, 0x31AD, 0x61CE, 0x6210, 0x4A50, 0x320F, 0x19CE, 0x19CE, 0x19EF, 0x220F, 0x19CE,
    0x11CD, 0x19CD, 0x19CD, 0x21CD, 0x29AD, 0x21AD, 0x21CD, 0x21CD, 0x31CD, 0x61EE, 0x59CE, 0x4A0E,
    0x21CD, 0x19CE, 0x19CE, 0x19CE, 0x21EE, 0x2A0F, 0x4230, 0x5A71, 0x7A93, 0x6251, 0x4A10, 0x6272,
    0x5251, 0x21AD, 0x19AD, 0x19AD, 0x19AD, 0x19AD, 0x19AD, 0x21CE, 0x21CE, 0x21AD, 0x21AE, 0x21CE,
    0x19AE, 0x19CE, 0x19CD, 0x19EE, 0x220F, 0x2210, 0x2A50, 0x2A71, 0x2250, 0x2230, 0x220F, 0x3A71,
    0x3271, 0x19CE, 0x19CE, 0x19CE, 0x19AD, 0x19AD, 0x19CD, 0x21CD, 0x29EE, 0x39EF, 0x39EE, 0x39EE,
    0x31CE, 0x41EF, 0x5210, 0x6230, 0x6A30, 0x6210, 0x4A30, 0x4230, 0x5230, 0x5A50, 0x6271, 0x5230,
    0x4A30, 0x5250, 0x5271, 0x5271, 0x8AD3, 0x82F4, 0x6AF4, 0x7B14, 0x8315, 0x8B35, 0x9356, 0x9B57,
    0xAB57, 0xAB57, 0xA397, 0xA3F8, 0xA418, 0xA418, 0xA418, 0xA418, 0xA418, 0xA418, 0xA418, 0xA418,
    0xA418, 0xA418, 0xA418, 0xA418, 0xA418, 0xA418, 0xA418, 0xA419, 0xA418, 0x9C18, 0x7B35, 0x6AD4,
    0x62D4, 0x7315, 0x8B97, 0x62F4, 0x5AB4, 0x52B4, 0x5AB4, 0x5AB4, 0x5AB4, 0x5AB4, 0x5AB4, 0x5AD4,
    0x62D4, 0x62B3, 0x6AD4, 0x6AD4, 0x7AF4, 0x8B14, 0xAB76, 0x7AF4, 0x6AD3, 0x6AD4, 0x6AD4, 0x6AD4,
    0x72D4, 0x8314, 0x8B15, 0x6AF4, 0x62D4, 0x62D4, 0x62D4, 0x6AD4, 0x72F4, 0x72F4, 0x72F4, 0x72D4,
    0x72D4, 0x7AF4, 0x8AF4, 0x8AD4, 0x9B35, 0x8335, 0x5AF4, 0x62F5, 0x62F5, 0x62F5, 0x62D5, 0x62D5,
    0x62F5, 0x62F5, 0x62F5, 0x6AF5, 0x6B15, 0x62F4, 0x6AF4, 0x6AF5, 0x6AD5, 0x6AD4, 0x6AF4, 0x6AF4,
    0x6AD4, 0x72B4, 0x72D5, 0x72F4, 0x7AF4, 0x8314, 0x8B35, 0x8B36, 0x8B36, 0x8B35, 0x9356, 0x8B15,
    0x594D, 0x28E8, 0x00A4, 0x00A5, 0x0084, 0x00A4, 0x00A4, 0x00A4, 0x00A5, 0x00E7, 0x116A, 0x096A,
    0x096A, 0x096A, 0x094A, 0x092A, 0x00A5, 0x00A5, 0x00A5, 0x00A5, 0x00A5, 0x00A5, 0x00A5, 0x00A5,
    0x00A4, 0x00A4, 0x0084, 0x00A4, 0x00A5, 0x00A5, 0x10E6, 0x3106, 0x4988, 0x49A9, 0x41CB, 0x51ED,
    0x61CD, 0x722D, 0x8AAF, 0x92D0, 0x5A2D, 0x29AD, 0x094C, 0x116D, 0x118C, 0x118C, 0x118C, 0x118C,
    0x11CE, 0x11EE, 0x1A0F, 0x19EF, 0x19EF, 0x220F, 0x3250, 0x5270, 0x6271, 0x5A50, 0x4A2E, 0x21CD,
    0x11AD, 0x19AD, 0x298D, 0x41CE, 0x622F, 0x59EE, 0x418D, 0x218C, 0x198C, 0x19AC, 0x118B, 0x094A,
    0x118C, 0x118C, 0x118B, 0x0949, 0x0928, 0x0928, 0x116A, 0x198B, 0x118C, 0x118C, 0x118C, 0x198C,
    0x198C, 0x198D, 0x19AD, 0x19CD, 0x19CD, 0x19CD, 0x19CC, 0x19AC, 0x19AC, 0x196B, 0x118B, 0x116B,
    0x31AD, 0x298C, 0x118C, 0x116B, 0x116B, 0x116B, 0x118C, 0x19AC, 0x19AC, 0x19AC, 0x19AC, 0x196B,
    0x218B, 0x398C, 0x41AC, 0x49CD, 0x61CD, 0x7A0D, 0x8A4E, 0x39AC, 0x218C, 0x318D, 0x6A0F, 0x8A90,
    0x41EF, 0x31CE, 0x21CE, 0x21CE, 0x19CD, 0x19AC, 0x198C, 0x198C, 0x198C, 0x198C, 0x21AC, 0x59CE,
    0x59CE, 0x41CE, 0x31CE, 0x19EE, 0x19CE, 0x19CE, 0x21EE, 0x19CE, 0x19CD, 0x19CD, 0x19CD, 0x19CD,
    0x21AD, 0x21AD, 0x21AD, 0x21CD, 0x31CD, 0x720E, 0x51CE, 0x31CE, 0x21CD, 0x19CD, 0x19CE, 0x19CE,
    0x21EE, 0x29EF, 0x3A30, 0x5250, 0x72B3, 0x6A72, 0x5250, 0x6271, 0x5251, 0x21AE, 0x19CE, 0x19CE,
    0x19CD, 0x21CD, 0x29CE, 0x31EE, 0x31CE, 0x31CE, 0x31CE, 0x31EF, 0x21AD, 0x19AE, 0x19CE, 0x19EE,
    0x19EF, 0x220F, 0x2A30, 0x2A51, 0x2271, 0x2250, 0x1A0F, 0x3271, 0x2A70, 0x19CE, 0x19CE, 0x19CE,
    0x19AD, 0x19AD, 0x19CD, 0x19CD, 0x21CE, 0x21CE, 0x31EE, 0x39EE, 0x49EF, 0x49EF, 0x41EF, 0x5A51,
    0x6A51, 0x6A10, 0x5230, 0x4A30, 0x4A30, 0x5A51, 0x7291, 0x6A91, 0x6291, 0x6270, 0x6291, 0x6AB2,
    0x7AF3, 0x7AF4, 0x6B14, 0x72F4, 0x72F4, 0x7AF5, 0x8315, 0x8B15, 0x9336, 0x9B36, 0xAB57, 0xABB8,
    0xA3D8, 0xA418, 0xA418, 0xA418, 0xA418, 0xA418, 0xA418, 0xA418, 0xA418, 0xA418, 0xA418, 0xA418,
    0xA418, 0xA418, 0xA418, 0xA418, 0x9BF8, 0x8356, 0x6AF5, 0x62B4, 0x5AB4, 0x62F5, 0x7316, 0x62B5,
    0x5A94, 0x52B4, 0x5AB4, 0x5AB4, 0x5AB4, 0x5AB4, 0x5AB4, 0x5AD4, 0x5AD4, 0x62D4, 0x62B4, 0x62D4,
    0x6AD3, 0x8314, 0x9B55, 0x7AD4, 0x6AB4, 0x62D4, 0x62D4, 0x6AD4, 0x6AF4, 0x7AF4, 0x82F4, 0x6AF4,
    0x62D4, 0x62D4, 0x6AD4, 0x6AD4, 0x6AF5, 0x6AF4, 0x6AD4, 0x72D4, 0x72D4, 0x7AF4, 0x82F5, 0x8AF4,
    0x9B56, 0x8335, 0x62F4, 0x62F5, 0x62F5, 0x62F5, 0x62F5, 0x62D5, 0x62D5, 0x62F5, 0x62F5, 0x62F5,
    0x62F5, 0x62F5, 0x6AF5, 0x6AF5, 0x6AF5, 0x6AD4, 0x6AD4, 0x6AD4, 0x6AD4, 0x6AD4, 0x72F5, 0x7314,
    0x72D3, 0x8314, 0x8B35, 0x8B15, 0x8B35, 0x8B56, 0x9B76, 0x9335, 0x38C8, 0x18A5, 0x00A5, 0x0084,
    0x0084, 0x0084, 0x00A4, 0x00A4, 0x00C6, 0x0928, 0x096A, 0x096B, 0x098B, 0x098B, 0x0929, 0x08E8,
    0x00A5, 0x00A5, 0x00A5, 0x00A5, 0x00A5, 0x00A5, 0x00A5, 0x00A5, 0x00A4, 0x00A4, 0x00A5, 0x00C4,
    0x00C4, 0x00A5, 0x00A5, 0x0864, 0x28C6, 0x20E7, 0x18E7, 0x290A, 0x314A, 0x49AB, 0x720D, 0x9A8F,
    0xA310, 0x724F, 0x41AD, 0x39CD, 0x21CD, 0x118D, 0x118D, 0x198D, 0x11AD, 0x11CE, 0x1A0F, 0x19CE,
    0x19CE, 0x220F, 0x220F, 0x2A0F, 0x3A0F, 0x5A70, 0x72F2, 0x320E, 0x098C, 0x19AD, 0x198C, 0x21AD,
    0x522F, 0x49EE, 0x394B, 0x218C, 0x118C, 0x19AC, 0x116B, 0x0929, 0x118C, 0x118C, 0x118B, 0x0929,
    0x0948, 0x0929, 0x116A, 0x118C, 0x118C, 0x198C, 0x198C, 0x218C, 0x218C, 0x218D, 0x19CE, 0x19EE,
    0x19CD, 0x11AD, 0x118C, 0x198C, 0x118B, 0x116A, 0x116A, 0x116B, 0x21AC, 0x198B, 0x096A, 0x116B,
    0x118C, 0x116B, 0x198C, 0x19AD, 0x19AD, 0x19AD, 0x19AC, 0x118B, 0x116B, 0x114A, 0x316B, 0x418C,
    0x314B, 0x51AC, 0x724E, 0x318C, 0x298C, 0x398D, 0x61CD, 0x720D, 0x520E, 0x31CE, 0x19AD, 0x21CD,
    0x19CD, 0x198C, 0x198C, 0x198C, 0x118C, 0x198C, 0x198C, 0x49CE, 0x41CD, 0x318C, 0x29AD, 0x19CE,
    0x21CF, 0x29CE, 0x21AE, 0x19CE, 0x19CE, 0x19CD, 0x19CD, 0x19AD, 0x29AD, 0x21AD, 0x29AD, 0x19AC,
    0x31CD, 0x620F, 0x39EE, 0x198D, 0x19AD, 0x19CD, 0x19CD, 0x19CE, 0x19CE, 0x21EE, 0x320F, 0x4250,
    0x72B3, 0x7292, 0x6A92, 0x5A51, 0x4230, 0x29CE, 0x21CE, 0x21CE, 0x21CE, 0x29EF, 0x3A0F, 0x3A0F,
    0x3A0F, 0x39EF, 0x41F0, 0x4A10, 0x31AE, 0x21AE, 0x19CE, 0x19CE, 0x19CE, 0x19EF, 0x2210, 0x2A51,
    0x2A51, 0x2250, 0x1A0F, 0x2A30, 0x220F, 0x19CE, 0x19EE, 0x19CD, 0x19AD, 0x19AD, 0x19CD, 0x19CD,
    0x21CE, 0x21CE, 0x29CE, 0x39EE, 0x6250, 0x4A0F, 0x21CE, 0x4A30, 0x5A51, 0x6230, 0x6A51, 0x6251,
    0x4A30, 0x5250, 0x6A91, 0x7AD3, 0x7AD2, 0x7291, 0x7AD3, 0x82F3, 0x6AF3, 0x6AF4, 0x6AF4, 0x6AF4,
    0x6AF4, 0x6AF4, 0x6B14, 0x72F4, 0x72F4, 0x8315, 0xA357, 0xAB77, 0xABB8, 0xA418, 0xA3F8, 0xA418,
    0xA418, 0xA418, 0xA418, 0xA418, 0xA418, 0xA418, 0xA418, 0xA418, 0xA418, 0xA418, 0xA418, 0xA438,
    0x93B7, 0x6293, 0x5AB4, 0x5AB4, 0x5AB4, 0x5AB4, 0x62B4, 0x5A94, 0x5AB4, 0x5AB4, 0x5AD4, 0x5AD4,
    0x5AB4, 0x5AB4, 0x5AB4, 0x5AB4, 0x5AB4, 0x62D4, 0x62B4, 0x5AB4, 0x62D3, 0x72F4, 0x8B35, 0x7AF4,
    0x6AD4, 0x62D4, 0x62D4, 0x62D4, 0x6AD4, 0x72D3, 0x72F4, 0x6AF4, 0x62F4, 0x62F4, 0x62F4, 0x6AD4,
    0x62D4, 0x62D4, 0x6AD4, 0x72F4, 0x72F4, 0x72D3, 0x72B2, 0x72B2, 0x9B55, 0x8B36, 0x62F5, 0x62F4,
    0x5AF4, 0x62F5, 0x62F5, 0x62F5, 0x62F5, 0x62F5, 0x62F5, 0x62F4, 0x62F4, 0x62F4, 0x62F4, 0x62D4,
    0x62D4, 0x6AD4, 0x6AF4, 0x6AD4, 0x6AD4, 0x6AD4, 0x6AD4, 0x72F4, 0x72F3, 0x7AF4, 0x8314, 0x8315,
    0x8315, 0x72D2, 0x72F2, 0x6290, 0x18A6, 0x08A5, 0x00A5, 0x00A5, 0x00C6, 0x00C5, 0x00A5, 0x00A4,
    0x0106, 0x0928, 0x0949, 0x0929, 0x0928, 0x0929, 0x08C6, 0x0085, 0x00A5, 0x0084, 0x00A5, 0x00A5,
    0x00A5, 0x00A5, 0x08C5, 0x08C6, 0x00A5, 0x00A5, 0x00A5, 0x00A5, 0x00A4, 0x00A5, 0x08C5, 0x08C5,
    0x3908, 0x3108, 0x1108, 0x10E8, 0x2929, 0x728F, 0x8A6F, 0x926F, 0x92B0, 0xA2F0, 0xA312, 0x8AF0,
    0x6A8F, 0x216C, 0x198D, 0x198D, 0x19AD, 0x19CE, 0x19EE, 0x19CE, 0x19EE, 0x19EE, 0x19EE, 0x19EE,
    0x3A30, 0x422F, 0x4A30, 0x31CE, 0x19AD, 0x11AC, 0x118C, 0x21AC, 0x39EE, 0x49EE, 0x622F, 0x29AC,
    0x118C, 0x19AC, 0x116B, 0x0929, 0x118B, 0x118B, 0x116B, 0x0949, 0x0949, 0x094A, 0x118B, 0x118C,
    0x118C, 0x198C, 0x21AD, 0x316C, 0x318C, 0x29AD, 0x19CD, 0x19CD, 0x118C, 0x118C, 0x19CD, 0x198C,
    0x118B, 0x116A, 0x116A, 0x118B, 0x118B, 0x116B, 0x118B, 0x19AC, 0x19AC, 0x198C, 0x19AC, 0x19CD,
    0x19CD, 0x19CD, 0x19CD, 0x118B, 0x116B, 0x114A, 0x298B, 0x49AD, 0x318C, 0x49AC, 0x61ED, 0x298C,
    0x218C, 0x39EE, 0x59EE, 0x69ED, 0x498D, 0x298D, 0x198D, 0x19AD, 0x11AC, 0x118C, 0x198C, 0x118C,
    0x118C, 0x198C, 0x19AC, 0x39CE, 0x49EE, 0x420E, 0x31CE, 0x21AD, 0x39CF, 0x41AE, 0x39AE, 0x29CE,
    0x21AD, 0x19CD, 0x19AD, 0x19AD, 0x31CD, 0x29CD, 0x298D, 0x21AD, 0x29CD, 0x39EE, 0x29CD, 0x19AD,
    0x19CD, 0x19CD, 0x19CD, 0x19CD, 0x19CE, 0x19EE, 0x21CE, 0x31EF, 0x6A92, 0x6A92, 0x6A72, 0x6251,
    0x5230, 0x39CE, 0x29CE, 0x21CD, 0x21CE, 0x29EF, 0x31EF, 0x320F, 0x31EF, 0x31EF, 0x41F0, 0x49F0,
    0x41CF, 0x29EF, 0x19CE, 0x19CE, 0x19CE, 0x19AD, 0x220F, 0x2A30, 0x19EF, 0x19EF, 0x19EF, 0x19F0,
    0x21EF, 0x1A0F, 0x19EE, 0x19CD, 0x19AE, 0x19AE, 0x21CD, 0x19CD, 0x21CE, 0x31EF, 0x39EF, 0x4A0F,
    0x7250, 0x522F, 0x29EF, 0x3A0F, 0x41EF, 0x4A30, 0x5A30, 0x6230, 0x4A0F, 0x4250, 0x4A50, 0x5A50,
    0x6A70, 0x8AF2, 0x8AF2, 0x8AF3, 0x6AF3, 0x6AF4, 0x6AF4, 0x6AF4, 0x6AF4, 0x6AF4, 0x6B14, 0x6B14,
    0x6AF4, 0x8315, 0xA397, 0xA357, 0xA377, 0xA3B8, 0xA3D8, 0xA418, 0xA418, 0xA418, 0xA418, 0xA418,
    0xA418, 0xA418, 0xA418, 0xA418, 0xA418, 0xA418, 0xA418, 0xA418, 0x8BB7, 0x5AB4, 0x5AB4, 0x5AB4,
    0x5AB4, 0x5AB4, 0x5AB4, 0x5AB4, 0x5AB4, 0x5AB4, 0x5AB4, 0x5AB4, 0x5AB4, 0x5AB4, 0x5AB4, 0x5AB4,
    0x5AB4, 0x5AB4, 0x5AB4, 0x5AB4, 0x62B3, 0x6AD3, 0x7AF4, 0x82F3, 0x72F4, 0x62D4, 0x62D4, 0x62D4,
    0x62B4, 0x72D4, 0x7B15, 0x6AF4, 0x62D4, 0x5AF4, 0x62F4, 0x62F4, 0x62D4, 0x62D4, 0x62D4, 0x6AF4,
    0x72D4, 0x72D3, 0x5A30, 0x51EE, 0x8B14, 0x8B35, 0x72F5, 0x62F5, 0x5AF4, 0x62F5, 0x62F5, 0x62F5,
    0x62F5, 0x62F5, 0x62F5, 0x62F4, 0x62F4, 0x62F4, 0x62F4, 0x62D4, 0x62D4, 0x6AD4, 0x6AD4, 0x6AF4,
    0x6AD4, 0x6AD4, 0x72D4, 0x72D4, 0x6AF3, 0x72F3, 0x7B13, 0x8B15, 0x7AB3, 0x292A, 0x1908, 0x08E7,
    0x1107, 0x08E6, 0x00A5, 0x0907, 0x0928, 0x0907, 0x00A6, 0x00A5, 0x00E7, 0x0128, 0x094A, 0x00C6,
    0x00A5, 0x00A6, 0x00A6, 0x00C5, 0x00A5, 0x00A5, 0x00A5, 0x00A5, 0x00A5, 0x08C5, 0x08A5, 0x08A5,
    0x00A5, 0x00A5, 0x00A5, 0x00A5, 0x00A5, 0x00A6, 0x00A6, 0x00C6, 0x08A6, 0x08E7, 0x114A, 0x218C,
    0x29CC, 0x41ED, 0x4A0D, 0x5A0D, 0x622E, 0x724F, 0x8290, 0x9B10, 0x8AEF, 0x61CC, 0x31AC, 0x118D,
    0x198C, 0x11AD, 0x11AD, 0x11AD, 0x11AD, 0x11AD, 0x19AE, 0x11AE, 0x2A0F, 0x21EE, 0x21CE, 0x3A10,
    0x3A2F, 0x11AD, 0x19AC, 0x198D, 0x298D, 0x31AC, 0x49CD, 0x218C, 0x116C, 0x198C, 0x116B, 0x094A,
    0x098A, 0x096A, 0x116A, 0x0948, 0x0949, 0x116A, 0x118B, 0x11AC, 0x118C, 0x21AC, 0x298D, 0x49EE,
    0x5A0E, 0x622F, 0x29CD, 0x118C, 0x116B, 0x118B, 0x19CC, 0x19AC, 0x118B, 0x116A, 0x116A, 0x118B,
    0x118B, 0x198C, 0x298D, 0x21AC, 0x198C, 0x196C, 0x19AC, 0x19CD, 0x19CD, 0x19CD, 0x19CD, 0x11AC,
    0x116B, 0x116B, 0x196B, 0x214B, 0x216C, 0x41CD, 0x6A4F, 0x298C, 0x218C, 0x296C, 0x41AC, 0x51CD,
    0x51EE, 0x31CE, 0x198D, 0x19AD, 0x198C, 0x198C, 0x198C, 0x118C, 0x118C, 0x11AC, 0x198C, 0x31AD,
    0x31AD, 0x298C, 0x29CE, 0x39EE, 0x520F, 0x6A10, 0x7A30, 0x39CE, 0x19AD, 0x19AD, 0x19AD, 0x19AD,
    0x31AD, 0x29AD, 0x31AD, 0x29AD, 0x21CD, 0x21AD, 0x21AD, 0x19AE, 0x19AD, 0x19CD, 0x19AD, 0x19CD,
    0x19CE, 0x19EE, 0x21EE, 0x31EF, 0x5A51, 0x6A92, 0x72B3, 0x7A93, 0x7292, 0x6292, 0x320F, 0x19CD,
    0x29CE, 0x29EE, 0x29EF, 0x29EF, 0x2A0F, 0x2A0F, 0x3A0F, 0x4230, 0x4A30, 0x31EF, 0x19CE, 0x19CE,
    0x19CE, 0x19CD, 0x21EE, 0x222F, 0x19EE, 0x1A0F, 0x2250, 0x2A72, 0x2A72, 0x2A91, 0x2230, 0x19AD,
    0x19AE, 0x19AE, 0x21CD, 0x19CD, 0x21CD, 0x29EE, 0x3A10, 0x4A50, 0x7250, 0x6230, 0x4A0F, 0x3A30,
    0x3A10, 0x420F, 0x4A0F, 0x520F, 0x41EF, 0x420F, 0x420F, 0x4A0F, 0x6A91, 0x9B34, 0x9B34, 0x9B33,
    0x6AD3, 0x62F4, 0x6AF4, 0x6AF4, 0x6AF4, 0x6AF4, 0x6AF4, 0x6AF4, 0x72F4, 0x8315, 0xA377, 0x82D4,
    0x8AD4, 0xA357, 0xA3B7, 0xA3F8, 0xA418, 0xA418, 0xA418, 0xA418, 0xA418, 0xA418, 0xA418, 0xA418,
    0xA418, 0xA418, 0xA418, 0xA418, 0x8BB7, 0x5AB4, 0x5AD4, 0x5AB4, 0x5AB4, 0x5AB4, 0x5AB4, 0x5AB4,
    0x5AB4, 0x5AB4, 0x52B4, 0x52B4, 0x5AB4, 0x5AB4, 0x5AB4, 0x5AB4, 0x5AB4, 0x52D4, 0x52B4, 0x5AB4,
    0x5AB3, 0x62D3, 0x6AB3, 0x7B14, 0x7AF5, 0x62D4, 0x62D4, 0x62D4, 0x6AF4, 0x72D4, 0x72D4, 0x62D4,
    0x62D4, 0x5AD4, 0x62D4, 0x62D4, 0x62D4, 0x62D4, 0x62B4, 0x6AD4, 0x6AD4, 0x72F3, 0x7313, 0x7314,
    0x8315, 0x8B15, 0x8335, 0x6AD5, 0x62D5, 0x62F5, 0x62F5, 0x62F5, 0x62F5, 0x62F5, 0x62F5, 0x62F4,
    0x62F4, 0x62F4, 0x62F4, 0x62F4, 0x6AF4, 0x62B3, 0x5A72, 0x62D4, 0x6AD4, 0x72D4, 0x6AD4, 0x6AD3,
    0x6AD2, 0x72F2, 0x7332, 0x7B14, 0x6AB1, 0x08A7, 0x0885, 0x0085, 0x0086, 0x00A6, 0x00C6, 0x00C7,
    0x00C6, 0x00A5, 0x00C5, 0x00A6, 0x0949, 0x096A, 0x0949, 0x00C6, 0x08C6, 0x0949, 0x0907, 0x00E6,
    0x00A5, 0x00A5, 0x00A5, 0x00A5, 0x00A5, 0x00A5, 0x08A5, 0x08A5, 0x08A5, 0x08A5, 0x00A5, 0x0907,
    0x0928, 0x0929, 0x0929, 0x0949, 0x0969, 0x0969, 0x1149, 0x1129, 0x094A, 0x1129, 0x1929, 0x2129,
    0x212A, 0x318B, 0x41AC, 0x51AC, 0x69ED, 0x928E, 0x41AC, 0x192B, 0x198C, 0x19AD, 0x11AD, 0x11CD,
    0x11AD, 0x11AD, 0x19AE, 0x19CE, 0x19CE, 0x19CE, 0x19CE, 0x2A0F, 0x29EE, 0x11AD, 0x11AC, 0x198C,
    0x196C, 0x218C, 0x31AC, 0x198C, 0x196B, 0x118B, 0x118B, 0x118B, 0x096A, 0x0949, 0x0949, 0x0949,
    0x0949, 0x118A, 0x118B, 0x118C, 0x118C, 0x19AC, 0x218C, 0x318C, 0x41AD, 0x5A2F, 0x29AC, 0x116A,
    0x116B, 0x118B, 0x118B, 0x116B, 0x116B, 0x116A, 0x116A, 0x116B, 0x118B, 0x218C, 0x396C, 0x296C,
    0x196C, 0x196C, 0x19AD, 0x19CD, 0x19AD, 0x19CD, 0x19CD, 0x118C, 0x116B, 0x096A, 0x116A, 0x118B,
    0x196C, 0x318C, 0x51EE, 0x218C, 0x216C, 0x218C, 0x318C, 0x39AC, 0x41AD, 0x31AC, 0x21AD, 0x218D,
    0x218C, 0x118C, 0x198C, 0x198C, 0x198C, 0x11AD, 0x19AC, 0x21AC, 0x21AD, 0x198C, 0x21CD, 0x31CD,
    0x398D, 0x59EE, 0x7A30, 0x41AE, 0x29AD, 0x19AD, 0x19AD, 0x19AD, 0x29AD, 0x29AD, 0x31AD, 0x21CD,
    0x21CD, 0x19AD, 0x21AD, 0x19AD, 0x19CD, 0x19CD, 0x19CD, 0x19AD, 0x19CD, 0x19EE, 0x21EE, 0x2A0F,
    0x5A52, 0x7293, 0x7AB3, 0x82B4, 0x82B3, 0x7A93, 0x3A0F, 0x19CD, 0x21EE, 0x220F, 0x21EE, 0x21EE,
    0x21EE, 0x2A2F, 0x2A0F, 0x320F, 0x4230, 0x39EF, 0x19CE, 0x19CE, 0x19CE, 0x19CD, 0x19CE, 0x19CE,
    0x19CE, 0x1A0F, 0x2230, 0x2251, 0x2271, 0x2A71, 0x2210, 0x19AE, 0x19CE, 0x19CE, 0x19CD, 0x21CE,
    0x21EE, 0x21CE, 0x29CF, 0x39EF, 0x51CE, 0x59EF, 0x6230, 0x39EF, 0x320F, 0x41EF, 0x5A30, 0x6251,
    0x4A30, 0x4230, 0x3A0F, 0x4A30, 0x5A50, 0x6250, 0x82F2, 0x9B74, 0x72F4, 0x6AF4, 0x6AF4, 0x6AF4,
    0x6AF4, 0x6AF4, 0x6AF4, 0x6AF4, 0x6AF4, 0x72F5, 0x8B15, 0x9335, 0x9B36, 0x9335, 0x9B76, 0xA3D8,
    0x9BF8, 0x9C18, 0xA418, 0xA418, 0xA418, 0xA418, 0xA418, 0xA418, 0xA418, 0xA418, 0xA418, 0xA438,
    0x93D8, 0x62D4, 0x5AD4, 0x5AB4, 0x5AB4, 0x5AB4, 0x5AB4, 0x5AB4, 0x5AB4, 0x5AB4, 0x52B4, 0x52B4,
    0x52B4, 0x52B4, 0x5AB4, 0x5AB4, 0x52B4, 0x52B4, 0x52B4, 0x52B3, 0x5AB3, 0x62B4, 0x62B3, 0x6AD4,
    0x6AD5, 0x62D4, 0x62D4, 0x62D4, 0x62D4, 0x6AD4, 0x72D5, 0x6AD4, 0x62F4, 0x5AD4, 0x62D4, 0x62D4,
    0x6AD4, 0x62D4, 0x62D4, 0x6AD4, 0x62F3, 0x6AF2, 0x72F3, 0x7314, 0x7AF4, 0x82F4, 0x8B35, 0x6AD5,
    0x62F5, 0x62F5, 0x62D5, 0x62D4, 0x62F4, 0x62F5, 0x62F5, 0x62F4, 0x62F4, 0x62F4, 0x62F4, 0x62D4,
    0x6B14, 0x62B3, 0x41F0, 0x5AB4, 0x6AF4, 0x72D5, 0x72D4, 0x72D4, 0x5250, 0x4A2D, 0x4A0C, 0x2109,
    0x10E8, 0x0885, 0x08C5, 0x00E7, 0x0948, 0x0949, 0x094A, 0x0949, 0x0908, 0x00A5, 0x00C6, 0x00E6,
    0x00C6, 0x00C6, 0x00A5, 0x0907, 0x08E7, 0x00A6, 0x00A5, 0x00A5, 0x00A5, 0x00A5, 0x00A5, 0x00A5,
    0x00A5, 0x00A5, 0x08A5, 0x10A6, 0x18E7, 0x10C6, 0x00A5, 0x00C5, 0x00E6, 0x00E6, 0x00E6, 0x00E7,
    0x00E7, 0x00E7, 0x00E6, 0x0908, 0x0928, 0x0928, 0x0908, 0x0908, 0x1108, 0x1129, 0x214A, 0x314A,
    0x518B, 0x928E, 0x828F, 0x7AB0, 0x39AC, 0x216B, 0x116B, 0x198D, 0x19AE, 0x19AE, 0x19AD, 0x19AD,
    0x118D, 0x19CE, 0x2A10, 0x19EF, 0x19CE, 0x19AD, 0x118C, 0x116B, 0x116B, 0x196B, 0x196B, 0x114B,
    0x116A, 0x114A, 0x116B, 0x118B, 0x094A, 0x0949, 0x0949, 0x0949, 0x0949, 0x116A, 0x118B, 0x198C,
    0x118B, 0x118C, 0x198C, 0x21AC, 0x298C, 0x398C, 0x39AC, 0x39CD, 0x196B, 0x114A, 0x118B, 0x116A,
    0x116A, 0x116B, 0x118B, 0x196B, 0x116B, 0x398C, 0x59AE, 0x49AE, 0x41CD, 0x196C, 0x198C, 0x19CD,
    0x19AD, 0x19AD, 0x19AD, 0x118C, 0x116B, 0x096A, 0x118A, 0x116B, 0x196B, 0x218C, 0x318C, 0x218C,
    0x218C, 0x218C, 0x298C, 0x318C, 0x39AD, 0x39AD, 0x318C, 0x51EE, 0x520E, 0x296B, 0x216C, 0x194C,
    0x118C, 0x11AC, 0x118C, 0x198C, 0x19AD, 0x19AD, 0x19AD, 0x21AD, 0x31AD, 0x41CE, 0x51CE, 0x61EF,
    0x59EF, 0x21AD, 0x19AC, 0x19AC, 0x29AD, 0x29AD, 0x29AD, 0x21AD, 0x21AD, 0x19AD, 0x19CD, 0x19CD,
    0x19CD, 0x19CD, 0x19CD, 0x19CD, 0x19CD, 0x19CE, 0x21EE, 0x320F, 0x5A72, 0x6A72, 0x72B3, 0x7293,
    0x7292, 0x82B3, 0x41F0, 0x198D, 0x21CE, 0x19EE, 0x21CE, 0x21CE, 0x21CE, 0x2A0F, 0x2A0F, 0x29EF,
    0x39EF, 0x31EF, 0x29EF, 0x21CE, 0x19CE, 0x19CE, 0x19CE, 0x19CE, 0x19CE, 0x1A0F, 0x2A51, 0x2250,
    0x2250, 0x2250, 0x1A0F, 0x19CE, 0x19CE, 0x19CE, 0x19CD, 0x21CE, 0x19CE, 0x21EE, 0x21EE, 0x31AE,
    0x5A30, 0x6210, 0x6A30, 0x39EF, 0x29EE, 0x31EF, 0x5230, 0x6251, 0x4A0F, 0x3A0F, 0x3A0F, 0x4250,
    0x5250, 0x5250, 0x7291, 0x8AF3, 0x6AF4, 0x6AF4, 0x6AF4, 0x6AF4, 0x6AF4, 0x6AF4, 0x6AF4, 0x6AF4,
    0x6314, 0x6B15, 0x7315, 0x9336, 0x9B36, 0x7AF4, 0x9336, 0xAB97, 0xA3F8, 0x9C18, 0xA418, 0xA418,
    0xA418, 0xA419, 0xA419, 0xA419, 0xA419, 0xA418, 0xA438, 0x9BD7, 0x8397, 0x62D5, 0x5AB4, 0x52B4,
    0x52B4, 0x52B4, 0x5AB4, 0x5A94, 0x52B4, 0x52B4, 0x52B4, 0x52B4, 0x52B4, 0x52B4, 0x52B4, 0x52B4,
    0x52D4, 0x52B4, 0x5AB4, 0x62B4, 0x72F5, 0x72D4, 0x72D4, 0x62D4, 0x62D4, 0x62D4, 0x5AF4, 0x5AF4,
    0x62D4, 0x6AD4, 0x6AD4, 0x62D4, 0x62D4, 0x5AD4, 0x62F5, 0x6AF4, 0x7B15, 0x7AF5, 0x72F4, 0x6AF5,
    0x5A92, 0x2949, 0x5A70, 0x7315, 0x72D4, 0x7B15, 0x8B36, 0x6AF4, 0x62D5, 0x62F5, 0x5AD4, 0x5AD4,
    0x5AD4, 0x62F5, 0x62F5, 0x62F5, 0x62F5, 0x62F4, 0x62F4, 0x5AB3, 0x39CE, 0x420F, 0x4A71, 0x5A93,
    0x62B4, 0x72D4, 0x6AD5, 0x6AB3, 0x2909, 0x18E7, 0x2107, 0x08E7, 0x00E8, 0x0927, 0x08E6, 0x00C6,
    0x00E7, 0x00C6, 0x00C7, 0x00C6, 0x00C5, 0x00A5, 0x08C6, 0x00E6, 0x00A5, 0x0084, 0x00A4, 0x00C6,
    0x00A6, 0x0085, 0x0084, 0x00A4, 0x00A5, 0x00A5, 0x00A5, 0x00A5, 0x00A5, 0x00A5, 0x08A5, 0x10A6,
    0x28E7, 0x18E7, 0x00A4, 0x00A4, 0x00A4, 0x0084, 0x0084, 0x00A5, 0x00A5, 0x00A5, 0x00A5, 0x00C6,
    0x08E6, 0x08C6, 0x00E6, 0x00E7, 0x00E7, 0x0928, 0x114A, 0x214A, 0x498C, 0x824E, 0x8A4E, 0x826E,
    0x7A8F, 0x6A8F, 0x526E, 0x31AD, 0x218D, 0x218C, 0x218C, 0x198D, 0x198D, 0x19AD, 0x19EF, 0x220F,
    0x21EF, 0x19AE, 0x196C, 0x114B, 0x116A, 0x116B, 0x116B, 0x094A, 0x0949, 0x0949, 0x094A, 0x094A,
    0x116A, 0x0969, 0x0949, 0x0949, 0x0949, 0x1169, 0x118B, 0x198C, 0x118B, 0x118C, 0x198C, 0x19AC,
    0x218C, 0x296B, 0x49ED, 0x620E, 0x316B, 0x196A, 0x118A, 0x116B, 0x116B, 0x116B, 0x196B, 0x216B,
    0x216B, 0x318C, 0x498D, 0x49AD, 0x41AC, 0x218D, 0x19AD, 0x19AD, 0x19AD, 0x19AD, 0x19AD, 0x118C,
    0x116B, 0x096A, 0x118A, 0x116B, 0x196C, 0x218C, 0x218C, 0x218C, 0x218C, 0x298D, 0x31AD, 0x39AD,
    0x31AD, 0x39AD, 0x41AC, 0x720E, 0x81EE, 0x69AD, 0x61AD, 0x59AD, 0x21AD, 0x11AD, 0x11AD, 0x19AD,
    0x19AD, 0x19AD, 0x19AD, 0x19AD, 0x21AD, 0x31CD, 0x418D, 0x6A10, 0x7A30, 0x520F, 0x29CD, 0x198C,
    0x21AD, 0x29CD, 0x29CD, 0x21AD, 0x21AD, 0x216D, 0x21AD, 0x19CD, 0x19CD, 0x19CD, 0x19CD, 0x19CD,
    0x19CD, 0x19CD, 0x21EE, 0x320F, 0x5251, 0x5A51, 0x5A51, 0x6272, 0x7292, 0x82B3, 0x6271, 0x4A30,
    0x21EE, 0x19CE, 0x19CE, 0x19AE, 0x19CE, 0x19EE, 0x21EE, 0x29EF, 0x320F, 0x3230, 0x3A10, 0x21CE,
    0x19AE, 0x19CE, 0x19CE, 0x19CE, 0x19CE, 0x1A0F, 0x2A51, 0x1A10, 0x1A10, 0x2230, 0x1A0F, 0x19CE,
    0x19CE, 0x19CE, 0x19CD, 0x19AD, 0x19CE, 0x21CE, 0x19CE, 0x29CE, 0x4A2F, 0x6230, 0x6A30, 0x320F,
    0x21EF, 0x220F, 0x420F, 0x5250, 0x41EF, 0x39EF, 0x320F, 0x3A30, 0x4230, 0x4A50, 0x5A71, 0x7291,
    0x62B3, 0x62D3, 0x6AF4, 0x6AF4, 0x6AF4, 0x6AF4, 0x6314, 0x6314, 0x6314, 0x6314, 0x6AF4, 0x7B15,
    0x8315, 0x72D4, 0x8B15, 0xA376, 0xA3F8, 0xA3F8, 0xA418, 0x9BF8, 0x9BF8, 0x9BF8, 0x9BF8, 0x9BD8,
    0x9BD8, 0x9BF8, 0x9BF8, 0x8B97, 0x7B56, 0x5AB4, 0x5AB4, 0x52B4, 0x52B4, 0x52B4, 0x52B4, 0x52B4,
    0x52B4, 0x52B4, 0x4AB3, 0x4A93, 0x4AB4, 0x4AB4, 0x52B4, 0x52B4, 0x52D4, 0x5AB4, 0x5AB4, 0x62B4,
    0x72F4, 0x72F4, 0x7B14, 0x62D4, 0x5AD4, 0x5AD5, 0x5AF5, 0x5AF5, 0x5AD5, 0x62D4, 0x6AF4, 0x62D4,
    0x62F4, 0x5AD4, 0x62D5, 0x6AF4, 0x7AF4, 0x82F5, 0x7B14, 0x72F5, 0x5A51, 0x0864, 0x522F, 0x72F6,
    0x72D5, 0x7B15, 0x8336, 0x62D4, 0x5AD4, 0x62F4, 0x5AF4, 0x5AF4, 0x5AF4, 0x62F5, 0x62F5, 0x62D5,
    0x62D5, 0x62D5, 0x62F4, 0x62D3, 0x420F, 0x3A2E, 0x320E, 0x5A73, 0x6A93, 0x72B3, 0x72D4, 0x72B3,
    0x3929, 0x20C5, 0x10A5, 0x08E7, 0x0107, 0x0128, 0x0908, 0x08E7, 0x08E6, 0x00C5, 0x0084, 0x0084,
    0x0084, 0x00A4, 0x00A5, 0x00A5, 0x00A5, 0x00A4, 0x00A4, 0x00A4, 0x00A4, 0x00A4, 0x00A4, 0x00A4,
    0x00A5, 0x00A5, 0x00A5, 0x00A5, 0x00A5, 0x00A5, 0x08A5, 0x18C6, 0x28E7, 0x18C6, 0x0085, 0x00A5,
    0x00A4, 0x00A4, 0x00A4, 0x00A4, 0x00A5, 0x00A4, 0x00A4, 0x00A5, 0x00A5, 0x00A5, 0x00C6, 0x0108,
    0x0908, 0x0929, 0x094A, 0x196B, 0x31AC, 0x59CC, 0x69EC, 0x6A0C, 0x9AF1, 0x9311, 0x8311, 0x6A4F,
    0x620E, 0x622E, 0x41EE, 0x31AD, 0x19AE, 0x198D, 0x198D, 0x2210, 0x2210, 0x21AD, 0x218D, 0x198C,
    0x118B, 0x118A, 0x116A, 0x114A, 0x094A, 0x0949, 0x0949, 0x0949, 0x116A, 0x0949, 0x0949, 0x0949,
    0x0949, 0x0949, 0x116B, 0x118B, 0x118B, 0x118C, 0x198C, 0x198C, 0x216C, 0x218C, 0x49CD, 0x59ED,
    0x51CC, 0x31AC, 0x096A, 0x096A, 0x116A, 0x116A, 0x196B, 0x298C, 0x294B, 0x296B, 0x394C, 0x518C,
    0x51AD, 0x21AD, 0x19AD, 0x19AD, 0x19AD, 0x19AD, 0x19CD, 0x118B, 0x096B, 0x118B, 0x116B, 0x116B,
    0x198C, 0x218D, 0x298D, 0x29AD, 0x318D, 0x31AD, 0x39AD, 0x31AD, 0x298C, 0x318C, 0x39AD, 0x61CE,
    0x79CE, 0x71CD, 0x8A0E, 0x924E, 0x29AD, 0x118D, 0x11AD, 0x19AD, 0x19AD, 0x19AD, 0x19AC, 0x19AC,
    0x218D, 0x29AD, 0x39AE, 0x620F, 0x7210, 0x6A4F, 0x39CD, 0x118C, 0x21CD, 0x21CD, 0x29CD, 0x21AD,
    0x31AD, 0x498E, 0x398D, 0x21AD, 0x19CD, 0x19CD, 0x19CD, 0x19CD, 0x19CE, 0x19CD, 0x21EE, 0x2A0E,
    0x4230, 0x4230, 0x4210, 0x6272, 0x6A92, 0x7292, 0x7AB2, 0x7AD2, 0x29EE, 0x11CE, 0x19EE, 0x19CD,
    0x19EE, 0x19CE, 0x21EE, 0x21EE, 0x2A0F, 0x320F, 0x3A10, 0x29CE, 0x19AE, 0x19CE, 0x19CE, 0x19CE,
    0x19AE, 0x19EE, 0x2250, 0x1A10, 0x1A0F, 0x2210, 0x19EF, 0x19CE, 0x19CD, 0x19CD, 0x19CD, 0x19CD,
    0x19CE, 0x21CE, 0x19CE, 0x21CE, 0x29EE, 0x49EF, 0x6210, 0x31EE, 0x21EF, 0x220F, 0x3A0F, 0x4A0F,
    0x5230, 0x4A0F, 0x31EF, 0x320F, 0x3A10, 0x4230, 0x4A50, 0x5A71, 0x4A50, 0x5A92, 0x6AF4, 0x6AF4,
    0x6AF4, 0x6AF4, 0x6314, 0x6314, 0x62F4, 0x62F4, 0x6AF4, 0x6AF4, 0x72D4, 0x72B4, 0x7AF5, 0x9336,
    0xA3D8, 0xA3F9, 0xA419, 0xACDA, 0xAD1B, 0xAD1B, 0xAD1B, 0xB51B, 0xAD1B, 0xAD3A, 0xB53B, 0x9CB9,
    0x83F7, 0x52B4, 0x5294, 0x5274, 0x4A94, 0x4AB4, 0x52B4, 0x52D4, 0x52B4, 0x4AB3, 0x4AB4, 0x4AB3,
    0x4AB4, 0x4AD4, 0x4AB4, 0x4AB4, 0x4AB4, 0x52B4, 0x5AD4, 0x5AD4, 0x5AD4, 0x6AD4, 0x7AF4, 0x6AD4,
    0x62D4, 0x5AF5, 0x5AF5, 0x5AF5, 0x5AF5, 0x62F5, 0x62F5, 0x62F5, 0x62D5, 0x5AD4, 0x62D5, 0x62D5,
    0x6AD5, 0x72F5, 0x7B14, 0x7B15, 0x6291, 0x1085, 0x522F, 0x72F6, 0x72D5, 0x72F5, 0x7B16, 0x6AF5,
    0x62F5, 0x6315, 0x62F4, 0x5AD4, 0x5AF4, 0x5AF4, 0x5AF4, 0x5AF5, 0x62F5, 0x62F5, 0x5271, 0x422F,
    0x6313, 0x4A6F, 0x10E8, 0x5251, 0x6A72, 0x7230, 0x6A30, 0x620E, 0x3948, 0x2107, 0x10A6, 0x08A6,
    0x00C6, 0x08E7, 0x08E7, 0x00E7, 0x08E7, 0x00C5, 0x00A4, 0x00A4, 0x00A4, 0x00A4, 0x00A4, 0x00A4,
    0x00A4, 0x0084, 0x0084, 0x00A4, 0x00A4, 0x00A4, 0x00A4, 0x00A4, 0x00A5, 0x00A5, 0x00A5, 0x00A5,
    0x00A5, 0x00A5, 0x08C6, 0x10C6, 0x28E7, 0x18C6, 0x00A5, 0x00A5, 0x00A5, 0x00A4, 0x00A4, 0x00A5,
    0x00A5, 0x00C5, 0x00C5, 0x00A5, 0x00A5, 0x00C5, 0x0127, 0x0948, 0x0948, 0x0928, 0x0908, 0x196B,
    0x29AC, 0x298B, 0x5A2E, 0x726F, 0x7A4F, 0x726F, 0x726F, 0x7A70, 0x92B1, 0xAB32, 0x92D1, 0x7270,
    0x298D, 0x218D, 0x216C, 0x31EE, 0x39EF, 0x29CD, 0x318E, 0x298C, 0x094A, 0x094A, 0x114A, 0x116A,
    0x116A, 0x0949, 0x0949, 0x0949, 0x094A, 0x0949, 0x0949, 0x0949, 0x0949, 0x0949, 0x094A, 0x096A,
    0x116A, 0x118B, 0x118C, 0x116B, 0x196C, 0x218C, 0x31AC, 0x39AC, 0x51ED, 0x39CC, 0x096A, 0x116A,
    0x116B, 0x116A, 0x218C, 0x31AC, 0x414C, 0x396C, 0x316C, 0x59AD, 0x61CD, 0x39CD, 0x29AD, 0x19AD,
    0x19AD, 0x19AD, 0x19CD, 0x118B, 0x118B, 0x118B, 0x116B, 0x118B, 0x198C, 0x29AD, 0x31AD, 0x31AD,
    0x31AD, 0x298C, 0x298C, 0x218C, 0x218C, 0x21AC, 0x218C, 0x41AD, 0x51CD, 0x59ED, 0x820E, 0x9A4F,
    0x298C, 0x118D, 0x19AD, 0x19CD, 0x19CD, 0x19CD, 0x19AD, 0x19AD, 0x198D, 0x21AD, 0x29AE, 0x49CE,
    0x51CE, 0x51EE, 0x29CD, 0x198C, 0x21AD, 0x21AD, 0x21AD, 0x21AD, 0x39CD, 0x7210, 0x49CE, 0x21CD,
    0x21CE, 0x19EE, 0x19EE, 0x19CE, 0x19CE, 0x19CD, 0x21EE, 0x21EE, 0x322F, 0x3230, 0x3A10, 0x4A51,
    0x5A71, 0x5A51, 0x7272, 0x7AB3, 0x39CE, 0x21CE, 0x19CD, 0x19ED, 0x19ED, 0x19CD, 0x19CD, 0x21CE,
    0x21EE, 0x29EF, 0x39EF, 0x29CE, 0x19CE, 0x19CE, 0x19EF, 0x19EF, 0x19CE, 0x19EE, 0x2230, 0x2230,
    0x2230, 0x1A0F, 0x19EF, 0x19CE, 0x19CD, 0x19CD, 0x19CD, 0x19CD, 0x21CE, 0x21CE, 0x19CE, 0x21CE,
    0x21CE, 0x41CE, 0x61EF, 0x39CE, 0x29EE, 0x21EE, 0x320F, 0x39EF, 0x5A30, 0x4A30, 0x39CF, 0x31EF,
    0x320F, 0x3A30, 0x4250, 0x4230, 0x31CE, 0x4A51, 0x6AF3, 0x6AF4, 0x6B15, 0x6B15, 0x6B35, 0x6B35,
    0x6B35, 0x6B35, 0x6B35, 0x6B15, 0x7314, 0x7315, 0x8335, 0x8B35, 0xA3F8, 0xA418, 0x9C58, 0xBDDC,
    0xBE3D, 0xC65D, 0xC67D, 0xC67D, 0xC69D, 0xC6BD, 0xCEBE, 0xB5FB, 0x8CF9, 0x52F3, 0x5B34, 0x6334,
    0x52B4, 0x4AB4, 0x4AB4, 0x4AD4, 0x4AD4, 0x4AB3, 0x4AB4, 0x4AD4, 0x52B4, 0x4AD4, 0x4AB3, 0x4AB3,
    0x4AB4, 0x52B4, 0x52D4, 0x5AD4, 0x5AD4, 0x62D4, 0x6AB4, 0x62D4, 0x62D5, 0x5AF5, 0x5AF5, 0x5AF5,
    0x5AF5, 0x5AD5, 0x62D5, 0x5AD5, 0x5AD5, 0x5AD5, 0x5AF5, 0x62D5, 0x62D5, 0x6AD5, 0x72F4, 0x7B35,
    0x6AB2, 0x20E8, 0x5230, 0x6AD5, 0x72D5, 0x72F5, 0x72F5, 0x6AD4, 0x62D3, 0x62F3, 0x5AF3, 0x62F4,
    0x5AF4, 0x5AF4, 0x5AF4, 0x5AF5, 0x5AD5, 0x6315, 0x298C, 0x10E8, 0x6334, 0x4A2F, 0x0064, 0x31CC,
    0x420E, 0x59AC, 0x416A, 0x3108, 0x10C6, 0x08E6, 0x08E7, 0x00A5, 0x00C5, 0x00C6, 0x00C5, 0x00A5,
    0x00A5, 0x00A4, 0x00A4, 0x00A4, 0x00A4, 0x00A4, 0x00A4, 0x00A4, 0x00A5, 0x0085, 0x0085, 0x00A5,
    0x00A5, 0x00A5, 0x00A6, 0x00C6, 0x00A5, 0x00A5, 0x00A5, 0x00A5, 0x00A5, 0x00A5, 0x00A5, 0x08A6,
    0x20E7, 0x20E7, 0x1927, 0x08C5, 0x00A5, 0x00A5, 0x00C5, 0x00E6, 0x00E7, 0x00E7, 0x00E6, 0x00A5,
    0x00A5, 0x00C5, 0x00C5, 0x00A6, 0x00C6, 0x08C6, 0x00C7, 0x1949, 0x29AC, 0x41ED, 0x49EE, 0x4A0E,
    0x51EE, 0x51EE, 0x520E, 0x41AC, 0x620D, 0xAB52, 0xB352, 0xAB72, 0x396C, 0x294B, 0x312A, 0x61CC,
    0x6A0D, 0x318C, 0x394A, 0x3909, 0x1949, 0x1949, 0x1149, 0x0949, 0x094A, 0x116A, 0x094A, 0x0929,
    0x0949, 0x0949, 0x0949, 0x0949, 0x0949, 0x0949, 0x0949, 0x0949, 0x116A, 0x116A, 0x118B, 0x116B,
    0x116B, 0x196B, 0x216C, 0x216C, 0x298B, 0x216B, 0x114B, 0x116B, 0x196B, 0x196B, 0x216B, 0x318C,
    0x51AD, 0x498D, 0x316C, 0x496C, 0x59AC, 0x7A4F, 0x41CD, 0x11AD, 0x19AD, 0x19AD, 0x19AC, 0x118B,
    0x118B, 0x118B, 0x118B, 0x118C, 0x21AC, 0x218C, 0x296C, 0x218C, 0x218C, 0x218C, 0x21AC, 0x218C,
    0x19AC, 0x218C, 0x218C, 0x298C, 0x41AD, 0x6A2F, 0x820E, 0x822E, 0x39AD, 0x21AD, 0x19CD, 0x19CD,
    0x19CD, 0x19CE, 0x19CE, 0x19AD, 0x11AD, 0x19AD, 0x21AD, 0x29AD, 0x39CD, 0x5A0F, 0x31CD, 0x198C,
    0x21AD, 0x21CD, 0x21AD, 0x21AD, 0x39CD, 0x620F, 0x41CD, 0x21CD, 0x21EE, 0x220E, 0x220E, 0x19EE,
    0x19EE, 0x19EE, 0x19EE, 0x19EE, 0x2A0F, 0x2A0F, 0x2A30, 0x3210, 0x3A30, 0x4A50, 0x6A72, 0x7A93,
    0x5230, 0x3A0F, 0x19CD, 0x19ED, 0x19CD, 0x19CD, 0x19CD, 0x21CE, 0x21EE, 0x29EF, 0x31EF, 0x21CE,
    0x19CE, 0x19CF, 0x1A30, 0x2230, 0x19EE, 0x19EE, 0x19CE, 0x1A0F, 0x2230, 0x2230, 0x19EF, 0x19AE,
    0x19CE, 0x19CE, 0x19CD, 0x19CD, 0x21CE, 0x21CE, 0x19CE, 0x21CE, 0x21AE, 0x39EF, 0x5210, 0x41EF,
    0x39CE, 0x21CE, 0x29EF, 0x2A0F, 0x3A0F, 0x420F, 0x41EF, 0x320F, 0x320F, 0x4230, 0x4230, 0x4250,
    0x39EE, 0x4A50, 0x62B2, 0x6B14, 0x7356, 0x7356, 0x7376, 0x7376, 0x7396, 0x7396, 0x7396, 0x7BB6,
    0x83B6, 0x8BF7, 0x93D7, 0x9BD7, 0xAC18, 0xAC98, 0xB519, 0xA538, 0xA538, 0xAD39, 0xA518, 0xA518,
    0xAD59, 0xA579, 0xAD99, 0xA57A, 0x9538, 0x6C14, 0x84B7, 0x8CF8, 0x52F4, 0x42B4, 0x4AD4, 0x4AD4,
    0x4AD4, 0x4AD4, 0x4AD4, 0x52D4, 0x52D4, 0x4AD4, 0x4AD4, 0x42D4, 0x4AB4, 0x52B4, 0x52B4, 0x5AB4,
    0x5AB4, 0x5AD4, 0x62D4, 0x62D4, 0x62F5, 0x5AF5, 0x5AF5, 0x5AF5, 0x5AF5, 0x5AF5, 0x5AF5, 0x5AD4,
    0x5AD4, 0x5AF5, 0x5AF4, 0x5AD5, 0x5AD5, 0x62D5, 0x6AD5, 0x7335, 0x6AD3, 0x39AC, 0x5A71, 0x6AD5,
    0x72D5, 0x72D5, 0x6AF4, 0x5251, 0x4A0E, 0x39CD, 0x5291, 0x6314, 0x5AF3, 0x5AF4, 0x6315, 0x5AF5,
    0x5AD4, 0x52D3, 0x218B, 0x10E8, 0x4A91, 0x31EC, 0x00A4, 0x08E7, 0x1108, 0x3149, 0x1908, 0x08C6,
    0x10E8, 0x08E7, 0x00C6, 0x00A5, 0x0085, 0x0084, 0x00A4, 0x00A4, 0x00A5, 0x0084, 0x0084, 0x00A4,
    0x00A4, 0x00A4, 0x00A4, 0x00A5, 0x00A6, 0x00C6, 0x00C6, 0x00C6, 0x00C7, 0x00C7, 0x0907, 0x0928,
    0x00A5, 0x00A5, 0x00A5, 0x00A5, 0x00A5, 0x00A5, 0x00A5, 0x08A5, 0x20E7, 0x2107, 0x1928, 0x00C5,
    0x00A4, 0x00A4, 0x08E7, 0x0948, 0x0949, 0x0928, 0x00E8, 0x00C7, 0x00C6, 0x00C6, 0x00C6, 0x00E6,
    0x00C6, 0x1129, 0x19AB, 0x29AC, 0x31CD, 0x39CC, 0x398C, 0x396B, 0x396B, 0x396B, 0x398C, 0x396B,
    0x51CD, 0x824F, 0x824E, 0x824E, 0x416A, 0x51AB, 0x71CC, 0x79EB, 0x71AC, 0x494A, 0x69AB, 0x81CB,
    0x61EB, 0x41AB, 0x0908, 0x1149, 0x0969, 0x116B, 0x114A, 0x094A, 0x094A, 0x096A, 0x0969, 0x0949,
    0x0949, 0x0949, 0x0969, 0x0969, 0x094A, 0x094A, 0x116A, 0x118B, 0x118B, 0x116B, 0x196C, 0x198C,
    0x196C, 0x196C, 0x194B, 0x196B, 0x198B, 0x198B, 0x298C, 0x39AC, 0x49AD, 0x496C, 0x394C, 0x418C,
    0x51AC, 0x71CD, 0x39AD, 0x198D, 0x19AD, 0x11AC, 0x118C, 0x116B, 0x116B, 0x116B, 0x118B, 0x118B,
    0x198C, 0x198C, 0x21AD, 0x198D, 0x198C, 0x19AD, 0x19AD, 0x21AD, 0x19AD, 0x218C, 0x218C, 0x218D,
    0x298C, 0x418D, 0x61EE, 0x7A0F, 0x5A2F, 0x41EF, 0x11CD, 0x19CE, 0x19CE, 0x19EE, 0x19CE, 0x19AD,
    0x19AD, 0x19AD, 0x19AD, 0x21AD, 0x31AE, 0x59CE, 0x39CE, 0x29CE, 0x21CD, 0x21CD, 0x21AC, 0x39AD,
    0x39CD, 0x31AD, 0x29CD, 0x21EE, 0x222F, 0x2A4F, 0x2A4F, 0x2A50, 0x2230, 0x19EE, 0x19CE, 0x19CE,
    0x220F, 0x220F, 0x220F, 0x2A2F, 0x3A30, 0x5271, 0x6A92, 0x72B3, 0x6292, 0x4A50, 0x19CD, 0x19EE,
    0x19EE, 0x19CE, 0x21CE, 0x21CE, 0x21CE, 0x29EE, 0x29EF, 0x21EE, 0x19EF, 0x19EF, 0x2230, 0x2250,
    0x220F, 0x1A0F, 0x19EE, 0x222F, 0x2230, 0x2230, 0x19EE, 0x19CE, 0x19CE, 0x19CE, 0x19CE, 0x19CE,
    0x21CE, 0x21CE, 0x19CE, 0x19CE, 0x19CE, 0x29AE, 0x39CE, 0x4A0F, 0x4A0F, 0x21CE, 0x21EE, 0x2A0F,
    0x2A0F, 0x3A0E, 0x3A0F, 0x3A2F, 0x422F, 0x5A51, 0x4A0F, 0x41CE, 0x6271, 0x5A50, 0x420F, 0x62F3,
    0x6B55, 0x6B35, 0x6B35, 0x6B55, 0x6B56, 0x6B75, 0x6B55, 0x7355, 0x7B75, 0x83D6, 0x8375, 0x8B54,
    0x9BD6, 0xB4F9, 0xCE5D, 0xBE1B, 0xBDFB, 0xB5BA, 0xB5DB, 0xB5FB, 0xB5FB, 0xB61B, 0xB63B, 0xBE9C,
    0xC6FC, 0xCF5D, 0x84D5, 0x5B50, 0x4AD4, 0x4AD4, 0x4AD3, 0x4AF4, 0x4AD4, 0x4AD3, 0x4AB4, 0x4AB4,
    0x4AD4, 0x4AD3, 0x4AB3, 0x4AD3, 0x4AD3, 0x52D4, 0x52D4, 0x5AD4, 0x5AB4, 0x5AD4, 0x62D4, 0x62D4,
    0x62F5, 0x5AF5, 0x5AF5, 0x5AF5, 0x5AF5, 0x5AF5, 0x5AF5, 0x5AF5, 0x5AF5, 0x5AF5, 0x5AF5, 0x5AD5,
    0x5AF5, 0x5AD4, 0x62B4, 0x6AF4, 0x6AF4, 0x62D2, 0x6AD4, 0x6AD5, 0x6AD4, 0x6AD4, 0x6AD3, 0x5A70,
    0x41CC, 0x1067, 0x41EF, 0x6335, 0x6334, 0x5AF3, 0x4A73, 0x5AD4, 0x4AB2, 0x118C, 0x116B, 0x112A,
    0x08C7, 0x08C6, 0x00C6, 0x0928, 0x0927, 0x00C5, 0x00C5, 0x00C6, 0x00A6, 0x00C6, 0x00A5, 0x00A5,
    0x00A5, 0x00A4, 0x0084, 0x00A4, 0x00A4, 0x00A4, 0x00A4, 0x00A4, 0x00A4, 0x0084, 0x08C5, 0x08E7,
    0x0908, 0x0928, 0x0949, 0x0949, 0x0929, 0x0929, 0x0949, 0x0949, 0x00A5, 0x00A5, 0x00A5, 0x00A5,
    0x00A5, 0x00A5, 0x00A5, 0x00A5, 0x10A5, 0x10C6, 0x1928, 0x00C5, 0x00A4, 0x00A4, 0x00A5, 0x00C6,
    0x00E7, 0x0128, 0x096A, 0x094A, 0x094A, 0x096A, 0x096A, 0x094A, 0x094A, 0x094A, 0x094A, 0x114A,
    0x216B, 0x41AC, 0x396A, 0x316B, 0x396B, 0x396A, 0x318B, 0x316B, 0x416B, 0x59CD, 0x59AC, 0x618B,
    0x4927, 0x5128, 0x6149, 0x696A, 0x718A, 0x81AA, 0x89CA, 0x81CB, 0x4107, 0x3928, 0x296A, 0x1129,
    0x0949, 0x116A, 0x096A, 0x094A, 0x094A, 0x114A, 0x116A, 0x114A, 0x094A, 0x094A, 0x114A, 0x114A,
    0x094A, 0x096A, 0x116A, 0x116A, 0x116A, 0x116B, 0x196B, 0x198B, 0x198B, 0x196C, 0x196C, 0x198B,
    0x198C, 0x198B, 0x218B, 0x298B, 0x316C, 0x41AD, 0x59CE, 0x416C, 0x396B, 0x51AC, 0x31AD, 0x198C,
    0x11AC, 0x198C, 0x212B, 0x196B, 0x196B, 0x116B, 0x116B, 0x118B, 0x198C, 0x198C, 0x198C, 0x198C,
    0x198C, 0x19AD, 0x19AD, 0x19AC, 0x19AD, 0x198C, 0x198C, 0x218C, 0x298D, 0x49EE, 0x51CD, 0x51AD,
    0x416C, 0x318C, 0x19AD, 0x19EE, 0x19EE, 0x19EE, 0x21EE, 0x19EE, 0x19CD, 0x19CD, 0x19AD, 0x21AD,
    0x29AD, 0x520F, 0x31CD, 0x218D, 0x19AD, 0x19AC, 0x198C, 0x49AE, 0x49CE, 0x318D, 0x29AD, 0x21ED,
    0x220F, 0x222F, 0x2250, 0x2A70, 0x2A70, 0x222F, 0x21EE, 0x19EE, 0x220E, 0x220F, 0x220F, 0x2A50,
    0x3230, 0x320F, 0x4230, 0x4A50, 0x39EF, 0x29CE, 0x19EE, 0x19EE, 0x19EE, 0x21CE, 0x29EF, 0x29EF,
    0x29EF, 0x29EF, 0x21EE, 0x220F, 0x2230, 0x2230, 0x1A0F, 0x220F, 0x2210, 0x220F, 0x19EF, 0x2230,
    0x2230, 0x220F, 0x19EE, 0x19CE, 0x19CE, 0x19CE, 0x19CE, 0x19CE, 0x19CE, 0x19CE, 0x19CE, 0x19CE,
    0x19CE, 0x21CE, 0x29CE, 0x39CE, 0x39EF, 0x21EE, 0x220E, 0x21EE, 0x29EF, 0x2A0E, 0x320F, 0x4250,
    0x4230, 0x39CE, 0x31EF, 0x31EE, 0x4A2F, 0x420F, 0x39EE, 0x5292, 0x62F3, 0x6B34, 0x6B55, 0x6355,
    0x6B75, 0x73B6, 0x8437, 0x8C77, 0x94B8, 0xA519, 0xAD19, 0xB539, 0xBD7A, 0xC5DB, 0xBE7C, 0xC69D,
    0xCE9D, 0xD6DD, 0xD6FD, 0xD6FD, 0xCEDD, 0xCEFD, 0xCEFC, 0xDF9D, 0xE7DD, 0xE7DE, 0xD73C, 0xC6BB,
    0x6354, 0x4AB3, 0x52D4, 0x52F4, 0x52F4, 0x4AD4, 0x4AD4, 0x42B4, 0x4AD4, 0x4AD4, 0x4AB3, 0x4AD4,
    0x4AD4, 0x4AD4, 0x52D4, 0x5AD4, 0x5AD4, 0x5AD4, 0x62D4, 0x62D5, 0x62F5, 0x5AF5, 0x5AF5, 0x5AF5,
    0x5AF5, 0x5AF5, 0x5AF5, 0x5AF5, 0x5AF5, 0x5AF5, 0x5AF5, 0x5AF5, 0x5AF4, 0x5AD5, 0x62D5, 0x62F5,
    0x62F4, 0x62D4, 0x62D5, 0x62D5, 0x6292, 0x41CE, 0x1886, 0x20A7, 0x314B, 0x52B2, 0x5B13, 0x6354,
    0x294D, 0x4210, 0x6315, 0x320F, 0x118C, 0x098B, 0x0929, 0x0108, 0x00A5, 0x00A4, 0x00A6, 0x00C6,
    0x00E6, 0x00C6, 0x0107, 0x0908, 0x08E7, 0x00C5, 0x0084, 0x00A4, 0x00A5, 0x00A5, 0x0084, 0x0084,
    0x0084, 0x00A5, 0x0084, 0x0084, 0x0084, 0x0085, 0x08C6, 0x08E7, 0x00C7, 0x0108, 0x0949, 0x014A,
    0x014A, 0x094A, 0x0928, 0x08E7, 0x00A5, 0x00A5, 0x00A5, 0x00A5, 0x00C5, 0x00C5, 0x00A5, 0x00A5,
    0x00A5, 0x08E6, 0x1948, 0x08C5, 0x00A4, 0x08A5, 0x00A4, 0x00A4, 0x00A5, 0x00E6, 0x08E8, 0x0107,
    0x0107, 0x0107, 0x0949, 0x098B, 0x098B, 0x096A, 0x0929, 0x1929, 0x3149, 0x618A, 0x3129, 0x1909,
    0x2909, 0x3109, 0x3129, 0x398B, 0x49AB, 0x51AC, 0x498A, 0x5148, 0x4928, 0x4907, 0x48E7, 0x5128,
    0x6148, 0x7128, 0x6128, 0x6169, 0x79CA, 0x6169, 0x30E7, 0x1929, 0x0929, 0x0949, 0x094A, 0x116A,
    0x0929, 0x114A, 0x196B, 0x114A, 0x114A, 0x114A, 0x194A, 0x194A, 0x114A, 0x114A, 0x094A, 0x094A,
    0x096A, 0x096A, 0x116A, 0x196B, 0x196B, 0x196C, 0x196C, 0x198B, 0x198B, 0x196B, 0x196B, 0x196B,
    0x218B, 0x318C, 0x418C, 0x318C, 0x298C, 0x398C, 0x298C, 0x298C, 0x198C, 0x39AD, 0x720E, 0x294A,
    0x112A, 0x116B, 0x114B, 0x118B, 0x118C, 0x198C, 0x19AC, 0x118C, 0x11AC, 0x19AD, 0x19AD, 0x19AC,
    0x19AC, 0x198C, 0x198C, 0x198C, 0x218C, 0x39AD, 0x49CD, 0x51AE, 0x618D, 0x49AD, 0x19AD, 0x19CE,
    0x19CE, 0x19CE, 0x220E, 0x220F, 0x19CD, 0x19CD, 0x11AD, 0x19AD, 0x21AD, 0x49CE, 0x29AD, 0x198D,
    0x11AC, 0x11AC, 0x11AC, 0x318D, 0x49AE, 0x6A4F, 0x5A0E, 0x420E, 0x222F, 0x1A50, 0x2A91, 0x2270,
    0x2A70, 0x2A90, 0x222F, 0x19EE, 0x19EE, 0x1A0F, 0x222F, 0x222F, 0x2230, 0x222F, 0x3250, 0x3A50,
    0x2A0F, 0x29EF, 0x222F, 0x19EE, 0x19EE, 0x19EE, 0x21EE, 0x2A0F, 0x3A10, 0x31EF, 0x21CE, 0x1A0E,
    0x1A30, 0x2250, 0x1A30, 0x1A10, 0x2210, 0x220F, 0x19EE, 0x1A0F, 0x19EF, 0x19CE, 0x19CE, 0x19CE,
    0x19AD, 0x19AD, 0x19AD, 0x19AD, 0x19CD, 0x19CE, 0x19CE, 0x19CE, 0x19CE, 0x21CE, 0x19CE, 0x29AE,
    0x29AE, 0x19CE, 0x19CD, 0x19CD, 0x19CE, 0x19CE, 0x21CE, 0x2A0F, 0x2A0F, 0x21EE, 0x21EF, 0x29EE,
    0x31EE, 0x29EE, 0x2A0E, 0x320F, 0x3A0F, 0x422F, 0x4A71, 0x52D2, 0x73D6, 0x7BF6, 0x8437, 0x8C37,
    0x9457, 0x9C76, 0xA497, 0xB4B8, 0xBD19, 0xBD7A, 0xC5DA, 0xC5DA, 0xC5FB, 0xCE1B, 0xC65C, 0xC67C,
    0xC67C, 0xD73D, 0xEFDF, 0xEFDE, 0xEFDE, 0xEFBE, 0xF7FE, 0xEFDE, 0x5B52, 0x4252, 0x4A93, 0x4A93,
    0x4293, 0x4293, 0x4293, 0x3A72, 0x3A93, 0x4293, 0x4293, 0x4293, 0x4293, 0x4293, 0x4A93, 0x4AB4,
    0x4A94, 0x52B4, 0x52B4, 0x52B4, 0x52B4, 0x5AB4, 0x5AD4, 0x5AD4, 0x5AD4, 0x52D4, 0x52D4, 0x5AD4,
    0x5AD4, 0x5AB4, 0x5AB4, 0x5AD4, 0x52D4, 0x5AD4, 0x5AD4, 0x6335, 0x6B14, 0x5AB4, 0x5AB4, 0x5A93,
    0x6AF3, 0x41EC, 0x0843, 0x292A, 0x39CF, 0x5B15, 0x3A0F, 0x294B, 0x5293, 0x5AF3, 0x6354, 0x21CC,
    0x0108, 0x00E8, 0x00E7, 0x00C6, 0x0928, 0x0928, 0x0949, 0x0949, 0x094A, 0x094B, 0x094A, 0x0949,
    0x00E6, 0x00A5, 0x0084, 0x00A4, 0x00A4, 0x0084, 0x00C6, 0x00E7, 0x0908, 0x0128, 0x0928, 0x0928,
    0x0928, 0x0929, 0x0929, 0x0949, 0x0929, 0x0929, 0x0129, 0x0949, 0x0929, 0x00E8, 0x00E7, 0x00C6,
    0x00A5, 0x00A5, 0x00A5, 0x00A5, 0x00A5, 0x08C5, 0x00A5, 0x00A5, 0x00A5, 0x08C5, 0x1106, 0x08E6,
    0x10E7, 0x20E7, 0x20E7, 0x1907, 0x00C5, 0x00A5, 0x00A5, 0x00A5, 0x00A5, 0x00A5, 0x00E7, 0x08E8,
    0x0907, 0x10E7, 0x10E6, 0x1907, 0x28E7, 0x4908, 0x3948, 0x3149, 0x3928, 0x4128, 0x4949, 0x4969,
    0x4969, 0x4969, 0x4127, 0x38E6, 0x4907, 0x40E6, 0x30E6, 0x40E6, 0x40E6, 0x5948, 0x5929, 0x6169,
    0x89AA, 0x79A9, 0x6189, 0x2108, 0x0908, 0x1128, 0x0949, 0x116A, 0x094A, 0x114A, 0x196B, 0x196B,
    0x196B, 0x196B, 0x196B, 0x216B, 0x214B, 0x114A, 0x094A, 0x096A, 0x096A, 0x096A, 0x096A, 0x116A,
    0x198B, 0x198B, 0x198B, 0x198B, 0x196A, 0x116A, 0x116A, 0x116A, 0x198B, 0x218B, 0x218B, 0x298C,
    0x296C, 0x298C, 0x298C, 0x318D, 0x41AD, 0x59CD, 0x8A0D, 0x71CC, 0x59AC, 0x29AC, 0x296C, 0x216B,
    0x198C, 0x198C, 0x19AC, 0x11AC, 0x11AC, 0x19AD, 0x19AD, 0x11AC, 0x11AC, 0x198C, 0x198C, 0x198C,
    0x218C, 0x218C, 0x41AD, 0x51EE, 0x81ED, 0x61CD, 0x298D, 0x21AE, 0x19AD, 0x19CE, 0x19EE, 0x19EE,
    0x19EE, 0x19CE, 0x11AD, 0x19AD, 0x21AD, 0x418E, 0x298D, 0x198D, 0x11CC, 0x11AC, 0x19AC, 0x218C,
    0x39AD, 0x59EF, 0x5A0F, 0x4A50, 0x220F, 0x1A30, 0x2270, 0x2A71, 0x2A71, 0x2A91, 0x2250, 0x1A0F,
    0x19EE, 0x1A0E, 0x220F, 0x220F, 0x222F, 0x222F, 0x3A50, 0x4270, 0x2A2F, 0x3230, 0x4230, 0x29EE,
    0x19ED, 0x19EE, 0x220E, 0x220F, 0x320F, 0x31EF, 0x31EE, 0x220F, 0x220F, 0x3291, 0x2A91, 0x3292,
    0x32D2, 0x32D2, 0x3292, 0x32B2, 0x3AD3, 0x3AD3, 0x3AF3, 0x3AD3, 0x32D2, 0x32B2, 0x32B1, 0x2A91,
    0x2A91, 0x2A70, 0x2A50, 0x222F, 0x220F, 0x2A0F, 0x2A0F, 0x3A50, 0x3A91, 0x3A91, 0x42F2, 0x4B13,
    0x4B33, 0x4B13, 0x4B13, 0x3230, 0x2A0F, 0x2A0F, 0x29EF, 0x29EF, 0x29CE, 0x29EE, 0x29EE, 0x29EE,
    0x3230, 0x52D3, 0x5AF3, 0x5B33, 0x7BD6, 0x83D6, 0x8BF6, 0x93D6, 0x9BD6, 0x9BB6, 0xA3D6, 0xAC16,
    0xBCB8, 0xC518, 0xCD59, 0xCD79, 0xC579, 0xC579, 0xBDFA, 0xBE5A, 0xC6DC, 0xCF1C, 0xD75C, 0xCF5B,
    0xCF5B, 0xCF3B, 0xCF1B, 0xCEFB, 0x7C97, 0x6C17, 0x6C17, 0x7417, 0x6C17, 0x6C17, 0x6C17, 0x6C17,
    0x7438, 0x7438, 0x6C17, 0x6C17, 0x6BF7, 0x7417, 0x7417, 0x7417, 0x7C17, 0x7417, 0x73F7, 0x73D7,
    0x73D7, 0x73D7, 0x73D7, 0x7BD7, 0x7BD7, 0x73F7, 0x73F7, 0x73D7, 0x73D7, 0x73D7, 0x73D7, 0x73D7,
    0x7BF7, 0x7BD7, 0x83D7, 0x524F, 0x4A4F, 0x7BB8, 0x73B7, 0x7376, 0x83B5, 0x5A6D, 0x0862, 0x6353,
    0x6374, 0x3A0E, 0x422F, 0x4A2F, 0x422F, 0x320E, 0x31ED, 0x1148, 0x00C6, 0x08E6, 0x00E7, 0x0908,
    0x096A, 0x096A, 0x098B, 0x096A, 0x0149, 0x0129, 0x0108, 0x00E7, 0x00A5, 0x0084, 0x00A4, 0x00A4,
    0x00A4, 0x0084, 0x00E7, 0x0929, 0x096A, 0x096B, 0x096B, 0x096B, 0x096B, 0x096B, 0x096B, 0x096B,
    0x096B, 0x094A, 0x0108, 0x0908, 0x0907, 0x00E7, 0x0107, 0x0908, 0x00A5, 0x00A5, 0x00A5, 0x00A5,
    0x00A5, 0x08C5, 0x00A5, 0x00A5, 0x00A5, 0x00A5, 0x00A5, 0x0907, 0x1928, 0x2908, 0x3129, 0x2969,
    0x08A5, 0x00A5, 0x00A5, 0x00A5, 0x00A6, 0x0085, 0x00A5, 0x0085, 0x08A5, 0x08A4, 0x10A4, 0x20C5,
    0x28E6, 0x28C6, 0x4149, 0x598A, 0x5148, 0x5168, 0x5969, 0x4927, 0x4107, 0x3106, 0x30C6, 0x30A6,
    0x38E6, 0x38E6, 0x3106, 0x28C6, 0x30E6, 0x6189, 0x6989, 0x718A, 0x6148, 0x7189, 0x9A0B, 0x3928,
    0x1907, 0x0929, 0x0929, 0x0949, 0x1169, 0x116A, 0x116A, 0x216B, 0x216B, 0x196B, 0x216B, 0x216B,
    0x296C, 0x196B, 0x094A, 0x114A, 0x096A, 0x096A, 0x096A, 0x118A, 0x118B, 0x198B, 0x198B, 0x118B,
    0x118A, 0x116A, 0x116A, 0x116A, 0x116B, 0x196B, 0x21AC, 0x298B, 0x316B, 0x396C, 0x396B, 0x398C,
    0x61ED, 0x61CD, 0x61AB, 0x922E, 0x8A0E, 0x41AC, 0x418C, 0x318B, 0x318B, 0x218C, 0x11AD, 0x118C,
    0x11AC, 0x19AD, 0x19AD, 0x11AC, 0x11AC, 0x198C, 0x198C, 0x19AC, 0x218C, 0x216C, 0x41AD, 0x51CD,
    0x71ED, 0x69AD, 0x598E, 0x318D, 0x21AD, 0x19CD, 0x19CE, 0x19EE, 0x19EE, 0x19CE, 0x11AD, 0x19AD,
    0x21CD, 0x39AE, 0x298D, 0x198D, 0x11CC, 0x11AC, 0x19AC, 0x19AC, 0x21AC, 0x296C, 0x41CE, 0x4A50,
    0x21EF, 0x1A2F, 0x1A2F, 0x2270, 0x2270, 0x2A70, 0x2250, 0x222F, 0x1A0E, 0x1A0E, 0x19EF, 0x1A0F,
    0x220F, 0x222F, 0x3A70, 0x4291, 0x2A2F, 0x3230, 0x4A51, 0x31EF, 0x29CE, 0x19EE, 0x1A0E, 0x220F,
    0x220F, 0x3230, 0x4230, 0x29EF, 0x2A10, 0x3AD2, 0x3AF2, 0x3AF3, 0x4334, 0x4334, 0x4334, 0x4355,
    0x4B75, 0x53B6, 0x53B6, 0x53B6, 0x4B95, 0x4B75, 0x4354, 0x4333, 0x3B13, 0x32D2, 0x32B1, 0x2A91,
    0x2A70, 0x2A50, 0x3250, 0x4AD2, 0x5313, 0x4B34, 0x5BB6, 0x6C38, 0x6C38, 0x6C37, 0x6C17, 0x3A91,
    0x3230, 0x2A30, 0x2A2F, 0x3230, 0x21EF, 0x29EF, 0x29EF, 0x3250, 0x42B2, 0x73D7, 0x73B6, 0x7395,
    0x8395, 0x8BB5, 0x9BD5, 0xA3D5, 0xABD6, 0xABB6, 0xB3D6, 0xC417, 0xCCB8, 0xCD18, 0xD539, 0xCD59,
    0xCD79, 0xCD9A, 0xCE3A, 0xC6DB, 0xD77D, 0xC71C, 0xBEBA, 0xBEDA, 0xB6D9, 0xBED9, 0xB698, 0xB699,
    0x95BB, 0x8D7B, 0x8D5A, 0x8D7A, 0x8D5B, 0x8D5A, 0x955B, 0x955B, 0x959B, 0x957B, 0x8D5A, 0x957B,
    0x955B, 0x953B, 0x955B, 0x9D5B, 0x955A, 0x953A, 0x94FA, 0x94B9, 0x8C99, 0x8C99, 0x8C99, 0x8CBA,
    0x8CBA, 0x8C9A, 0x8C9A, 0x8CBA, 0x8C99, 0x8C99, 0x8C99, 0x8C99, 0x94FA, 0x949A, 0xA4BA, 0x398A,
    0x314B, 0x947B, 0x8418, 0x83F6, 0x83D4, 0x526C, 0x0862, 0x8C77, 0x8416, 0x2128, 0x5AD1, 0x8395,
    0x08C7, 0x00A6, 0x00E7, 0x00A6, 0x00A5, 0x0907, 0x0929, 0x096A, 0x096A, 0x0949, 0x0929, 0x0928,
    0x00E7, 0x00A6, 0x00A5, 0x0085, 0x0084, 0x0084, 0x00A4, 0x00A4, 0x00A4, 0x00A4, 0x00E7, 0x0909,
    0x0949, 0x094A, 0x094A, 0x0949, 0x094A, 0x094A, 0x094A, 0x096A, 0x094A, 0x092A, 0x00E7, 0x00E7,
    0x0107, 0x0107, 0x0929, 0x092B, 0x00A5, 0x00A5, 0x00A5, 0x00A5, 0x00A5, 0x08C5, 0x00A5, 0x00A5,
    0x00A5, 0x00A5, 0x00A5, 0x00A5, 0x00A5, 0x08A6, 0x08A6, 0x00A6, 0x00A5, 0x00A5, 0x00A5, 0x00C5,
    0x00A4, 0x0884, 0x0884, 0x08A5, 0x20C6, 0x20C6, 0x28E6, 0x3907, 0x4127, 0x5969, 0x5949, 0x5969,
    0x5968, 0x5968, 0x5989, 0x4107, 0x30E6, 0x28C5, 0x20A5, 0x18A5, 0x20C6, 0x28E6, 0x3107, 0x20E6,
    0x20C6, 0x28E6, 0x4106, 0x5127, 0x4127, 0x6148, 0x91CA, 0x89CA, 0x6189, 0x18A7, 0x1908, 0x1149,
    0x0949, 0x0949, 0x114A, 0x196B, 0x216B, 0x196B, 0x216B, 0x214B, 0x296B, 0x196B, 0x114A, 0x114A,
    0x094A, 0x096A, 0x098A, 0x096A, 0x116A, 0x116B, 0x118B, 0x118B, 0x116A, 0x096A, 0x096A, 0x116A,
    0x116A, 0x196B, 0x216B, 0x398C, 0x51AC, 0x61CD, 0x61CD, 0x59CD, 0x316C, 0x31AC, 0x4A0D, 0x496B,
    0x516B, 0x61AE, 0x71CD, 0x79ED, 0x92B0, 0x622E, 0x116B, 0x11AC, 0x19AC, 0x19AD, 0x19AD, 0x11AC,
    0x11AC, 0x198C, 0x198C, 0x19AC, 0x216C, 0x318D, 0x318C, 0x398C, 0x518C, 0x61CD, 0x89EF, 0x720F,
    0x49EE, 0x11AD, 0x19CE, 0x19EE, 0x19CD, 0x11AD, 0x11AD, 0x19AD, 0x21CD, 0x39EE, 0x298D, 0x198D,
    0x11CC, 0x11AC, 0x11AC, 0x19CD, 0x21CD, 0x21CD, 0x41CE, 0x520F, 0x220F, 0x1A0F, 0x1A2F, 0x2250,
    0x2250, 0x2250, 0x2250, 0x222F, 0x1A0E, 0x1A0E, 0x120E, 0x1A2F, 0x1A4F, 0x1A4F, 0x2A70, 0x3290,
    0x3250, 0x2A50, 0x2A50, 0x4230, 0x39EF, 0x19CE, 0x19EE, 0x19EE, 0x1A0F, 0x2A0F, 0x320F, 0x2A30,
    0x2A50, 0x2A70, 0x2250, 0x2A70, 0x2A70, 0x2250, 0x2250, 0x2230, 0x2A51, 0x32B2, 0x3292, 0x2A71,
    0x2A71, 0x2A70, 0x2250, 0x220F, 0x1A0F, 0x1A0F, 0x1A0F, 0x1A0F, 0x1A2F, 0x220F, 0x220F, 0x322F,
    0x3230, 0x3210, 0x3250, 0x3250, 0x3250, 0x2A30, 0x2A0F, 0x3250, 0x3A91, 0x3A92, 0x3A91, 0x3A91,
    0x3A92, 0x3A92, 0x4292, 0x4AD3, 0x5AF3, 0x6314, 0x6B35, 0x7B55, 0x9396, 0x9B95, 0x9BB6, 0xA3B6,
    0xABD5, 0xBC16, 0xC436, 0xD497, 0xD4F7, 0xCD18, 0xC538, 0xCD59, 0xC579, 0xC599, 0xD6FC, 0xEFDE,
    0xE7DD, 0xEFDE, 0xEFDE, 0xEFDD, 0xEFDD, 0xE7DE, 0xDF9E, 0xD75D, 0x5BB4, 0x4B14, 0x5375, 0x5BB5,
    0x5BD4, 0x5394, 0x5374, 0x5374, 0x5373, 0x5394, 0x5394, 0x5395, 0x5395, 0x5374, 0x5394, 0x53B4,
    0x5394, 0x5B74, 0x6335, 0x6B56, 0x6355, 0x5314, 0x5B14, 0x5314, 0x5314, 0x5B15, 0x5B35, 0x5B35,
    0x5B35, 0x5B35, 0x5B34, 0x5B15, 0x5B35, 0x5AF4, 0x6AD5, 0x3127, 0x2107, 0x5316, 0x39AC, 0x30E6,
    0x20A6, 0x18A5, 0x10A4, 0x6313, 0x52D1, 0x10A7, 0x2109, 0x2908, 0x08C5, 0x0108, 0x098A, 0x0108,
    0x00C6, 0x0907, 0x0929, 0x094A, 0x0949, 0x0928, 0x00C6, 0x0908, 0x0908, 0x00A5, 0x00A4, 0x00A4,
    0x0084, 0x00A4, 0x00A4, 0x00A4, 0x00A4, 0x00A4, 0x00E6, 0x0108, 0x00C6, 0x00C6, 0x00E7, 0x00E6,
    0x00C6, 0x00E7, 0x00E7, 0x00E6, 0x00C6, 0x00C6, 0x00C5, 0x08E8, 0x0909, 0x0909, 0x0929, 0x092A,
    0x00A5, 0x00A5, 0x00A5, 0x00A5, 0x00A5, 0x08C5, 0x00A5, 0x00A5, 0x00A5, 0x00A5, 0x00A5, 0x00A5,
    0x00A5, 0x0928, 0x0928, 0x0928, 0x0907, 0x00E6, 0x00A5, 0x0085, 0x10C5, 0x4948, 0x4948, 0x4948,
    0x4968, 0x5148, 0x5148, 0x5169, 0x5169, 0x5969, 0x5948, 0x5948, 0x5968, 0x5968, 0x5148, 0x30C6,
    0x20A6, 0x10C5, 0x10A5, 0x08A4, 0x08A5, 0x1085, 0x10A5, 0x10C5, 0x10C5, 0x10C5, 0x3106, 0x4906,
    0x38E5, 0x5106, 0x7948, 0x81A9, 0x81AA, 0x81CA, 0x4169, 0x0129, 0x0949, 0x094A, 0x196B, 0x116A,
    0x196B, 0x196B, 0x196B, 0x194B, 0x214B, 0x216B, 0x298C, 0x116A, 0x096A, 0x096A, 0x094A, 0x116A,
    0x116A, 0x118A, 0x118B, 0x116A, 0x096A, 0x094A, 0x094A, 0x114A, 0x198B, 0x198B, 0x216C, 0x296C,
    0x396B, 0x414B, 0x318C, 0x29AC, 0x218B, 0x29AC, 0x316C, 0x51ED, 0x61ED, 0x59AC, 0x79ED, 0x922F,
    0x592B, 0x316C, 0x198C, 0x11AC, 0x19AD, 0x11AC, 0x11AC, 0x11AC, 0x11AC, 0x11AD, 0x11AD, 0x19AD,
    0x218D, 0x31AD, 0x318C, 0x29AC, 0x298C, 0x418C, 0x59AD, 0x396C, 0x21AD, 0x19AE, 0x19AD, 0x11CE,
    0x19CE, 0x11AD, 0x11AD, 0x11AD, 0x19AD, 0x31AE, 0x218D, 0x218C, 0x11AC, 0x11CD, 0x220E, 0x11AD,
    0x19AC, 0x198C, 0x318C, 0x418D, 0x21CE, 0x19EF, 0x1A2F, 0x2230, 0x2250, 0x1A50, 0x2250, 0x2A71,
    0x2A91, 0x2A91, 0x2A90, 0x2A90, 0x2AB1, 0x2AB1, 0x3291, 0x3A91, 0x3270, 0x3270, 0x2A4F, 0x42D1,
    0x4332, 0x4B93, 0x4BB3, 0x4BD4, 0x4BF4, 0x5C15, 0x5C15, 0x5C35, 0x5C35, 0x5C36, 0x4B94, 0x3AF2,
    0x2250, 0x2250, 0x2230, 0x2A50, 0x2A51, 0x2A71, 0x32B1, 0x3AB2, 0x2A30, 0x2A30, 0x2A50, 0x222F,
    0x1A0F, 0x1A0F, 0x220F, 0x220F, 0x222F, 0x2A0F, 0x220F, 0x3A50, 0x4230, 0x320F, 0x3250, 0x3270,
    0x3250, 0x3270, 0x3AB1, 0x4B12, 0x5352, 0x5B52, 0x5B52, 0x5353, 0x4AD3, 0x52F3, 0x5AF3, 0x6314,
    0x7335, 0x8356, 0x8356, 0x8B76, 0x9B96, 0x9B96, 0xA3B6, 0xB3F6, 0xBC16, 0xC436, 0xCC76, 0xD4F7,
    0xD4F6, 0xDDB9, 0xDEDC, 0xD6BC, 0xD6FC, 0xDF1C, 0xE77D, 0xE7FE, 0xE7DD, 0xE7FE, 0xE7DE, 0xE7FE,
    0xD75C, 0x9577, 0x8496, 0x7414, 0x5313, 0x4B13, 0x4B13, 0x4B13, 0x4312, 0x4312, 0x4312, 0x42F2,
    0x42F2, 0x4AF3, 0x42F2, 0x42F2, 0x42F2, 0x4312, 0x4B32, 0x4B32, 0x4B32, 0x5333, 0x5B15, 0x6B75,
    0x6B75, 0x5B34, 0x5B54, 0x5B34, 0x5B34, 0x5B34, 0x5B34, 0x5B54, 0x5B55, 0x6375, 0x6395, 0x6375,
    0x6395, 0x6313, 0x6293, 0x2906, 0x20C6, 0x4292, 0x414A, 0x40A5, 0x18C5, 0x10A4, 0x0884, 0x10E9,
    0x110A, 0x0909, 0x08C8, 0x08C7, 0x00C7, 0x00A6, 0x00A6, 0x00A5, 0x00A4, 0x00C6, 0x08E7, 0x0908,
    0x00C7, 0x00C6, 0x00A5, 0x00C5, 0x00C5, 0x00A4, 0x00A4, 0x00A4, 0x00A4, 0x00A4, 0x0084, 0x00E6,
    0x0908, 0x0929, 0x094A, 0x096A, 0x0949, 0x08E7, 0x00A5, 0x0107, 0x0107, 0x00A5, 0x00A5, 0x00A5,
    0x00A5, 0x00A5, 0x00A5, 0x00A5, 0x00A5, 0x00C5, 0x00C5, 0x00C5, 0x00A5, 0x00A5, 0x00A5, 0x00A5,
    0x0084, 0x00A5, 0x00A5, 0x00A5, 0x00A5, 0x00A5, 0x00A5, 0x00A4, 0x00A5, 0x00E5, 0x00E6, 0x00E7,
    0x0949, 0x0949, 0x0928, 0x0907, 0x1907, 0x3907, 0x4949, 0x6169, 0x5948, 0x6148, 0x5928, 0x5148,
    0x5168, 0x5949, 0x5948, 0x5968, 0x5948, 0x4127, 0x30E6, 0x20C6, 0x10A5, 0x00C5, 0x08C5, 0x00A5,
    0x1108, 0x1109, 0x1129, 0x10E7, 0x10C6, 0x08C5, 0x20E6, 0x30E6, 0x28C6, 0x38E6, 0x50E7, 0x7969,
    0x89AA, 0x91EA, 0x4969, 0x00E8, 0x1129, 0x0949, 0x116A, 0x114A, 0x116A, 0x116A, 0x116A, 0x196B,
    0x196B, 0x196A, 0x194A, 0x114A, 0x096A, 0x114A, 0x094A, 0x0949, 0x096A, 0x096A, 0x118B, 0x198B,
    0x118A, 0x096A, 0x116A, 0x116A, 0x116A, 0x198B, 0x218C, 0x216B, 0x216C, 0x296C, 0x216C, 0x218C,
    0x218C, 0x218C, 0x296B, 0x398C, 0x49CC, 0x61CC, 0x69EC, 0x720D, 0x8A2D, 0x59CD, 0x196C, 0x19AC,
    0x11AD, 0x11AC, 0x11AC, 0x11AC, 0x11AC, 0x11AD, 0x11AD, 0x19AD, 0x218D, 0x218C, 0x218C, 0x218D,
    0x218D, 0x318D, 0x398C, 0x59CE, 0x49CE, 0x198D, 0x19AD, 0x19CD, 0x19CE, 0x19CD, 0x19CD, 0x19CE,
    0x19CE, 0x29AE, 0x29EF, 0x320F, 0x3270, 0x3290, 0x3AB1, 0x3A91, 0x4291, 0x4A71, 0x5271, 0x6250,
    0x5291, 0x4A72, 0x3A71, 0x2A50, 0x2250, 0x2250, 0x2A70, 0x2A91, 0x3291, 0x32B1, 0x32B1, 0x3291,
    0x32B1, 0x32B1, 0x3AB1, 0x4AB2, 0x62F3, 0x62D3, 0x4AB1, 0x5AF2, 0x4B12, 0x3311, 0x3311, 0x3332,
    0x3B32, 0x3B72, 0x3B93, 0x3B73, 0x3B53, 0x3B52, 0x32F1, 0x2A91, 0x2A30, 0x2A50, 0x2A50, 0x3291,
    0x3291, 0x2A71, 0x2A71, 0x2A50, 0x220F, 0x220F, 0x220F, 0x19EE, 0x19EF, 0x1A0F, 0x2230, 0x2A50,
    0x3230, 0x3210, 0x2A0F, 0x3A30, 0x3A30, 0x320F, 0x3230, 0x3271, 0x21CF, 0x29F0, 0x3A92, 0x3A92,
    0x42B2, 0x42B2, 0x4AF3, 0x5B14, 0x6B54, 0x7B55, 0x8375, 0x8375, 0x8B76, 0x9396, 0x9395, 0x9395,
    0x9B95, 0xA3B6, 0xABB6, 0xB416, 0xC436, 0xCC35, 0xCCB6, 0xCD17, 0xCD17, 0xCD79, 0xC5FA, 0xC61A,
    0xCE7B, 0xE7DD, 0xE7FD, 0xE7FD, 0xE7FE, 0xE7DE, 0xDF9D, 0xDF9D, 0xBEDB, 0x7C96, 0x63B5, 0x5313,
    0x52F3, 0x4AF3, 0x4AD2, 0x4AF3, 0x4AF3, 0x4AF3, 0x4AF3, 0x4AF3, 0x42D3, 0x4AD3, 0x4AD3, 0x4AD3,
    0x4AD3, 0x4AD3, 0x4AF3, 0x52F4, 0x5314, 0x5B14, 0x5B35, 0x6335, 0x6335, 0x5B14, 0x5314, 0x5314,
    0x5B34, 0x5B34, 0x5B14, 0x5B14, 0x5B13, 0x5B54, 0x6355, 0x5B55, 0x6375, 0x52B0, 0x41EC, 0x20C5,
    0x2083, 0x4949, 0x30C6, 0x20A4, 0x08C4, 0x08A4, 0x00A5, 0x08E8, 0x012A, 0x018B, 0x016B, 0x014A,
    0x092A, 0x092A, 0x0129, 0x0949, 0x0927, 0x00A4, 0x00C5, 0x00C5, 0x00A5, 0x00C7, 0x08E8, 0x08E7,
    0x08C6, 0x00A4, 0x00A4, 0x00A4, 0x00A4, 0x00E6, 0x0929, 0x094A, 0x0949, 0x0107, 0x0949, 0x096B,
    0x1169, 0x0906, 0x00A5, 0x00C6, 0x00C6, 0x00A5, 0x00A5, 0x00A5, 0x00A5, 0x00C6, 0x08E6, 0x08E7,
    0x00C6, 0x0085, 0x08C6, 0x08C7, 0x00A5, 0x00A5, 0x00A4, 0x00A4, 0x0084, 0x0084, 0x00A4, 0x00A4,
    0x00A4, 0x00A4, 0x00A4, 0x0084, 0x00A4, 0x0084, 0x08A6, 0x08E8, 0x096A, 0x096A, 0x1169, 0x08E6,
    0x10E6, 0x2106, 0x3927, 0x5149, 0x4948, 0x4948, 0x5149, 0x3927, 0x3927, 0x5189, 0x5168, 0x5168,
    0x4927, 0x38E7, 0x28C6, 0x10A5, 0x08A5, 0x00C5, 0x00A5, 0x08A6, 0x192A, 0x1929, 0x1128, 0x10E8,
    0x08E7, 0x08C6, 0x10E6, 0x18E5, 0x20C6, 0x28C6, 0x38C6, 0x5927, 0x6168, 0x6949, 0x616A, 0x49AA,
    0x1949, 0x0949, 0x0949, 0x0949, 0x0949, 0x1169, 0x116A, 0x196B, 0x316B, 0x316B, 0x318B, 0x196A,
    0x096A, 0x114A, 0x116A, 0x094A, 0x094A, 0x096A, 0x116A, 0x118B, 0x118B, 0x094A, 0x116A, 0x118A,
    0x116A, 0x116A, 0x198B, 0x218C, 0x218C, 0x218C, 0x216C, 0x218C, 0x218C, 0x218C, 0x218C, 0x214C,
    0x298C, 0x49CD, 0x49AC, 0x598C, 0x9A4E, 0x6A0E, 0x21CD, 0x19CD, 0x11AD, 0x11AC, 0x118C, 0x118C,
    0x118C, 0x11AC, 0x11AC, 0x198C, 0x198C, 0x198C, 0x19AC, 0x19AC, 0x198C, 0x21AC, 0x29AC, 0x69CE,
    0x61CE, 0x296D, 0x21AE, 0x19CE, 0x19AE, 0x19AE, 0x11AD, 0x19CE, 0x21EE, 0x31EF, 0x3210, 0x3A30,
    0x3271, 0x3291, 0x3291, 0x3A91, 0x3A91, 0x4A71, 0x5A91, 0x62B1, 0x4A91, 0x4A92, 0x3A71, 0x3270,
    0x2A70, 0x2A50, 0x2A71, 0x3271, 0x3271, 0x3271, 0x3270, 0x3290, 0x3291, 0x3291, 0x42D1, 0x5AD2,
    0x7313, 0x6AD3, 0x42B1, 0x4A91, 0x3A71, 0x2250, 0x2A50, 0x2A2F, 0x2A50, 0x3270, 0x3291, 0x3291,
    0x3291, 0x2250, 0x2250, 0x2A50, 0x2A50, 0x2A50, 0x2A70, 0x2A71, 0x3271, 0x3271, 0x2A71, 0x2A50,
    0x2A50, 0x3291, 0x3AF2, 0x4312, 0x3B12, 0x32B1, 0x2A91, 0x2A50, 0x3A30, 0x3A30, 0x3A30, 0x3A10,
    0x3A30, 0x3230, 0x3250, 0x3A6F, 0x7C56, 0x8CF8, 0x9539, 0x9539, 0x9539, 0x955A, 0x73F6, 0x5AD3,
    0x7B55, 0x8B75, 0x9B96, 0x9B96, 0x93B6, 0x9BB6, 0x9BB6, 0x9BB6, 0x9BB6, 0xA3B6, 0xB3F5, 0xB415,
    0xC475, 0xCD17, 0xCD78, 0xCDFA, 0xCDFB, 0xC5FA, 0xBDBA, 0xC5DA, 0xCE5B, 0xEFDE, 0xEFDD, 0xEFFD,
    0xEFFE, 0xE7DE, 0xDF9D, 0xE7BD, 0xC6BB, 0x73F5, 0x6375, 0x5314, 0x4AD3, 0x42D3, 0x4AD3, 0x4AF4,
    0x4AF4, 0x4AF4, 0x4AF4, 0x4AD4, 0x4AD4, 0x4AD4, 0x4AD4, 0x4AB4, 0x4AB4, 0x52D4, 0x52D4, 0x52F4,
    0x5AF4, 0x5B15, 0x6335, 0x5B15, 0x5AF4, 0x5AF4, 0x52F4, 0x52F4, 0x5B15, 0x5AF5, 0x5AF5, 0x5AF4,
    0x5AF4, 0x5AF4, 0x5B15, 0x5B36, 0x6336, 0x4A0E, 0x3107, 0x18A4, 0x1082, 0x28A4, 0x08A4, 0x00A4,
    0x0106, 0x0108, 0x0129, 0x0129, 0x0129, 0x0129, 0x0129, 0x0109, 0x0108, 0x0128, 0x0108, 0x0908,
    0x00E7, 0x00A5, 0x00A5, 0x00A5, 0x00A5, 0x00C6, 0x0907, 0x08E6, 0x08C5, 0x00A4, 0x00A4, 0x00A4,
    0x00A5, 0x00C6, 0x0928, 0x0128, 0x0907, 0x00A5, 0x00E6, 0x0928, 0x0907, 0x00E5, 0x00A4, 0x0084,
    0x0084, 0x00A4, 0x00A5, 0x00A5, 0x00C5, 0x00C6, 0x00E6, 0x08E7, 0x08C6, 0x00A5, 0x00C5, 0x08E6,
    0x0084, 0x0084, 0x0084, 0x0084, 0x00A4, 0x00A4, 0x00A4, 0x00A4, 0x00A4, 0x00A4, 0x00A4, 0x00A4,
    0x00A4, 0x00A4, 0x08C6, 0x0107, 0x0907, 0x0907, 0x0906, 0x08A4, 0x08A4, 0x18C5, 0x2907, 0x3928,
    0x3107, 0x3107, 0x3107, 0x28E6, 0x30E6, 0x4168, 0x4948, 0x4948, 0x4108, 0x38E7, 0x28C6, 0x08A5,
    0x00A5, 0x00A5, 0x00A5, 0x00A5, 0x08E8, 0x08C7, 0x00A6, 0x08C6, 0x08C6, 0x08C5, 0x08C5, 0x08C5,
    0x18A5, 0x20A5, 0x30A6, 0x30C6, 0x40E6, 0x6148, 0x6169, 0x618A, 0x1128, 0x0129, 0x0949, 0x0949,
    0x0929, 0x0929, 0x116A, 0x196B, 0x316B, 0x418C, 0x49CD, 0x216A, 0x1169, 0x116A, 0x096A, 0x116A,
    0x096A, 0x116A, 0x116A, 0x116A, 0x116A, 0x094A, 0x116A, 0x116A, 0x118A, 0x116A, 0x116A, 0x198B,
    0x218C, 0x198B, 0x198B, 0x218B, 0x218B, 0x218B, 0x218B, 0x218B, 0x218B, 0x296C, 0x316C, 0x416C,
    0x618C, 0x59AD, 0x4A0E, 0x298D, 0x218C, 0x19AD, 0x19AD, 0x19AD, 0x19AD, 0x11AD, 0x11AD, 0x19AC,
    0x19AD, 0x19AC, 0x19AC, 0x19AC, 0x19AD, 0x21AD, 0x21AD, 0x39AD, 0x41AD, 0x39AD, 0x31CE, 0x320F,
    0x4250, 0x3A4F, 0x3A4F, 0x320F, 0x320F, 0x3A30, 0x31F0, 0x29EF, 0x21EF, 0x220F, 0x220F, 0x220F,
    0x2A0F, 0x2A0F, 0x4210, 0x5250, 0x3230, 0x2A50, 0x2A70, 0x2A71, 0x2A71, 0x2A70, 0x2A71, 0x3271,
    0x3251, 0x3A91, 0x4291, 0x4271, 0x4271, 0x4A71, 0x5AB2, 0x62D2, 0x62B1, 0x4A91, 0x3230, 0x3250,
    0x2A50, 0x2A50, 0x3270, 0x3270, 0x3A71, 0x3A91, 0x4292, 0x42B2, 0x3AB2, 0x2230, 0x2230, 0x2A50,
    0x2A50, 0x2A50, 0x2A70, 0x3271, 0x3271, 0x2A70, 0x3291, 0x3A92, 0x3271, 0x32D1, 0x4332, 0x4B73,
    0x4373, 0x3AF2, 0x3291, 0x2A50, 0x4251, 0x4251, 0x4271, 0x3A50, 0x3A50, 0x3A50, 0x4271, 0x4AB0,
    0x9D19, 0xADBC, 0xADBB, 0xB5FB, 0xADDB, 0xB61B, 0x8C77, 0x6B13, 0x8355, 0x9395, 0x9BB6, 0x9BB6,
    0x9B96, 0x9B96, 0x9B97, 0x9B96, 0x9B96, 0xA3D6, 0xB416, 0xBC35, 0xC4B6, 0xD578, 0xD5B9, 0xD63B,
    0xD67C, 0xD67C, 0xD67C, 0xCE9B, 0xD6DB, 0xEFDE, 0xEFDE, 0xEFDD, 0xEFDD, 0xEFDD, 0xEFDD, 0xEFFE,
    0xC6BC, 0x5B53, 0x5313, 0x4AD3, 0x42B3, 0x42B3, 0x42B3, 0x42D4, 0x4AF4, 0x4AF4, 0x4AD4, 0x42D3,
    0x42B3, 0x4AD4, 0x4AF3, 0x4AD4, 0x4AD4, 0x52F4, 0x5AF4, 0x5B14, 0x62F4, 0x6AF4, 0x6315, 0x5B14,
    0x5B14, 0x5B15, 0x5B15, 0x52F4, 0x4A50, 0x5291, 0x5B15, 0x5B14, 0x6314, 0x5AD3, 0x62F3, 0x5B14,
    0x7396, 0x4A0D, 0x20A4, 0x1083, 0x0864, 0x0085, 0x00A6, 0x00C6, 0x0907, 0x0108, 0x0108, 0x00C6,
    0x00A6, 0x00A5, 0x00C7, 0x0108, 0x00E8, 0x00E7, 0x00E6, 0x00E6, 0x00E6, 0x00E6, 0x00E6, 0x00E6,
    0x00C6, 0x00C4, 0x00A4, 0x00A4, 0x00A4, 0x00A4, 0x0085, 0x00A5, 0x00A6, 0x00A5, 0x00A5, 0x00A5,
    0x0085, 0x0085, 0x00A5, 0x00A6, 0x00A5, 0x00A5, 0x0085, 0x00A4, 0x00A4, 0x00A4, 0x00A5, 0x00A5,
    0x00C5, 0x00C6, 0x08C6, 0x00C5, 0x00A5, 0x00C5, 0x00C5, 0x00C5, 0x0084, 0x0084, 0x0084, 0x0084,
    0x00A4, 0x00A4, 0x0084, 0x0084, 0x0084, 0x00A4, 0x00A4, 0x00A4, 0x00A4, 0x00A4, 0x0084, 0x0084,
    0x00A4, 0x00A5, 0x00A5, 0x00A5, 0x08A5, 0x0084, 0x08C5, 0x18E6, 0x10C5, 0x08A4, 0x0884, 0x20C5,
    0x28E6, 0x28E6, 0x4127, 0x4928, 0x4928, 0x4107, 0x30C5, 0x10C5, 0x08A5, 0x00A4, 0x00A4, 0x00A5,
    0x00A5, 0x00A4, 0x00A5, 0x00A5, 0x00A5, 0x00A5, 0x00A5, 0x08A6, 0x10C6, 0x18C6, 0x28C6, 0x28C6,
    0x3906, 0x698A, 0x5128, 0x3108, 0x296A, 0x194A, 0x0929, 0x1129, 0x1109, 0x0929, 0x094A, 0x116A,
    0x194B, 0x296B, 0x318B, 0x214B, 0x214A, 0x318B, 0x196A, 0x112A, 0x094A, 0x096A, 0x116A, 0x116A,
    0x094A, 0x094A, 0x094A, 0x116A, 0x116A, 0x116A, 0x116A, 0x198B, 0x218C, 0x218C, 0x218C, 0x198B,
    0x218B, 0x218B, 0x218B, 0x218B, 0x218C, 0x218C, 0x218C, 0x296C, 0x518C, 0x61AD, 0x69CD, 0x518C,
    0x418C, 0x218D, 0x19CE, 0x19CE, 0x19CE, 0x19CE, 0x19CE, 0x19CD, 0x19CD, 0x19CD, 0x19CD, 0x21CD,
    0x21CD, 0x21CD, 0x21AE, 0x31AD, 0x31CD, 0x41CE, 0x522F, 0x6270, 0x7B32, 0x7B32, 0x7332, 0x5290,
    0x422F, 0x4A50, 0x3210, 0x2A0F, 0x220F, 0x220F, 0x220F, 0x320F, 0x322F, 0x3230, 0x3A2F, 0x4230,
    0x3251, 0x3271, 0x2A91, 0x2A71, 0x2A71, 0x2A91, 0x2A71, 0x3271, 0x3A71, 0x4AB2, 0x5AD3, 0x5A92,
    0x62B2, 0x6AD3, 0x72D3, 0x72B3, 0x5A91, 0x4271, 0x2A51, 0x2A51, 0x2A51, 0x2A50, 0x3291, 0x3AB2,
    0x3A92, 0x3AB2, 0x42B2, 0x42B2, 0x3A92, 0x2A50, 0x2A50, 0x2A50, 0x2A50, 0x2A50, 0x2A10, 0x3AB2,
    0x32B2, 0x2A50, 0x3271, 0x3AB2, 0x2A50, 0x222F, 0x1A0E, 0x1A0E, 0x222F, 0x3250, 0x3250, 0x3A51,
    0x4A71, 0x4A91, 0x4A91, 0x4A71, 0x4A71, 0x4271, 0x4A71, 0x4A91, 0x4210, 0x4A31, 0x5A71, 0x5271,
    0x5291, 0x5AB2, 0x6B34, 0x7BB5, 0x9416, 0x9C36, 0xA457, 0xA417, 0xA437, 0xA437, 0xA457, 0xA477,
    0xA477, 0xAC97, 0xBCB7, 0xC4F8, 0xCD17, 0xD4D6, 0xD537, 0xD5D9, 0xD61A, 0xDE3B, 0xDE9C, 0xDF1C,
    0xDF5C, 0xEFFE, 0xEFDD, 0xE79D, 0xE7BD, 0xE7BD, 0xE7BD, 0xDF9D, 0xBE7B, 0x6BD5, 0x6BB5, 0x6394,
    0x5B74, 0x5374, 0x5354, 0x5334, 0x5314, 0x5315, 0x5314, 0x4B14, 0x52F4, 0x52F4, 0x5314, 0x52F4,
    0x52F4, 0x5AF4, 0x5AD4, 0x5AD3, 0x7315, 0x7315, 0x6B15, 0x5AF4, 0x52F4, 0x5AF5, 0x5AF5, 0x52F3,
    0x298C, 0x41CD, 0x52B1, 0x5291, 0x5A71, 0x5AB1, 0x4A2E, 0x420C, 0x7333, 0x41ED, 0x08C5, 0x10C6,
    0x08C6, 0x08E8, 0x00E8, 0x00E7, 0x00C6, 0x00A6, 0x00C6, 0x00C6, 0x00C7, 0x00E7, 0x0129, 0x096A,
    0x0969, 0x0949, 0x0949, 0x094A, 0x096A, 0x094A, 0x094A, 0x0949, 0x0928, 0x0107, 0x00E6, 0x00C6,
    0x00C6, 0x00C6, 0x00C5, 0x00E6, 0x00E6, 0x00E6, 0x00C6, 0x00C6, 0x00C5, 0x00C5, 0x00C6, 0x00C6,
    0x00E6, 0x00C6, 0x00C7, 0x00E7, 0x00E7, 0x00E7, 0x00E7, 0x00C7, 0x00E7, 0x00E7, 0x0108, 0x0108,
    0x0108, 0x0108, 0x0108, 0x0108, 0x0084, 0x0084, 0x0084, 0x0084, 0x00A4, 0x00A4, 0x0084, 0x0084,
    0x0084, 0x00A4, 0x00A4, 0x00A4, 0x00A4, 0x0084, 0x00A4, 0x00A4, 0x00A4, 0x00A4, 0x00A4, 0x00A4,
    0x00A4, 0x00A5, 0x00A5, 0x00A4, 0x00A4, 0x00A4, 0x08A4, 0x10A4, 0x18A4, 0x10A4, 0x3106, 0x4107,
    0x30E6, 0x38E6, 0x4907, 0x30E7, 0x18E6, 0x00A4, 0x00A4, 0x00A4, 0x00A4, 0x00A4, 0x00A5, 0x00A5,
    0x00A5, 0x00A5, 0x00A5, 0x08C5, 0x08C6, 0x10C6, 0x18C6, 0x20E7, 0x2907, 0x3907, 0x69CB, 0x9AAF,
    0x8A8F, 0x6A2D, 0x396A, 0x2949, 0x1929, 0x1149, 0x094A, 0x114A, 0x114A, 0x194A, 0x194A, 0x192A,
    0x294B, 0x41AC, 0x316B, 0x294A, 0x114A, 0x094A, 0x094A, 0x114A, 0x114A, 0x114A, 0x094A, 0x094A,
    0x114A, 0x114A, 0x116A, 0x196B, 0x296C, 0x496C, 0x296B, 0x196B, 0x198C, 0x198C, 0x218B, 0x218B,
    0x218C, 0x218C, 0x198C, 0x298C, 0x49CD, 0x61ED, 0x7A0E, 0x8A0D, 0x81EE, 0x31AD, 0x21CE, 0x19AE,
    0x19CE, 0x11CE, 0x19CE, 0x19CD, 0x19CD, 0x19CE, 0x11CD, 0x19CE, 0x21CE, 0x21CD, 0x29CD, 0x41CE,
    0x520E, 0x5A50, 0x6270, 0x62B0, 0x72D1, 0x6AD1, 0x62B1, 0x4A4F, 0x420F, 0x5271, 0x3230, 0x220F,
    0x220F, 0x220F, 0x220F, 0x2A30, 0x3250, 0x3250, 0x3250, 0x2A30, 0x2A91, 0x2A70, 0x2A50, 0x2A91,
    0x2A70, 0x2250, 0x2A70, 0x3271, 0x4292, 0x4A92, 0x5A92, 0x6AB3, 0x72D3, 0x72F4, 0x7B14, 0x7B35,
    0x52D2, 0x42B1, 0x2A50, 0x2A71, 0x2A71, 0x2A71, 0x3291, 0x42B2, 0x42B3, 0x42B3, 0x42B3, 0x3271,
    0x2A50, 0x2250, 0x2A70, 0x3271, 0x3291, 0x2A51, 0x2A30, 0x3291, 0x3291, 0x2A50, 0x3271, 0x42B2,
    0x2A50, 0x2250, 0x222F, 0x2A50, 0x3250, 0x3A71, 0x3A71, 0x4291, 0x52B1, 0x4AB1, 0x4A91, 0x5A92,
    0x5A91, 0x4A71, 0x5291, 0x5A91, 0x5A92, 0x6AD2, 0x8354, 0x6AB2, 0x72F3, 0x7B74, 0x8C16, 0xA4D7,
    0xBD38, 0xC558, 0xC559, 0xBD18, 0xBD59, 0xC5DB, 0xCE9C, 0xD6FD, 0xCEDD, 0xD6DD, 0xDEDD, 0xD6DC,
    0xDE3B, 0xD4F7, 0xD598, 0xDE3A, 0xD65A, 0xD65B, 0xD65A, 0xEF9E, 0xE7FE, 0xEFFE, 0xDF7C, 0xD71B,
    0xDF5C, 0xD75B, 0xD77C, 0xCF1B, 0xC6DB, 0xBE5C, 0xB61C, 0xADFB, 0xA5BA, 0x957A, 0x8D39, 0x84B8,
    0x7417, 0x63B6, 0x63B6, 0x6396, 0x6376, 0x6355, 0x6375, 0x5B14, 0x52F4, 0x5AF4, 0x5A72, 0x5A52,
    0x8335, 0x8335, 0x8335, 0x6AF4, 0x62F4, 0x5AF4, 0x52F4, 0x52F4, 0x5B15, 0x41EF, 0x20A6, 0x20A7,
    0x20E8, 0x522E, 0x2929, 0x08A5, 0x092A, 0x094A, 0x098B, 0x018C, 0x096B, 0x096C, 0x0129, 0x0908,
    0x0948, 0x0949, 0x014A, 0x094A, 0x094B, 0x096A, 0x0108, 0x00E7, 0x00C6, 0x0107, 0x0908, 0x094A,
    0x096A, 0x096A, 0x096A, 0x094A, 0x096A, 0x096A, 0x096A, 0x096A, 0x094A, 0x094A, 0x094B, 0x094B,
    0x096B, 0x096B, 0x096B, 0x096B, 0x096B, 0x096B, 0x096B, 0x096B, 0x098C, 0x098B, 0x098B, 0x098B,
    0x096B, 0x096B, 0x096B, 0x014A, 0x014A, 0x096A, 0x096A, 0x094A, 0x094A, 0x096A, 0x096A, 0x096A,
    0x00A5, 0x00A5, 0x0084, 0x0084, 0x0084, 0x0084, 0x0084, 0x0084, 0x0084, 0x0084, 0x0084, 0x0084,
    0x0084, 0x0084, 0x0084, 0x00A4, 0x00A4, 0x00A4, 0x00A4, 0x00A4, 0x00A4, 0x00A4, 0x00A5, 0x00A4,
    0x00A4, 0x0884, 0x08A4, 0x08A4, 0x08A4, 0x08A4, 0x20A5, 0x28A5, 0x20A5, 0x30C5, 0x4947, 0x28C5,
    0x10A5, 0x00A4, 0x00A5, 0x00A4, 0x00A4, 0x00A4, 0x00A4, 0x00A5, 0x00A5, 0x00A5, 0x00A5, 0x00A5,
    0x00A5, 0x00A5, 0x08A5, 0x08A5, 0x18E7, 0x3929, 0x61CC, 0x92AF, 0x928F, 0x92B0, 0x92AF, 0xA2F1,
    0x82B0, 0x20E8, 0x0929, 0x0929, 0x0929, 0x092A, 0x094A, 0x1149, 0x194A, 0x194A, 0x41AC, 0x51ED,
    0x216B, 0x116A, 0x094A, 0x196B, 0x198B, 0x198B, 0x116B, 0x116A, 0x298C, 0x196B, 0x096A, 0x116A,
    0x316B, 0x8A0F, 0x498C, 0x194B, 0x198C, 0x198C, 0x198B, 0x218C, 0x218C, 0x218C, 0x218C, 0x21AC,
    0x29AC, 0x39AC, 0x49AD, 0x7A0D, 0x822D, 0x6A4F, 0x3A0E, 0x11EE, 0x1A0E, 0x19EE, 0x19EE, 0x19EE,
    0x19EE, 0x19CE, 0x19EE, 0x19EE, 0x21EE, 0x29EE, 0x29CE, 0x6210, 0x5A2F, 0x422F, 0x320F, 0x2A0F,
    0x2A0F, 0x2A10, 0x2A0F, 0x2A0F, 0x3A2F, 0x5250, 0x31EF, 0x21EF, 0x220F, 0x1A0F, 0x21EF, 0x21EF,
    0x2A0F, 0x2A0F, 0x2A0F, 0x2210, 0x2250, 0x2250, 0x2250, 0x2A50, 0x2250, 0x2250, 0x2A71, 0x3A71,
    0x4AB2, 0x5AB2, 0x62D3, 0x6AD3, 0x7334, 0x83B6, 0x8417, 0x8457, 0x7C77, 0x7477, 0x7C98, 0x7C98,
    0x7C98, 0x6C78, 0x5B95, 0x4AD3, 0x4AD3, 0x42D3, 0x42F3, 0x2A70, 0x222F, 0x2A50, 0x3291, 0x3AB2,
    0x3AB2, 0x3292, 0x2A50, 0x3271, 0x2A50, 0x2A50, 0x2A50, 0x3230, 0x2A30, 0x2A50, 0x2A4F, 0x2A30,
    0x3250, 0x3A70, 0x4AB1, 0x5312, 0x5B12, 0x5B12, 0x5B12, 0x7313, 0x6AD3, 0x4A91, 0x5AB2, 0x6AD2,
    0x6AD2, 0x72F3, 0x7B13, 0x7B13, 0x8354, 0x9395, 0x9BB5, 0xABF6, 0xBC36, 0xC435, 0xC476, 0xBC56,
    0xBC36, 0xB456, 0xBC77, 0xC477, 0xBC76, 0xBC77, 0xC476, 0xC4B6, 0xC4F6, 0xD4D6, 0xD577, 0xD619,
    0xCE3A, 0xCE5A, 0xD67A, 0xE7BD, 0xE7FD, 0xEFDD, 0xEFDE, 0xEFDE, 0xEFDE, 0xEFDD, 0xEFDE, 0xE7BE,
    0xC69B, 0x6BD4, 0x6BB5, 0x6395, 0x5334, 0x5314, 0x52F4, 0x52F4, 0x4AF3, 0x4AD4, 0x4AD4, 0x52B4,
    0x52D4, 0x4271, 0x31CE, 0x52B2, 0x5AF4, 0x5AB2, 0x6AF3, 0x7AF4, 0x8315, 0x8335, 0x8355, 0x7335,
    0x6B15, 0x52F4, 0x52F4, 0x52F4, 0x5B15, 0x41EE, 0x1864, 0x20A5, 0x20C4, 0x3949, 0x2129, 0x0929,
    0x096B, 0x096C, 0x096C, 0x096C, 0x096B, 0x096B, 0x0108, 0x00C7, 0x00C6, 0x00C6, 0x00C6, 0x00A6,
    0x08A6, 0x00C6, 0x00E7, 0x0129, 0x094A, 0x094A, 0x096A, 0x096B, 0x098B, 0x098B, 0x096B, 0x096B,
    0x096B, 0x096B, 0x096B, 0x096B, 0x096B, 0x096A, 0x016B, 0x096B, 0x096A, 0x096A, 0x096B, 0x096B,
    0x096B, 0x098B, 0x096B, 0x096B, 0x096B, 0x096B, 0x096B, 0x096B, 0x094A, 0x00E7, 0x00E7, 0x00E7,
    0x00E7, 0x00E6, 0x00C5, 0x00C6, 0x00C7, 0x00E7, 0x0128, 0x0949, 0x00A5, 0x00A5, 0x0084, 0x0084,
    0x0084, 0x0084, 0x0084, 0x0084, 0x0084, 0x0084, 0x0084, 0x0084, 0x0084, 0x0084, 0x0084, 0x00A4,
    0x00A4, 0x00A4, 0x00A4, 0x00A4, 0x00A4, 0x00A4, 0x00A5, 0x00A4, 0x00A4, 0x00A4, 0x00A4, 0x00A4,
    0x00A4, 0x00A4, 0x08A4, 0x10A4, 0x20C5, 0x38C5, 0x48E6, 0x40E6, 0x28C6, 0x00A4, 0x00A5, 0x00A4,
    0x00A4, 0x00A4, 0x00A4, 0x00A5, 0x00A5, 0x00A5, 0x00A5, 0x00A5, 0x00A5, 0x00A5, 0x00A5, 0x00A5,
    0x08E7, 0x316A, 0x416A, 0x498B, 0x3908, 0x61AB, 0x92D0, 0x9AD0, 0x8A8F, 0x1908, 0x114A, 0x116A,
    0x116A, 0x0949, 0x0128, 0x0948, 0x0949, 0x0949, 0x39AC, 0x51CD, 0x398C, 0x216B, 0x116A, 0x196A,
    0x196B, 0x198B, 0x116B, 0x196A, 0x216B, 0x196B, 0x096A, 0x116A, 0x216B, 0x39AB, 0x51AD, 0x59CE,
    0x196C, 0x196C, 0x196B, 0x196C, 0x196C, 0x196C, 0x196C, 0x196C, 0x198C, 0x216C, 0x314C, 0x820E,
    0x8A2D, 0x69CC, 0x398C, 0x216D, 0x21AD, 0x21CE, 0x19EE, 0x19EE, 0x19EE, 0x19CE, 0x19CE, 0x21CE,
    0x320E, 0x420F, 0x49EF, 0x620F, 0x5210, 0x2A0F, 0x29EF, 0x1A0F, 0x220E, 0x220F, 0x21F0, 0x3A30,
    0x4A30, 0x4A31, 0x3210, 0x220F, 0x222F, 0x222F, 0x2A30, 0x3250, 0x4250, 0x5250, 0x4250, 0x3230,
    0x2230, 0x2230, 0x2230, 0x2230, 0x2250, 0x2A50, 0x3271, 0x4271, 0x5AD3, 0x62D3, 0x6AD3, 0x6AF3,
    0x6B14, 0x7335, 0x5B13, 0x4B13, 0x42B2, 0x3AB2, 0x3AD2, 0x4B33, 0x4B33, 0x42F3, 0x52F3, 0x4AF3,
    0x3271, 0x3271, 0x3291, 0x2A30, 0x222F, 0x2A71, 0x3A91, 0x3AB2, 0x42D3, 0x3A92, 0x3251, 0x3AB2,
    0x3AB2, 0x2A30, 0x2A50, 0x3250, 0x2A70, 0x2A70, 0x2A4F, 0x2A50, 0x3270, 0x4A91, 0x4A91, 0x4AB1,
    0x52D2, 0x5AB2, 0x62B2, 0x6292, 0x5A91, 0x4A30, 0x5A71, 0x6291, 0x6AB1, 0x72D2, 0x7B13, 0x7B53,
    0x8B94, 0x93D5, 0x9BD5, 0xABF6, 0xBC16, 0xC435, 0xBC56, 0xC497, 0xBCD7, 0xCD59, 0xC497, 0xBC16,
    0xBC15, 0xC436, 0xC415, 0xD518, 0xDD99, 0xE5B9, 0xDDF9, 0xD63A, 0xD65B, 0xD6DB, 0xD73C, 0xE7DE,
    0xEFFE, 0xEFDD, 0xEFDE, 0xEFFE, 0xEFFE, 0xEFFD, 0xEFDE, 0xEFFE, 0xDF3C, 0xADDB, 0x7416, 0x52F4,
    0x5B14, 0x5313, 0x52F3, 0x4AD3, 0x4AB3, 0x4AB4, 0x4AB3, 0x52B3, 0x52B4, 0x52B3, 0x5292, 0x5AF4,
    0x5292, 0x20E7, 0x6A90, 0x9376, 0x8315, 0x7B14, 0x6AD4, 0x62F4, 0x5AF5, 0x52D4, 0x52D4, 0x52D4,
    0x5B15, 0x4A0E, 0x30C6, 0x1908, 0x0929, 0x114A, 0x096B, 0x096C, 0x094C, 0x018B, 0x098B, 0x012A,
    0x0109, 0x0128, 0x0928, 0x0908, 0x00A5, 0x0084, 0x00A5, 0x00E6, 0x0107, 0x0148, 0x014A, 0x096B,
    0x096B, 0x096B, 0x016B, 0x096B, 0x016B, 0x096A, 0x094A, 0x0129, 0x0108, 0x0108, 0x00E7, 0x00C7,
    0x00C7, 0x00E8, 0x00E8, 0x0108, 0x0928, 0x0908, 0x0929, 0x0929, 0x0929, 0x0949, 0x094B, 0x096B,
    0x096B, 0x096B, 0x096A, 0x0929, 0x00E7, 0x00A5, 0x00C6, 0x00C6, 0x08E7, 0x00C6, 0x00A5, 0x00C5,
    0x00C5, 0x00A5, 0x00A6, 0x00C6, 0x0084, 0x0084, 0x0084, 0x0084, 0x0084, 0x0084, 0x0084, 0x0084,
    0x0084, 0x0084, 0x0084, 0x0084, 0x0084, 0x0084, 0x0084, 0x0084, 0x0084, 0x0084, 0x0084, 0x00A4,
    0x00A4, 0x00A4, 0x00A5, 0x00A4, 0x00A4, 0x00A4, 0x00A5, 0x00A5, 0x0084, 0x00A4, 0x00A4, 0x00A4,
    0x18A5, 0x28C5, 0x38E6, 0x38E6, 0x28C5, 0x0064, 0x0084, 0x00A5, 0x00A4, 0x00A4, 0x00A4, 0x00A4,
    0x00A4, 0x00A4, 0x00A4, 0x00A5, 0x00A5, 0x00A5, 0x00A5, 0x00A5, 0x00C5, 0x1106, 0x18E6, 0x20E7,
    0x3129, 0x418A, 0x51EB, 0x6A2D, 0x620D, 0x314A, 0x216A, 0x116A, 0x114A, 0x1149, 0x1149, 0x0948,
    0x0949, 0x0929, 0x194A, 0x296A, 0x41AC, 0x318C, 0x194B, 0x196C, 0x19AC, 0x19AC, 0x19AC, 0x11AC,
    0x196C, 0x198C, 0x11AB, 0x198C, 0x198C, 0x198B, 0x31CD, 0x39EE, 0x21EE, 0x21EE, 0x2A0E, 0x2A2F,
    0x324F, 0x324F, 0x326F, 0x326F, 0x3A6F, 0x4290, 0x4A90, 0x7A90, 0x8A70, 0x826F, 0x7A6F, 0x7270,
    0x6270, 0x3A0F, 0x19EE, 0x19EE, 0x19EE, 0x19CE, 0x19CE, 0x21EE, 0x3A0E, 0x5A2F, 0x6A70, 0x4A0F,
    0x39EF, 0x220E, 0x1A0F, 0x1A0F, 0x1A0F, 0x1A0F, 0x21EF, 0x3A30, 0x4A31, 0x4A31, 0x3230, 0x222F,
    0x222F, 0x2A2F, 0x2A50, 0x3271, 0x4291, 0x62B1, 0x52B1, 0x3A91, 0x2A50, 0x2250, 0x2231, 0x2230,
    0x2251, 0x3271, 0x3291, 0x3A71, 0x62D3, 0x6AD3, 0x72F4, 0x6AD4, 0x6AD4, 0x62D3, 0x4272, 0x3251,
    0x2A30, 0x2A30, 0x2A51, 0x3292, 0x3292, 0x3271, 0x4292, 0x4AD3, 0x2A50, 0x2A30, 0x2A50, 0x2A70,
    0x2A71, 0x3271, 0x3272, 0x3A92, 0x42D2, 0x42D2, 0x42B2, 0x42D3, 0x3AB2, 0x2A30, 0x2A50, 0x3270,
    0x3270, 0x2A50, 0x2A30, 0x3270, 0x3A71, 0x5A92, 0x62B2, 0x5AD3, 0x4A91, 0x7354, 0x9C17, 0x9416,
    0x9456, 0x8C36, 0x9CB7, 0xA4F8, 0xAD18, 0xAD38, 0xAD38, 0xB599, 0xB579, 0xACF7, 0xBCB7, 0xC476,
    0xC455, 0xC476, 0xBCB6, 0xBCD7, 0xB4D7, 0xBD18, 0xB4B7, 0xBC76, 0xC436, 0xC457, 0xCC77, 0xCCD8,
    0xD519, 0xD538, 0xD559, 0xD5BA, 0xD65B, 0xCEBB, 0xCEFB, 0xD75C, 0xDF7C, 0xEFDE, 0xEFDE, 0xEFDD,
    0xEFDD, 0xEFFD, 0xEFFE, 0xEFFE, 0xD75C, 0xADD8, 0x9517, 0x8497, 0x6B95, 0x6354, 0x5B34, 0x5B14,
    0x52F4, 0x4AD3, 0x52D3, 0x52F3, 0x5B14, 0x6335, 0x6B55, 0x6314, 0x5250, 0x0843, 0x2908, 0x49AE,
    0x8335, 0x7335, 0x62D4, 0x5AD4, 0x5AF4, 0x52F4, 0x52F4, 0x52F5, 0x5AF5, 0x41CE, 0x1864, 0x0908,
    0x0109, 0x094B, 0x096B, 0x096B, 0x094B, 0x0929, 0x0108, 0x00C6, 0x00C5, 0x00C5, 0x00C6, 0x08E6,
    0x00A5, 0x00A5, 0x0085, 0x08A6, 0x00C6, 0x00E6, 0x00E7, 0x00E7, 0x00E6, 0x00E7, 0x00E6, 0x08E7,
    0x00E7, 0x08E6, 0x00C6, 0x00C5, 0x00C5, 0x00A5, 0x00A5, 0x0907, 0x0929, 0x0929, 0x0929, 0x0949,
    0x0949, 0x094A, 0x094A, 0x094A, 0x094A, 0x094A, 0x0929, 0x0108, 0x0108, 0x0107, 0x00E7, 0x00C6,
    0x00A5, 0x00A4, 0x00A5, 0x00A6, 0x00A6, 0x00A5, 0x00A4, 0x00A5, 0x00A5, 0x00A4, 0x00A4, 0x0084,
    0x0084, 0x0084, 0x0084, 0x0084, 0x0084, 0x0084, 0x0084, 0x0084, 0x0084, 0x0084, 0x0084, 0x0084,
    0x0084, 0x0084, 0x0084, 0x0084, 0x0084, 0x0084, 0x0084, 0x00A4, 0x00A4, 0x00A4, 0x00A5, 0x00A5,
    0x00A5, 0x00A5, 0x00A5, 0x00A5, 0x00A5, 0x00A5, 0x00A4, 0x00A4, 0x10A4, 0x18A4, 0x20A5, 0x30C5,
    0x2927, 0x2A0A, 0x1147, 0x00A5, 0x00A5, 0x00A5, 0x00A5, 0x00A4, 0x00C4, 0x00A4, 0x00A4, 0x00A5,
    0x00A5, 0x00A5, 0x00A5, 0x00A5, 0x00A5, 0x00A5, 0x08A6, 0x10C7, 0x2969, 0x2948, 0x20E7, 0x51EC,
    0x51EC, 0x2929, 0x112A, 0x0149, 0x0129, 0x0929, 0x0929, 0x0109, 0x0129, 0x0949, 0x0929, 0x0929,
    0x296B, 0x216A, 0x114A, 0x116B, 0x118B, 0x118A, 0x096A, 0x094A, 0x118D, 0x116D, 0x096C, 0x116C,
    0x116C, 0x19CD, 0x19CD, 0x19CD, 0x220E, 0x222F, 0x2A4F, 0x2A4F, 0x2A50, 0x2A91, 0x2A90, 0x3270,
    0x3270, 0x3A71, 0x4271, 0x7271, 0x7A70, 0x7270, 0x6A71, 0x6290, 0x5A70, 0x320F, 0x11AE, 0x19AE,
    0x19CE, 0x11CE, 0x21EE, 0x29EE, 0x522F, 0x6A50, 0x6A91, 0x4250, 0x322F, 0x222F, 0x220F, 0x222F,
    0x220F, 0x2A0F, 0x3210, 0x4230, 0x4A31, 0x4A51, 0x3A91, 0x32D0, 0x3AD1, 0x3AD1, 0x3AF1, 0x32F1,
    0x3B12, 0x5332, 0x4312, 0x3AF2, 0x2AB1, 0x2A90, 0x2250, 0x2250, 0x2A50, 0x3291, 0x3291, 0x4291,
    0x62D3, 0x6AD3, 0x72F4, 0x6AD3, 0x5AB3, 0x52D2, 0x3A71, 0x3250, 0x2A50, 0x3271, 0x3AB2, 0x3AB2,
    0x3AB2, 0x3A92, 0x4292, 0x4292, 0x2A50, 0x2A30, 0x2230, 0x3291, 0x3A92, 0x42B3, 0x3A72, 0x3251,
    0x3A71, 0x3A92, 0x42D3, 0x42D3, 0x42D2, 0x3AD2, 0x3AD2, 0x3AF2, 0x3AD2, 0x3A91, 0x3A50, 0x4291,
    0x4A72, 0x6292, 0x6AF3, 0x6B13, 0x52B1, 0x6B53, 0x9416, 0x9436, 0x9C57, 0x9C57, 0xACD8, 0xB518,
    0xB538, 0xBD38, 0xBD38, 0xCD99, 0xCD58, 0xBCD6, 0xCCB6, 0xCC96, 0xCC56, 0xC4B7, 0xC558, 0xC538,
    0xC537, 0xB4F7, 0xBCF7, 0xBCB7, 0xC476, 0xC477, 0xCC77, 0xC457, 0xCCB7, 0xD578, 0xCDB9, 0xCE19,
    0xDEFB, 0xD73C, 0xD73C, 0xD75C, 0xDF7C, 0xEFDD, 0xEFDD, 0xEFDE, 0xEFDE, 0xEFFE, 0xEFDE, 0xEFFE,
    0xDF9C, 0xBE79, 0xB639, 0xADF9, 0x7BF5, 0x6B55, 0x5B14, 0x6315, 0x5B14, 0x4AD3, 0x52D4, 0x52F3,
    0x73B5, 0x7BD7, 0x83F8, 0x6B14, 0x522F, 0x0823, 0x2929, 0x49EF, 0x7B35, 0x7334, 0x62F4, 0x5AF5,
    0x5AF4, 0x5AF5, 0x5293, 0x4252, 0x5B15, 0x31CD, 0x0023, 0x00C6, 0x00C6, 0x08E7, 0x0107, 0x0107,
    0x08E7, 0x00A6, 0x0084, 0x00A3, 0x0084, 0x0084, 0x00A4, 0x0084, 0x00A4, 0x00A4, 0x00A4, 0x00A4,
    0x0084, 0x0084, 0x0084, 0x0084, 0x0084, 0x0084, 0x0084, 0x00A4, 0x00A4, 0x00A4, 0x00A4, 0x00A4,
    0x00A4, 0x00C5, 0x00E7, 0x094A, 0x098B, 0x096B, 0x096A, 0x096A, 0x098B, 0x096A, 0x094A, 0x094A,
    0x0949, 0x094A, 0x08E7, 0x00A5, 0x00A4, 0x00A4, 0x00A4, 0x0084, 0x00A4, 0x00A4, 0x00A4, 0x00A4,
    0x00A4, 0x0084, 0x0084, 0x00A4, 0x00A4, 0x00A4, 0x00A4, 0x00A4, 0x0084, 0x0084, 0x0084, 0x0084,
    0x0084, 0x0084, 0x0084, 0x0084, 0x0084, 0x0084, 0x0084, 0x0084, 0x0084, 0x0084, 0x0084, 0x0084,
    0x0084, 0x0084, 0x0084, 0x00A4, 0x00A4, 0x00A4, 0x00A5, 0x00A5, 0x00A5, 0x00A5, 0x00A5, 0x00A5,
    0x00A5, 0x00A5, 0x00A4, 0x00A4, 0x10A5, 0x10C5, 0x10A5, 0x30C6, 0x3968, 0x42EE, 0x19C9, 0x00A5,
    0x00A5, 0x00A5, 0x00A5, 0x0084, 0x0084, 0x00A4, 0x00A4, 0x00A5, 0x00A5, 0x00A5, 0x00A5, 0x00A5,
    0x00C5, 0x00A7, 0x00C7, 0x08C7, 0x08E7, 0x2108, 0x412A, 0x6A2E, 0x6A2E, 0x316A, 0x298B, 0x298B,
    0x31AB, 0x31AB, 0x318B, 0x39AC, 0x29AB, 0x0909, 0x094A, 0x094A, 0x114A, 0x194B, 0x116B, 0x098B,
    0x094A, 0x00E8, 0x0908, 0x114A, 0x220E, 0x32B0, 0x4332, 0x4352, 0x4312, 0x19AD, 0x29EE, 0x2A0F,
    0x19CD, 0x19CD, 0x19ED, 0x19ED, 0x19ED, 0x19EE, 0x19EE, 0x19CE, 0x19CE, 0x21CE, 0x39AF, 0x620F,
    0x5A30, 0x29EF, 0x21EE, 0x19EF, 0x11CE, 0x2250, 0x32F2, 0x32B1, 0x32B1, 0x2AB0, 0x324F, 0x39EF,
    0x6250, 0x5A50, 0x4270, 0x3A51, 0x3250, 0x222F, 0x222F, 0x222F, 0x2A30, 0x3A30, 0x4A31, 0x5250,
    0x5251, 0x4271, 0x42B1, 0x3AF2, 0x3AF2, 0x3AF2, 0x3AF2, 0x3AF2, 0x42F2, 0x52F2, 0x42F1, 0x32D1,
    0x3291, 0x2A70, 0x2A50, 0x2A70, 0x2A70, 0x3291, 0x3291, 0x4292, 0x6AD4, 0x72D3, 0x72D3, 0x5AB3,
    0x4A92, 0x3A91, 0x3271, 0x2A50, 0x2A30, 0x2A50, 0x3291, 0x3291, 0x3291, 0x3271, 0x3A71, 0x3271,
    0x3251, 0x2A50, 0x222F, 0x3271, 0x3A93, 0x4B14, 0x3A72, 0x3210, 0x3251, 0x3A91, 0x42B2, 0x42B2,
    0x42F3, 0x42F3, 0x4313, 0x4313, 0x4312, 0x42D2, 0x4271, 0x4292, 0x5292, 0x62B2, 0x5AF2, 0x62F3,
    0x62F2, 0x6AD2, 0x6AB2, 0x72D2, 0x7AD2, 0x7AD2, 0x8B33, 0x9353, 0x9373, 0xA393, 0xB3B4, 0xBBD3,
    0xC3F4, 0xC3F4, 0xCC14, 0xD435, 0xD455, 0xCCD6, 0xCD57, 0xD537, 0xD537, 0xCCF7, 0xCCB7, 0xC496,
    0xC436, 0xC436, 0xC416, 0xC456, 0xCD37, 0xDE9A, 0xD6BA, 0xD6FA, 0xDF7C, 0xE7BD, 0xE7DD, 0xEFFE,
    0xEFFD, 0xEFDD, 0xEFDD, 0xEFDE, 0xEFDE, 0xEFFE, 0xEFFE, 0xE7DD, 0xE7DD, 0xEFFE, 0xC6BB, 0xADD9,
    0x8436, 0x7395, 0x6B53, 0x6315, 0x5AF4, 0x52D4, 0x52D4, 0x52F3, 0x5313, 0x7395, 0x8C38, 0x6AF2,
    0x51EC, 0x0802, 0x524F, 0x8376, 0x7B15, 0x7315, 0x6B14, 0x6315, 0x5B15, 0x6316, 0x4A10, 0x2929,
    0x4A2E, 0x296A, 0x0064, 0x00A5, 0x00A4, 0x0084, 0x0084, 0x0084, 0x0083, 0x00A5, 0x00C6, 0x00E6,
    0x00E6, 0x00E6, 0x00A5, 0x0085, 0x00A4, 0x00A4, 0x00A4, 0x00A4, 0x00A4, 0x00A4, 0x00A4, 0x0085,
    0x0084, 0x00A4, 0x00A4, 0x00A4, 0x00A4, 0x00A4, 0x00A4, 0x00A4, 0x00A4, 0x00C6, 0x0907, 0x0908,
    0x0908, 0x0907, 0x0107, 0x0907, 0x0928, 0x0907, 0x00E6, 0x00E6, 0x00E6, 0x0907, 0x00C5, 0x00A4,
    0x00A4, 0x00A4, 0x00A4, 0x00A5, 0x00A4, 0x00A4, 0x00A4, 0x00A4, 0x00A4, 0x00A4, 0x00A4, 0x0084,
    0x0084, 0x00A4, 0x00A4, 0x00A4, 0x0084, 0x0084, 0x0084, 0x0084, 0x0084, 0x0084, 0x0084, 0x0084,
    0x0084, 0x0084, 0x0084, 0x0084, 0x0084, 0x0084, 0x0084, 0x0084, 0x0084, 0x0084, 0x0084, 0x0084,
    0x0084, 0x00A4, 0x00A4, 0x00A4, 0x00A4, 0x00A4, 0x00A4, 0x00A4, 0x00A5, 0x00A5, 0x00A4, 0x00A4,
    0x18A5, 0x18C5, 0x18E6, 0x28C6, 0x20C6, 0x08A6, 0x0908, 0x1148, 0x00C5, 0x00A4, 0x00A4, 0x1107,
    0x1127, 0x00A4, 0x00A5, 0x00A5, 0x00A5, 0x00A5, 0x00A5, 0x00C5, 0x00C6, 0x08E8, 0x08E7, 0x10E8,
    0x2109, 0x49AC, 0x7270, 0x724F, 0x7A2F, 0x6A4F, 0x726F, 0x7A90, 0x8AD0, 0x8AD0, 0x8AAF, 0xA312,
    0x82D0, 0x216A, 0x198B, 0x19AC, 0x29CD, 0x29EE, 0x29EE, 0x19ED, 0x11AB, 0x0128, 0x19AB, 0x2A4F,
    0x4311, 0x6C96, 0x95DA, 0x9DFB, 0x8539, 0x218D, 0x3A2F, 0x4250, 0x19EE, 0x19EE, 0x1A0E, 0x226F,
    0x226F, 0x1A0E, 0x220E, 0x2A0F, 0x31EE, 0x4A0F, 0x6230, 0x49EF, 0x39CF, 0x21EF, 0x220F, 0x220F,
    0x19CE, 0x4353, 0x74B8, 0x6C77, 0x6436, 0x53D5, 0x4AB1, 0x420E, 0x49EE, 0x39EE, 0x1A0F, 0x1A0F,
    0x220F, 0x220F, 0x222F, 0x222F, 0x2A30, 0x4230, 0x5231, 0x5A51, 0x5251, 0x3250, 0x3230, 0x2A30,
    0x2A30, 0x2A30, 0x2A50, 0x2A70, 0x3250, 0x5251, 0x4250, 0x2A50, 0x2A50, 0x2A50, 0x2A71, 0x3291,
    0x3291, 0x3A91, 0x3A91, 0x4A92, 0x62D3, 0x62D3, 0x62D3, 0x4AB2, 0x3A71, 0x3251, 0x2A50, 0x2A50,
    0x2A30, 0x2A30, 0x2A30, 0x2A30, 0x2A30, 0x2A30, 0x2A50, 0x2A50, 0x3AB2, 0x3271, 0x2230, 0x3271,
    0x42B3, 0x52F4, 0x3A92, 0x3271, 0x4AF3, 0x4AF3, 0x42B2, 0x4AF3, 0x42B2, 0x3250, 0x2A51, 0x2A70,
    0x324F, 0x3270, 0x3A91, 0x4292, 0x4AB2, 0x5B12, 0x5AD2, 0x62B2, 0x8B74, 0x8354, 0x8313, 0x8B33,
    0x9333, 0x9333, 0x9B94, 0xA3B4, 0xABD4, 0xB3F4, 0xC414, 0xCC34, 0xD434, 0xCC34, 0xCC34, 0xD435,
    0xCC55, 0xCC55, 0xCC55, 0xCC35, 0xC436, 0xCC36, 0xC457, 0xC477, 0xC477, 0xC477, 0xCC98, 0xCCB7,
    0xCD58, 0xDEBB, 0xD6BB, 0xD6FB, 0xD71B, 0xDF5C, 0xE7BD, 0xEFDD, 0xEFFD, 0xEFDD, 0xEFDD, 0xEFDE,
    0xEFFD, 0xEFDD, 0xEFDE, 0xE77C, 0xDF7C, 0xEFDD, 0xC6BA, 0xB5F9, 0x9D38, 0x94D7, 0x94B6, 0x6B75,
    0x62F5, 0x5AF5, 0x52F3, 0x4AB1, 0x216D, 0x3A0E, 0x6312, 0x5A0E, 0x416A, 0x0842, 0x520E, 0x8336,
    0x7B15, 0x7335, 0x7314, 0x6B15, 0x5B15, 0x6336, 0x39ED, 0x1884, 0x1885, 0x1064, 0x0085, 0x00A4,
    0x00A4, 0x00A4, 0x0084, 0x08A5, 0x00A5, 0x00E8, 0x0929, 0x0949, 0x096A, 0x0949, 0x00C7, 0x00A5,
    0x00A4, 0x00A4, 0x00A4, 0x00A4, 0x00A4, 0x00A4, 0x00A4, 0x00A4, 0x00A4, 0x00A4, 0x00A4, 0x00A4,
    0x00A4, 0x00A4, 0x00A4, 0x00A4, 0x00A4, 0x0084, 0x0084, 0x0084, 0x0084, 0x0084, 0x0084, 0x0085,
    0x0084, 0x0084, 0x00A4, 0x00A4, 0x00A4, 0x0084, 0x00A4, 0x00A4, 0x00A4, 0x00A4, 0x00A4, 0x00A4,
    0x00A4, 0x00A4, 0x00A4, 0x0084, 0x0084, 0x00A4, 0x00A4, 0x00A4, 0x0084, 0x00A4, 0x00A4, 0x00A4,
    0x0084, 0x0084, 0x0084, 0x0084, 0x0084, 0x0084, 0x0084, 0x0084, 0x0084, 0x0084, 0x0084, 0x0084,
    0x0084, 0x0084, 0x0084, 0x0084, 0x0084, 0x0084, 0x0084, 0x0084, 0x0084, 0x00A4, 0x00A4, 0x00A4,
    0x00A4, 0x00A4, 0x00A4, 0x00A4, 0x00A5, 0x00A5, 0x00A4, 0x00A4, 0x08C5, 0x08C5, 0x08A4, 0x10C5,
    0x1906, 0x08E6, 0x3AAD, 0x63D2, 0x08E5, 0x00A4, 0x0064, 0x4BF2, 0x5C74, 0x0084, 0x00A5, 0x00A5,
    0x00A5, 0x00A5, 0x00A5, 0x00A5, 0x0908, 0x21CC, 0x29AC, 0x398C, 0x418D, 0x396C, 0x292A, 0x398B,
    0x396B, 0x396B, 0x49CD, 0x5A0E, 0x59ED, 0x620D, 0x620D, 0x8A6F, 0x8AB0, 0x72CF, 0x39EC, 0x198B,
    0x39EE, 0x31EE, 0x21ED, 0x114B, 0x1129, 0x1148, 0x19AB, 0x220E, 0x21EF, 0x220F, 0x1A0F, 0x19EF,
    0x29EE, 0x5250, 0x39EF, 0x21CE, 0x19EE, 0x19CE, 0x19EE, 0x19EE, 0x19EE, 0x220E, 0x322F, 0x4230,
    0x520F, 0x520F, 0x51EF, 0x29EE, 0x19EE, 0x19EF, 0x21EF, 0x220F, 0x220F, 0x21EF, 0x220F, 0x21EE,
    0x29EF, 0x320F, 0x4A0F, 0x5A0F, 0x59EF, 0x41EF, 0x21EF, 0x220F, 0x220F, 0x222F, 0x2A50, 0x3250,
    0x4210, 0x5230, 0x6251, 0x6231, 0x5231, 0x3230, 0x3230, 0x3230, 0x3230, 0x3230, 0x2A50, 0x3270,
    0x4251, 0x5A31, 0x4251, 0x2A50, 0x3251, 0x3271, 0x3291, 0x3291, 0x3291, 0x3A71, 0x4A92, 0x5292,
    0x62D3, 0x52B2, 0x4271, 0x3A70, 0x3250, 0x3251, 0x2A50, 0x2A50, 0x2A30, 0x2A30, 0x2A30, 0x2A30,
    0x2A30, 0x2A30, 0x2A51, 0x3291, 0x42B2, 0x3AB2, 0x3272, 0x3AB2, 0x42B3, 0x4AD3, 0x3291, 0x3271,
    0x5B14, 0x52F3, 0x4292, 0x4AD2, 0x42B2, 0x3271, 0x3A71, 0x3A71, 0x4291, 0x4291, 0x4291, 0x4291,
    0x4AB2, 0x6B53, 0x7B53, 0x8B53, 0xABF4, 0x9B93, 0x8B12, 0x9B74, 0xA394, 0x9BB4, 0xA3D4, 0xA3D4,
    0xB414, 0xBC35, 0xCC35, 0xD434, 0xD454, 0xD454, 0xD455, 0xCC55, 0xCC55, 0xC476, 0xC456, 0xC456,
    0xCC56, 0xC436, 0xCD39, 0xD5FB, 0xDE3B, 0xDE3B, 0xE65B, 0xE67C, 0xE6BC, 0xDEFB, 0xDEFB, 0xDF1B,
    0xD6FB, 0xD73C, 0xDF9D, 0xEFDD, 0xEFFD, 0xEFDD, 0xEFDD, 0xEFDD, 0xEFDD, 0xEFDD, 0xEFFD, 0xD6FA,
    0xD6FA, 0xEFFE, 0xEFDD, 0xEFDD, 0xD6FB, 0xD6FB, 0xE73D, 0x8416, 0x6314, 0x6B36, 0x420F, 0x212A,
    0x5271, 0x41CE, 0x20E9, 0x498A, 0x4169, 0x0042, 0x520E, 0x7B56, 0x72F3, 0x6AD3, 0x6AB2, 0x62F4,
    0x6314, 0x6315, 0x39CD, 0x0864, 0x08A5, 0x00A6, 0x00A6, 0x00A5, 0x00A5, 0x00A4, 0x00A4, 0x00C5,
    0x0928, 0x0949, 0x094A, 0x096A, 0x0949, 0x0908, 0x00A6, 0x00A4, 0x00A4, 0x00A4, 0x00A4, 0x00A4,
    0x00A4, 0x00A4, 0x00A4, 0x00A4, 0x00A4, 0x00A4, 0x00A4, 0x00A4, 0x00A4, 0x00A4, 0x00A4, 0x00A4,
    0x0084, 0x00A4, 0x00A4, 0x00A5, 0x00A4, 0x00A4, 0x00A4, 0x00A4, 0x00A4, 0x00A4, 0x00A4, 0x00A4,
    0x00A4, 0x00A4, 0x00A4, 0x00A4, 0x00A4, 0x00A4, 0x00A4, 0x00A4, 0x00A4, 0x00A4, 0x00A4, 0x00A4,
    0x00A4, 0x0084, 0x0085, 0x0084, 0x0084, 0x00A4, 0x00A4, 0x00A4, 0x0084, 0x0084, 0x0084, 0x0084,
    0x0084, 0x0084, 0x0084, 0x0084, 0x0084, 0x0084, 0x0084, 0x0084, 0x0084, 0x0084, 0x0084, 0x0084,
    0x0084, 0x0084, 0x0084, 0x0084, 0x0084, 0x00A4, 0x00A4, 0x00A4, 0x00A4, 0x00A4, 0x00A4, 0x00A4,
    0x00A5, 0x00A5, 0x00A4, 0x00A4, 0x00A4, 0x00A4, 0x00C4, 0x08C5, 0x00C5, 0x08C6, 0x1107, 0x1147,
    0x00A4, 0x08A4, 0x08A4, 0x0928, 0x1148, 0x0084, 0x00A5, 0x00A5, 0x00A5, 0x00A5, 0x00C6, 0x00E7,
    0x0928, 0x196B, 0x216B, 0x298C, 0x31CD, 0x29AC, 0x194A, 0x216B, 0x216B, 0x296B, 0x39EC, 0x4A0E,
    0x49EE, 0x41AC, 0x314A, 0x69ED, 0x826E, 0x9310, 0x626F, 0x422E, 0x3A2F, 0x29EF, 0x21CE, 0x092A,
    0x0909, 0x1169, 0x118A, 0x19AC, 0x19CE, 0x19EF, 0x19EF, 0x220F, 0x2A0E, 0x520F, 0x31CE, 0x19CE,
    0x19EE, 0x19EE, 0x19CE, 0x19EE, 0x21EE, 0x320F, 0x3A0F, 0x4A0F, 0x5A10, 0x51F0, 0x39D0, 0x220F,
    0x220F, 0x21EF, 0x1A0F, 0x19EE, 0x19EE, 0x220F, 0x220F, 0x29CF, 0x420F, 0x5A30, 0x6230, 0x6230,
    0x522F, 0x322F, 0x220F, 0x2210, 0x2A2F, 0x3270, 0x3250, 0x3A30, 0x4A10, 0x5A51, 0x6A72, 0x5A51,
    0x4A30, 0x3210, 0x31EF, 0x31EF, 0x4270, 0x3A70, 0x3250, 0x3270, 0x4251, 0x5251, 0x4A51, 0x4271,
    0x3271, 0x3271, 0x3A91, 0x3271, 0x3A91, 0x4AB2, 0x5AB3, 0x62D3, 0x5AB2, 0x4A91, 0x3A71, 0x3270,
    0x2A70, 0x3271, 0x3271, 0x3251, 0x2A30, 0x2A50, 0x3291, 0x2A30, 0x2A30, 0x2A51, 0x3271, 0x3A71,
    0x3A71, 0x3A92, 0x3AB3, 0x3AD3, 0x42B3, 0x3A91, 0x3A71, 0x3A71, 0x5AF3, 0x5B13, 0x6354, 0x4AB2,
    0x3A91, 0x3291, 0x4291, 0x4291, 0x52F2, 0x4AD2, 0x4291, 0x52D2, 0x5AF3, 0x6312, 0x8B94, 0xB3F4,
    0xABD4, 0x9BB3, 0x8B72, 0xA434, 0xAC96, 0xACB6, 0xACF7, 0xB4F6, 0xBD17, 0xC4D6, 0xCC54, 0xD454,
    0xD454, 0xCC55, 0xCC54, 0xCC35, 0xCC36, 0xC435, 0xBC36, 0xBC16, 0xBC16, 0xB417, 0xBC98, 0xBCD8,
    0xD4F7, 0xD4D7, 0xD4F6, 0xD4D6, 0xCD57, 0xCE59, 0xCE7A, 0xCEBA, 0x8CB3, 0xA5B7, 0xDF9D, 0xEFDD,
    0xEFFD, 0xEFFE, 0xEFFE, 0xEFDE, 0xEFDD, 0xEFDD, 0xEFFD, 0xDF3B, 0xD71B, 0xEFFD, 0xE77B, 0xDF3B,
    0xEFDD, 0xDF1C, 0xBDB9, 0xD65A, 0xBD78, 0x7B75, 0x6B13, 0x62B0, 0x7353, 0x6B32, 0x6B12, 0x59CC,
    0x4107, 0x0042, 0x4A0E, 0x7314, 0x49CD, 0x51ED, 0x51ED, 0x292A, 0x318C, 0x6355, 0x320F, 0x0109,
    0x094A, 0x094A, 0x094A, 0x00C6, 0x00A5, 0x00C6, 0x00E6, 0x00C7, 0x00C6, 0x00C6, 0x00A7, 0x00C6,
    0x00A5, 0x00A5, 0x00A4, 0x0084, 0x00A4, 0x00A4, 0x0084, 0x0084, 0x0084, 0x00A4, 0x00A4, 0x00A4,
    0x00A4, 0x00A4, 0x00A4, 0x00A4, 0x00A4, 0x00A4, 0x00A4, 0x00A5, 0x00A5, 0x00C6, 0x00C7, 0x08C7,
    0x00C7, 0x0085, 0x00A4, 0x00A4, 0x0084, 0x0084, 0x00A4, 0x00A5, 0x00A5, 0x0085, 0x0084, 0x0084,
    0x0084, 0x0084, 0x0084, 0x0084, 0x0084, 0x00A4, 0x00A4, 0x00A5, 0x00E7, 0x0907, 0x0907, 0x00A5,
    0x0084, 0x00A4, 0x00A4, 0x00A4, 0x0084, 0x0084, 0x0084, 0x0084, 0x0084, 0x0084, 0x0084, 0x0084,
    0x0084, 0x0084, 0x0084, 0x0084, 0x0084, 0x0084, 0x0084, 0x0084, 0x0084, 0x0084, 0x0084, 0x0084,
    0x0084, 0x0084, 0x0084, 0x0084, 0x0084, 0x0084, 0x00A4, 0x00A4, 0x00A5, 0x00A5, 0x00A4, 0x00A4,
    0x0084, 0x00A4, 0x00A4, 0x00A5, 0x0085, 0x00A5, 0x00A5, 0x00A5, 0x08E5, 0x08C5, 0x00C4, 0x00C5,
    0x00A5, 0x00A4, 0x00A4, 0x00A5, 0x00A5, 0x00C5, 0x00E6, 0x0907, 0x0928, 0x1129, 0x1149, 0x114A,
    0x198B, 0x196B, 0x194A, 0x196B, 0x198B, 0x114A, 0x216B, 0x29AC, 0x298B, 0x418C, 0x518C, 0x59CC,
    0x6A0E, 0x9AD0, 0x624E, 0x420D, 0x3A0F, 0x29EE, 0x21CD, 0x114A, 0x114A, 0x2989, 0x49EC, 0x626F,
    0x41EE, 0x320E, 0x1A0F, 0x1A0E, 0x21EE, 0x39EF, 0x21CE, 0x11CE, 0x19EE, 0x19EE, 0x19EE, 0x29EE,
    0x31EE, 0x39EF, 0x420F, 0x4A0F, 0x59EF, 0x41CF, 0x21AF, 0x11CF, 0x19CF, 0x21EF, 0x19EF, 0x1A0F,
    0x220F, 0x21EE, 0x21EE, 0x39EF, 0x520F, 0x6250, 0x6230, 0x6250, 0x422F, 0x2A30, 0x220F, 0x2A2F,
    0x3250, 0x3A70, 0x3250, 0x3A30, 0x5211, 0x5231, 0x5251, 0x4251, 0x4291, 0x4B74, 0x63D5, 0x63D4,
    0x4291, 0x3A70, 0x2A50, 0x3270, 0x3A71, 0x4251, 0x5271, 0x5291, 0x3A71, 0x3291, 0x3291, 0x3271,
    0x3A71, 0x52B2, 0x5AB3, 0x5AD3, 0x52B2, 0x3A91, 0x3270, 0x3270, 0x2A51, 0x2A71, 0x3251, 0x3251,
    0x2A30, 0x2A71, 0x3292, 0x2A71, 0x2A71, 0x3291, 0x3A92, 0x3AB2, 0x3271, 0x3A92, 0x42D3, 0x42D3,
    0x42B2, 0x3250, 0x3271, 0x4271, 0x5AF3, 0x6313, 0x6B34, 0x42B1, 0x3A91, 0x3AB1, 0x4AD2, 0x5AF2,
    0x52D2, 0x52D2, 0x4291, 0x62F3, 0x6333, 0x6B12, 0x9B93, 0xB414, 0xA3D4, 0x9C14, 0x9C33, 0xB475,
    0xBC95, 0xBCB5, 0xBCD5, 0xBCF5, 0xBCF5, 0xC4B5, 0xCC74, 0xD454, 0xD474, 0xD475, 0xD474, 0xD475,
    0xD454, 0xD475, 0xD476, 0xD496, 0xD497, 0xC476, 0xC497, 0xC4D8, 0xDCD6, 0xDCD6, 0xE4D5, 0xDC96,
    0xD537, 0xCEDB, 0xD6FB, 0xD6FB, 0x5B2E, 0x8CD4, 0xEFBE, 0xEFBD, 0xEFFD, 0xEFFD, 0xEFFD, 0xEFFD,
    0xEFDD, 0xEFFD, 0xEFFD, 0xDF7C, 0xDF7C, 0xEFDD, 0xE79C, 0xE77C, 0xF7FD, 0xDF5B, 0xC5F9, 0xF75B,
    0xDE7A, 0xA477, 0x8BF5, 0x7312, 0x4A2D, 0x62B0, 0x83B5, 0x51CB, 0x30C5, 0x0042, 0x49EE, 0x6AD2,
    0x3108, 0x3908, 0x3928, 0x20C7, 0x292A, 0x3A91, 0x21ED, 0x094B, 0x096B, 0x094B, 0x0949, 0x00C5,
    0x00A5, 0x0928, 0x0929, 0x0908, 0x00A5, 0x00A5, 0x0084, 0x0084, 0x0084, 0x00A4, 0x00A4, 0x00A5,
    0x00A4, 0x00A4, 0x00A4, 0x00A4, 0x00A4, 0x00A4, 0x00A4, 0x00A4, 0x00A4, 0x0084, 0x0084, 0x0084,
    0x00A4, 0x0084, 0x00C6, 0x0107, 0x0108, 0x0109, 0x0109, 0x092A, 0x0929, 0x0908, 0x00C6, 0x00A4,
    0x00C5, 0x08C6, 0x08E7, 0x0908, 0x0908, 0x0108, 0x08E7, 0x08E7, 0x08E7, 0x08E7, 0x08E7, 0x08E7,
    0x00E7, 0x00A5, 0x00A4, 0x00A4, 0x0107, 0x0108, 0x0108, 0x00A5, 0x0084, 0x0084, 0x0084, 0x0084,
    0x0084, 0x0084, 0x0084, 0x0084, 0x0084, 0x0084, 0x0084, 0x0084, 0x0084, 0x0084, 0x0084, 0x0084,
    0x0084, 0x0084, 0x0084, 0x0084, 0x0084, 0x0084, 0x0084, 0x0084, 0x0084, 0x0084, 0x0084, 0x0084,
    0x0084, 0x0084, 0x00A4, 0x00A4, 0x00A5, 0x00A5, 0x00A5, 0x00A5, 0x00A4, 0x00A4, 0x0084, 0x08C5,
    0x08C6, 0x08E7, 0x08E6, 0x08E6, 0x0127, 0x0106, 0x00A4, 0x00E5, 0x00E6, 0x00A5, 0x0085, 0x0084,
    0x00A5, 0x00A5, 0x00C5, 0x00E6, 0x0907, 0x0909, 0x0909, 0x0929, 0x0909, 0x0929, 0x0949, 0x116A,
    0x116A, 0x0108, 0x0929, 0x114A, 0x112A, 0x418C, 0x620E, 0x61ED, 0x720D, 0x9AAF, 0x7A4E, 0x6A4E,
    0x31EE, 0x19AE, 0x19CD, 0x19CD, 0x29AC, 0x396A, 0x622D, 0x8AB0, 0x7A4F, 0x520E, 0x11AD, 0x11EE,
    0x19CE, 0x21EF, 0x19EE, 0x1A0E, 0x19EE, 0x21EE, 0x21EF, 0x39EF, 0x3A0F, 0x41EF, 0x49EF, 0x520F,
    0x6270, 0x5AD2, 0x4B33, 0x4B33, 0x4312, 0x19EE, 0x19EF, 0x220F, 0x220F, 0x1A0F, 0x21EF, 0x4210,
    0x5230, 0x4A30, 0x5230, 0x5230, 0x320F, 0x2A30, 0x2A50, 0x4B13, 0x5353, 0x5354, 0x4B12, 0x42B2,
    0x4A51, 0x4230, 0x3230, 0x3230, 0x3AB2, 0x5C36, 0x7518, 0x7518, 0x32B0, 0x3271, 0x2A50, 0x3270,
    0x3A71, 0x3A51, 0x4A71, 0x5291, 0x3A91, 0x32B1, 0x3AB1, 0x3AD2, 0x42D2, 0x5313, 0x52F3, 0x52F3,
    0x4AD2, 0x3AB2, 0x3AB1, 0x3AB1, 0x3AB2, 0x3AB1, 0x3AB2, 0x3AB2, 0x3AB1, 0x3AD2, 0x42F3, 0x3292,
    0x3AB2, 0x3AB2, 0x42D3, 0x42F3, 0x3271, 0x3AB2, 0x4AF3, 0x42D3, 0x3A92, 0x2A70, 0x3291, 0x4292,
    0x6313, 0x6313, 0x6313, 0x42B1, 0x42B1, 0x52F2, 0x6333, 0x7394, 0x8436, 0x8456, 0x8436, 0x7B74,
    0x7B53, 0x8B73, 0xA3B4, 0xABD4, 0x9BB3, 0xAC34, 0xB4B4, 0xC474, 0xCC34, 0xCC54, 0xD474, 0xD474,
    0xD454, 0xD454, 0xDC54, 0xDC54, 0xDC54, 0xE474, 0xE494, 0xE494, 0xE473, 0xE494, 0xECD5, 0xECD6,
    0xECD6, 0xE4F6, 0xCD17, 0xCD17, 0xED56, 0xF576, 0xF597, 0xF556, 0xEDD8, 0xDF9C, 0xDF9C, 0xDF7C,
    0x426A, 0x7C51, 0xEFDE, 0xEFBD, 0xEFFD, 0xEFFD, 0xEFFD, 0xEFFD, 0xEFDD, 0xEFDD, 0xEFDD, 0xEFBD,
    0xEFBE, 0xEFDD, 0xEFFD, 0xF7FD, 0xF7DD, 0xEF9C, 0xE73C, 0xC5F6, 0xBDB6, 0xD65A, 0xB4F7, 0x8B73,
    0x18C7, 0x41AB, 0x7B53, 0x3968, 0x2084, 0x0043, 0x41AC, 0x624F, 0x3065, 0x2844, 0x1043, 0x10C7,
    0x10E8, 0x092A, 0x094A, 0x0949, 0x0908, 0x0908, 0x0907, 0x00C5, 0x00C6, 0x0928, 0x0928, 0x0907,
    0x00A5, 0x0085, 0x00A4, 0x00A4, 0x00A4, 0x00A4, 0x00A4, 0x00A5, 0x00A4, 0x00A4, 0x00A4, 0x00A4,
    0x00A4, 0x00A4, 0x00A4, 0x00A4, 0x00A4, 0x00A4, 0x00A4, 0x0084, 0x00A4, 0x00C5, 0x0929, 0x096B,
    0x096C, 0x096C, 0x096B, 0x096C, 0x096B, 0x098B, 0x0929, 0x00E7, 0x0108, 0x0929, 0x096A, 0x096B,
    0x096B, 0x096B, 0x096B, 0x096B, 0x096B, 0x096B, 0x094B, 0x096B, 0x094A, 0x0909, 0x00C7, 0x00C5,
    0x00E6, 0x00C6, 0x00E6, 0x00A4, 0x0084, 0x0084, 0x0084, 0x0084, 0x0084, 0x0084, 0x0084, 0x0084,
    0x0084, 0x0084, 0x0084, 0x0084, 0x0084, 0x0084, 0x0084, 0x0084, 0x0084, 0x0084, 0x0084, 0x0084,
    0x0084, 0x0084, 0x0084, 0x0084, 0x0084, 0x0084, 0x0084, 0x0084, 0x0084, 0x0084, 0x00A4, 0x00A4,
    0x00A5, 0x00A5, 0x00A5, 0x00A5, 0x00A4, 0x00A4, 0x0084, 0x1106, 0x1128, 0x1949, 0x1948, 0x2148,
    0x0907, 0x08C6, 0x00A5, 0x08E6, 0x0907, 0x1169, 0x0948, 0x0906, 0x00A4, 0x00A4, 0x00A4, 0x00C5,
    0x08E7, 0x1129, 0x1149, 0x1129, 0x114A, 0x0929, 0x08E7, 0x08E7, 0x00E7, 0x1149, 0x116B, 0x198B,
    0x218B, 0x318C, 0x398C, 0x6A4E, 0x82AF, 0x9290, 0xA311, 0xA352, 0x31AC, 0x196C, 0x21AC, 0x29ED,
    0x298B, 0x18C6, 0x18E7, 0x2107, 0x6A0C, 0x41AB, 0x10E9, 0x198A, 0x19CC, 0x1A0E, 0x220F, 0x222F,
    0x19EF, 0x21EF, 0x3210, 0x4210, 0x4A0F, 0x4A10, 0x4A10, 0x5230, 0x6353, 0x7C77, 0x95BA, 0x9DDC,
    0x855A, 0x1A0E, 0x19EF, 0x1A0F, 0x220F, 0x1A0F, 0x1A0F, 0x3A10, 0x4210, 0x2A0F, 0x2A0F, 0x3210,
    0x220F, 0x3270, 0x4AB2, 0x8458, 0x8CB9, 0x8498, 0x63D6, 0x4B33, 0x3251, 0x2A50, 0x2A51, 0x2A51,
    0x2A71, 0x2A50, 0x2270, 0x2271, 0x2A91, 0x3291, 0x3251, 0x3270, 0x3A71, 0x4272, 0x3A71, 0x3271,
    0x32D1, 0x3AF2, 0x3B12, 0x4333, 0x4332, 0x4B33, 0x4B33, 0x4B33, 0x4B54, 0x4B33, 0x4B33, 0x4B53,
    0x4B54, 0x4B54, 0x5354, 0x5374, 0x5374, 0x5374, 0x5B95, 0x42D2, 0x3AB2, 0x3AB2, 0x42B2, 0x42B3,
    0x3271, 0x3AB2, 0x42B3, 0x3A92, 0x3A91, 0x42B2, 0x4291, 0x4292, 0x5AF3, 0x5AF3, 0x6313, 0x4AD1,
    0x4AF2, 0x6B74, 0x7353, 0x73B3, 0xC61B, 0xCE7D, 0xCE5C, 0x9415, 0x8B94, 0xA3D5, 0xABF4, 0xB3F3,
    0xB414, 0xBC34, 0xC453, 0xCC33, 0xD434, 0xDC34, 0xDC53, 0xE453, 0xE433, 0xDC33, 0xDC53, 0xDC54,
    0xDC74, 0xDC74, 0xDC93, 0xE473, 0xE453, 0xE453, 0xE433, 0xDC73, 0xDC94, 0xE516, 0xD4F7, 0xCD17,
    0xF5F7, 0xF616, 0xF617, 0xF617, 0xF699, 0xE79C, 0xE79D, 0xDF7C, 0x4AAB, 0x8492, 0xF7FF, 0xEFBD,
    0xEFDD, 0xEFFD, 0xEFFD, 0xEFFD, 0xEFDD, 0xEFDD, 0xEFDD, 0xEF9D, 0xEF9D, 0xF7DD, 0xF7DD, 0xF7DD,
    0xF7FD, 0xEFBD, 0xEF7D, 0x5289, 0x5AAB, 0xCE39, 0xC516, 0xAC34, 0x2927, 0x3149, 0x522D, 0x20E5,
    0x0863, 0x0062, 0x2949, 0x41CC, 0x30A5, 0x20A5, 0x0863, 0x08C6, 0x00E7, 0x00C8, 0x00E8, 0x00E8,
    0x00C6, 0x00C5, 0x00A5, 0x08A4, 0x00A5, 0x0085, 0x0084, 0x0084, 0x0084, 0x0084, 0x00A4, 0x00A4,
    0x00A4, 0x00A4, 0x00A4, 0x00A5, 0x0084, 0x0084, 0x00A4, 0x00A4, 0x00A4, 0x00A4, 0x00A4, 0x00A4,
    0x0084, 0x00A4, 0x00A4, 0x00A4, 0x00A4, 0x0907, 0x0149, 0x014A, 0x094A, 0x094A, 0x094A, 0x094B,
    0x096B, 0x016B, 0x098B, 0x096B, 0x094A, 0x0949, 0x094A, 0x096B, 0x096B, 0x096B, 0x096B, 0x096B,
    0x096A, 0x094A, 0x094A, 0x094A, 0x094A, 0x096A, 0x0928, 0x0907, 0x00A4, 0x0084, 0x0084, 0x00A4,
    0x00A4, 0x0084, 0x0084, 0x0084, 0x0084, 0x0084, 0x0084, 0x0084, 0x0084, 0x0084, 0x0084, 0x0084,
    0x0084, 0x0084, 0x0084, 0x0084, 0x0084, 0x0084, 0x0084, 0x0084, 0x0084, 0x0084, 0x0084, 0x0084,
    0x0084, 0x0084, 0x0084, 0x0084, 0x0084, 0x0084, 0x0084, 0x0084, 0x00A5, 0x00A5, 0x00A5, 0x00A5,
    0x00A4, 0x00A4, 0x00A4, 0x00C5, 0x00C6, 0x10C6, 0x2128, 0x3989, 0x2949, 0x1907, 0x08C6, 0x1106,
    0x1989, 0x3B50, 0x4391, 0x432F, 0x00C5, 0x0084, 0x00A4, 0x00A4, 0x00A5, 0x00A5, 0x00A6, 0x00A6,
    0x00C6, 0x00C6, 0x00C6, 0x0907, 0x0928, 0x0928, 0x1109, 0x0909, 0x1109, 0x296B, 0x41CD, 0x314B,
    0x314A, 0x396B, 0x59ED, 0x622D, 0x1908, 0x08C7, 0x08A6, 0x08A5, 0x00A5, 0x0884, 0x08A5, 0x0885,
    0x1085, 0x1085, 0x08A5, 0x08A4, 0x0907, 0x222E, 0x222F, 0x2A30, 0x2A0F, 0x2A10, 0x3A10, 0x4210,
    0x4A0F, 0x4A0F, 0x4A0F, 0x4A0F, 0x320F, 0x2A0F, 0x220F, 0x220F, 0x220F, 0x1A0F, 0x1A0F, 0x1A0F,
    0x21EF, 0x220F, 0x220F, 0x21EF, 0x2A0F, 0x220F, 0x222F, 0x220F, 0x2A0F, 0x3A50, 0x6291, 0x6291,
    0x5A92, 0x52D2, 0x3A71, 0x2A50, 0x2A31, 0x2A31, 0x2A51, 0x2A51, 0x2A71, 0x2A71, 0x2A91, 0x2A72,
    0x2A91, 0x2A71, 0x3251, 0x3271, 0x3A71, 0x4A52, 0x3A71, 0x3291, 0x3291, 0x2A91, 0x2A90, 0x2A91,
    0x2A91, 0x2A91, 0x2A91, 0x2A91, 0x2A91, 0x3291, 0x32B1, 0x32B1, 0x32B1, 0x32B1, 0x3291, 0x3292,
    0x3AB1, 0x3AB2, 0x42D2, 0x42D2, 0x3AB2, 0x3A92, 0x3A92, 0x3292, 0x2A51, 0x3271, 0x3271, 0x42B2,
    0x42B3, 0x52D2, 0x4A71, 0x4271, 0x6334, 0x62F3, 0x52B1, 0x5B12, 0x6333, 0x6B33, 0x6B32, 0x6B32,
    0x7333, 0x7353, 0x7B73, 0x8B94, 0x93B4, 0xABF3, 0xBC54, 0xCC95, 0xBC34, 0xCC34, 0xD433, 0xDC33,
    0xE433, 0xE453, 0xE453, 0xE453, 0xE433, 0xE453, 0xE473, 0xDC73, 0xDC73, 0xDC73, 0xDCB3, 0xE4D4,
    0xEC73, 0xE473, 0xE454, 0xE4B4, 0xE4F5, 0xE515, 0xD517, 0xCD37, 0xF5F6, 0xF5F6, 0xF5F7, 0xFDF7,
    0xF658, 0xE79C, 0xE79C, 0xDF5C, 0x3A28, 0x7C51, 0xFFFF, 0xE7BD, 0xEFDD, 0xEFDD, 0xEFDD, 0xEFFD,
    0xEFFD, 0xEFDD, 0xEFBE, 0xE79C, 0xEF9C, 0xF7BE, 0xEFBD, 0xEFBC, 0xF7BE, 0xDEFB, 0xBDD7, 0x83AF,
    0x7B6E, 0x8C10, 0xBCB4, 0xCD16, 0x3147, 0x28C6, 0x30E6, 0x1883, 0x0063, 0x0084, 0x08A6, 0x08E8,
    0x10E8, 0x1108, 0x08E8, 0x0929, 0x014A, 0x094A, 0x094A, 0x016B, 0x094A, 0x0929, 0x0908, 0x00C6,
    0x00A5, 0x00A5, 0x00A4, 0x00A4, 0x0084, 0x0084, 0x00A4, 0x00A4, 0x00A5, 0x00A5, 0x00A5, 0x00A5,
    0x00A4, 0x00A4, 0x00A4, 0x00A4, 0x00A4, 0x00A4, 0x00A4, 0x00A4, 0x0085, 0x00A5, 0x00A5, 0x00A5,
    0x00C5, 0x00E7, 0x0108, 0x0107, 0x00E7, 0x00E7, 0x00E7, 0x0928, 0x096A, 0x096B, 0x016B, 0x096B,
    0x016B, 0x016B, 0x016B, 0x096B, 0x096B, 0x096A, 0x094A, 0x094A, 0x094A, 0x0908, 0x00C6, 0x0928,
    0x0928, 0x0908, 0x0908, 0x0928, 0x00A5, 0x0084, 0x0084, 0x0084, 0x0084, 0x0084, 0x0084, 0x0084,
    0x0084, 0x0084, 0x0084, 0x0084, 0x0084, 0x0084, 0x0084, 0x0084, 0x0084, 0x0084, 0x0084, 0x0084,
    0x0084, 0x0084, 0x0084, 0x0084, 0x0084, 0x0084, 0x0084, 0x0084, 0x0084, 0x0084, 0x0084, 0x0084,
    0x0084, 0x0084, 0x0084, 0x0084, 0x00A5, 0x00A5, 0x00A5, 0x00A5, 0x0084, 0x00C4, 0x0906, 0x1149,
    0x1128, 0x00A5, 0x2107, 0x3928, 0x3128, 0x20E7, 0x1085, 0x42AD, 0x4350, 0x224B, 0x1169, 0x08E6,
    0x08A5, 0x00A5, 0x00A5, 0x00A5, 0x00A5, 0x00C5, 0x00C6, 0x00C5, 0x00C5, 0x00C5, 0x00A5, 0x00A5,
    0x00C5, 0x00C5, 0x00C6, 0x08C6, 0x1948, 0x2149, 0x294A, 0x294A, 0x296A, 0x214A, 0x18E7, 0x10C6,
    0x08A6, 0x08A5, 0x0085, 0x00A5, 0x00A4, 0x00A4, 0x0085, 0x00A5, 0x00A5, 0x00A5, 0x08A5, 0x0884,
    0x10E6, 0x2A0F, 0x2A0F, 0x2A30, 0x29EF, 0x31EF, 0x39EF, 0x4A10, 0x4A30, 0x422F, 0x422F, 0x4210,
    0x29EF, 0x220F, 0x2A0F, 0x2A30, 0x2A30, 0x2A30, 0x2A30, 0x2230, 0x2230, 0x2230, 0x2230, 0x2A50,
    0x2230, 0x2230, 0x2A30, 0x2A10, 0x4A51, 0x5A51, 0x6A71, 0x6292, 0x5292, 0x3A50, 0x3250, 0x2A30,
    0x2A31, 0x2A31, 0x2A51, 0x2A51, 0x2A50, 0x2A71, 0x2A71, 0x2A91, 0x2A91, 0x2A71, 0x3251, 0x3271,
    0x3A71, 0x4272, 0x3A71, 0x3271, 0x3271, 0x2A91, 0x2A91, 0x3291, 0x3292, 0x2A91, 0x3291, 0x3291,
    0x2A71, 0x2A91, 0x3291, 0x3291, 0x3291, 0x3291, 0x3291, 0x3271, 0x3291, 0x3A92, 0x4AD3, 0x3A92,
    0x3291, 0x3291, 0x3271, 0x2A50, 0x2A71, 0x3291, 0x3291, 0x42B2, 0x4AD2, 0x6313, 0x5AF3, 0x62F2,
    0x6B54, 0x6B33, 0x62F1, 0x6B12, 0x7333, 0x7B53, 0x7B53, 0x7B53, 0x93F5, 0x9C35, 0x9C56, 0xA415,
    0xAC15, 0xB414, 0xBC14, 0xBC34, 0xC454, 0xDC53, 0xE432, 0xE433, 0xEC33, 0xEC32, 0xEC53, 0xEC53,
    0xEC33, 0xEC53, 0xE453, 0xE473, 0xE473, 0xE473, 0xE493, 0xE4B3, 0xEC73, 0xDC73, 0xDC94, 0xE4F4,
    0xED35, 0xF597, 0xDD57, 0xD537, 0xED95, 0xED75, 0xED75, 0xED55, 0xEE17, 0xE79C, 0xE79D, 0xEF9D,
    0xCEBA, 0xDF1C, 0xF7DE, 0xE7DD, 0xE7DD, 0xEFDD, 0xEFDD, 0xEFFD, 0xEFDD, 0xD6FA, 0xB5F7, 0xDF3B,
    0xDF1B, 0x94B2, 0xD6DA, 0xF7DD, 0x6B4D, 0x9471, 0xEF3D, 0xDE7A, 0xBD55, 0x6AED, 0xAC53, 0xCCD6,
    0x3906, 0x28A5, 0x28E5, 0x10C6, 0x08E8, 0x094A, 0x094B, 0x096A, 0x094B, 0x096A, 0x0149, 0x0108,
    0x0108, 0x00E7, 0x00E7, 0x0108, 0x00C6, 0x00C6, 0x00C6, 0x00A5, 0x00A5, 0x00A5, 0x00A4, 0x00A4,
    0x00A4, 0x0084, 0x00A4, 0x00A4, 0x00A5, 0x00A5, 0x00A5, 0x00A5, 0x00A4, 0x00A4, 0x00A4, 0x00A4,
    0x00A4, 0x00A4, 0x0084, 0x00A6, 0x094A, 0x096A, 0x096A, 0x0928, 0x0907, 0x0929, 0x0929, 0x094A,
    0x094A, 0x0929, 0x0107, 0x00E6, 0x00E7, 0x0949, 0x094A, 0x096B, 0x096B, 0x016B, 0x096A, 0x0129,
    0x0108, 0x00E6, 0x00C6, 0x00C6, 0x00A5, 0x00A4, 0x00A4, 0x00A5, 0x00A5, 0x00A5, 0x00A5, 0x00C5,
    0x0084, 0x0084, 0x0084, 0x0084, 0x0084, 0x0084, 0x0084, 0x0084, 0x0084, 0x0084, 0x0084, 0x0084,
    0x0084, 0x0084, 0x0084, 0x0084, 0x0084, 0x0084, 0x0084, 0x0084, 0x0084, 0x0084, 0x0084, 0x0084,
    0x0084, 0x0084, 0x0084, 0x0084, 0x0084, 0x0084, 0x0084, 0x0084, 0x0084, 0x0084, 0x0084, 0x0084,
    0x00A4, 0x00A4, 0x00A5, 0x00A5, 0x0084, 0x00A4, 0x00C5, 0x08E6, 0x08C6, 0x0085, 0x08A6, 0x10C7,
    0x196A, 0x196A, 0x0949, 0x11CB, 0x19CB, 0x0906, 0x21C9, 0x2A0A, 0x00E6, 0x00C5, 0x00A5, 0x00A5,
    0x00A5, 0x00A5, 0x00A5, 0x00A5, 0x08A5, 0x00A5, 0x00A5, 0x00A5, 0x00A5, 0x00A5, 0x00A5, 0x00A5,
    0x08C6, 0x08C6, 0x08C6, 0x08C6, 0x08C6, 0x0886, 0x08A5, 0x08A6, 0x08E7, 0x08E7, 0x00E7, 0x0908,
    0x08E7, 0x00A4, 0x00A5, 0x00A5, 0x0085, 0x1128, 0x29AB, 0x31AB, 0x39AC, 0x31EE, 0x2A0F, 0x220F,
    0x3210, 0x3A10, 0x4A10, 0x5210, 0x4A10, 0x322F, 0x3A0F, 0x3A10, 0x2A2F, 0x2A0F, 0x29EF, 0x2A30,
    0x2A30, 0x3230, 0x3230, 0x3230, 0x220F, 0x220F, 0x220F, 0x220F, 0x220F, 0x220F, 0x2A30, 0x3A10,
    0x4A50, 0x6271, 0x62B1, 0x4271, 0x3AB2, 0x5334, 0x4313, 0x3AD2, 0x2A31, 0x2A31, 0x2A51, 0x2A51,
    0x2A51, 0x2A91, 0x2AB1, 0x32D2, 0x3291, 0x3291, 0x3271, 0x3271, 0x3A71, 0x4272, 0x3A71, 0x3271,
    0x3271, 0x3271, 0x3291, 0x3292, 0x3292, 0x3292, 0x3291, 0x3291, 0x2A71, 0x3271, 0x3271, 0x3292,
    0x3A92, 0x3AB2, 0x3291, 0x3271, 0x3AB2, 0x42B3, 0x4AD3, 0x3A72, 0x3271, 0x2A50, 0x2A70, 0x3290,
    0x3291, 0x3AB2, 0x3AB2, 0x4AD2, 0x4AD1, 0x4A2E, 0x62D1, 0x7333, 0x5AB0, 0x6B12, 0x9415, 0x93F4,
    0x8BD4, 0x93D3, 0x93D4, 0x8BD4, 0x9414, 0x9C14, 0xA414, 0xB414, 0xB434, 0xB434, 0xB454, 0xB454,
    0xC474, 0xD453, 0xE432, 0xE452, 0xEC52, 0xEC52, 0xEC73, 0xF473, 0xEC53, 0xEC73, 0xEC93, 0xEC93,
    0xEC73, 0xEC74, 0xEC94, 0xEC93, 0xE473, 0xE515, 0xEDB7, 0xED75, 0xE514, 0xB3AF, 0xCCD4, 0xE557,
    0xE535, 0xED35, 0xED55, 0xED34, 0xEDF7, 0xE77C, 0xEFDE, 0xFFFF, 0xEF9E, 0xEF9E, 0xEFBD, 0xE7DD,
    0xE7DD, 0xEFDD, 0xEFDD, 0xEFBD, 0xF7DE, 0x8CD3, 0x2146, 0xD6DA, 0xD6DA, 0x18C3, 0xB595, 0xFFFE,
    0x5AAB, 0x528A, 0x7B8F, 0x9C31, 0x8BAF, 0x49A9, 0xA3F1, 0xDD57, 0x3907, 0x18A4, 0x1084, 0x08A5,
    0x0107, 0x094A, 0x094A, 0x016A, 0x096B, 0x092A, 0x00E8, 0x0108, 0x00E7, 0x00E7, 0x0908, 0x0928,
    0x00A6, 0x08C6, 0x0928, 0x0929, 0x0928, 0x0908, 0x0908, 0x08E7, 0x00A4, 0x0084, 0x0084, 0x00A4,
    0x00A5, 0x00A4, 0x00A5, 0x00A5, 0x00A4, 0x00A4, 0x0084, 0x0084, 0x00A4, 0x0084, 0x08E6, 0x094A,
    0x096C, 0x096B, 0x096B, 0x096A, 0x096A, 0x094B, 0x094A, 0x094A, 0x096A, 0x0969, 0x0928, 0x00C5,
    0x00A4, 0x00C6, 0x00E7, 0x0108, 0x00E7, 0x00E8, 0x0109, 0x0928, 0x0907, 0x00A4, 0x0084, 0x0084,
    0x0084, 0x0084, 0x0084, 0x0084, 0x0084, 0x0084, 0x0084, 0x0083, 0x0083, 0x0084, 0x0084, 0x0084,
    0x0084, 0x0084, 0x0084, 0x0084, 0x0084, 0x0084, 0x0084, 0x0084, 0x0084, 0x0084, 0x0084, 0x0084,
    0x0084, 0x0084, 0x0084, 0x0084, 0x0084, 0x0084, 0x0084, 0x0084, 0x0084, 0x0084, 0x0084, 0x0084,
    0x0084, 0x0084, 0x0084, 0x0084, 0x0084, 0x0084, 0x0084, 0x0084, 0x00A4, 0x00A4, 0x00A5, 0x00A5,
    0x00A4, 0x00A4, 0x00A4, 0x00A4, 0x00A4, 0x00A5, 0x00A5, 0x00C7, 0x098B, 0x09AC, 0x09AC, 0x016B,
    0x0129, 0x08C6, 0x1128, 0x1968, 0x00A5, 0x00A5, 0x00C5, 0x00A5, 0x00A5, 0x00A4, 0x0084, 0x0064,
    0x0064, 0x0064, 0x0084, 0x00A4, 0x00A4, 0x00A4, 0x00A4, 0x00A4, 0x0084, 0x00A5, 0x00A5, 0x08E7,
    0x0908, 0x0908, 0x1949, 0x214A, 0x198B, 0x196B, 0x114A, 0x096B, 0x0929, 0x00A5, 0x00C5, 0x00C5,
    0x00A5, 0x1129, 0x29CD, 0x31ED, 0x3A0E, 0x3A0F, 0x3210, 0x2A30, 0x4230, 0x4230, 0x4A30, 0x5230,
    0x4230, 0x2A2F, 0x320F, 0x322F, 0x116C, 0x19AD, 0x2A0F, 0x2A0F, 0x2A30, 0x3A30, 0x4230, 0x3A30,
    0x220F, 0x1A0F, 0x1A0F, 0x220F, 0x2230, 0x3250, 0x3A50, 0x4250, 0x5271, 0x5A91, 0x5A91, 0x3251,
    0x2A71, 0x3AF3, 0x3AD2, 0x3291, 0x2A31, 0x3231, 0x3251, 0x2A51, 0x2A51, 0x2250, 0x2270, 0x2A71,
    0x2210, 0x2A10, 0x2A10, 0x2A10, 0x2A10, 0x3210, 0x3251, 0x3291, 0x3291, 0x3291, 0x3291, 0x3291,
    0x3291, 0x3292, 0x3291, 0x3291, 0x2A71, 0x3291, 0x3292, 0x3A92, 0x3A92, 0x42B2, 0x3291, 0x3271,
    0x42D3, 0x4AB3, 0x4AD3, 0x3251, 0x2A50, 0x2250, 0x3270, 0x32B1, 0x3AB2, 0x3AB2, 0x42D3, 0x52F2,
    0x5AF1, 0x72CF, 0x7B31, 0x7332, 0x318B, 0x524E, 0x8BD4, 0x9C34, 0x9C34, 0x93D4, 0x93D4, 0x9BD4,
    0x9BB4, 0x9BB3, 0x9BB3, 0xABF3, 0xABF4, 0xA414, 0xAC54, 0xB474, 0xC494, 0xD474, 0xE453, 0xE453,
    0xE453, 0xE453, 0xEC53, 0xEC53, 0xEC74, 0xEC74, 0xEC74, 0xEC93, 0xEC73, 0xEC74, 0xEC74, 0xEC94,
    0xE494, 0xED56, 0xEE38, 0xED95, 0xED34, 0xCC92, 0xDD55, 0xEDB7, 0xED75, 0xED74, 0xF595, 0xED95,
    0xE617, 0xEFBD, 0xADB6, 0x73AF, 0x52CB, 0x94F3, 0xF7FF, 0xE7BD, 0xE7DD, 0xEFDD, 0xEFDD, 0xF7DD,
    0xFFFF, 0xB618, 0x73CF, 0x9D54, 0x9CF3, 0x5ACC, 0xBDF7, 0xF77D, 0x83AF, 0x524A, 0x2906, 0x4187,
    0x49A7, 0x49A9, 0x622B, 0x6A8B, 0x18A4, 0x08A5, 0x08C6, 0x0908, 0x0129, 0x0929, 0x0929, 0x0928,
    0x0907, 0x00E7, 0x00C6, 0x00E7, 0x00E7, 0x00E7, 0x00E6, 0x00E6, 0x00A5, 0x08C6, 0x08E7, 0x00E8,
    0x08E8, 0x00E7, 0x00E7, 0x08C6, 0x00A4, 0x0084, 0x00A3, 0x00A4, 0x00A4, 0x00A4, 0x00A4, 0x00A4,
    0x0084, 0x0085, 0x0085, 0x00A4, 0x00A4, 0x00A4, 0x0928, 0x098C, 0x096B, 0x096B, 0x096B, 0x018B,
    0x098B, 0x098B, 0x0129, 0x00E7, 0x0106, 0x0107, 0x0929, 0x0908, 0x08E7, 0x00A5, 0x00E7, 0x0929,
    0x0129, 0x0129, 0x0929, 0x0929, 0x0908, 0x00A4, 0x00A4, 0x00A4, 0x00A4, 0x00A4, 0x00A4, 0x0084,
    0x0084, 0x0084, 0x0084, 0x0084, 0x0084, 0x0084, 0x0084, 0x0084, 0x0084, 0x0084, 0x0084, 0x0084,
    0x0084, 0x0084, 0x0084, 0x0084, 0x0084, 0x0084, 0x0084, 0x0084, 0x0084, 0x0084, 0x0084, 0x0084,
    0x0084, 0x0084, 0x0084, 0x0084, 0x0084, 0x0084, 0x0084, 0x0084, 0x0084, 0x0084, 0x0084, 0x0084,
    0x0084, 0x0084, 0x0084, 0x0084, 0x00A4, 0x00A4, 0x0084, 0x0084, 0x00A4, 0x00A4, 0x00A4, 0x00A4,
    0x00A4, 0x00A5, 0x00A5, 0x00E6, 0x0928, 0x0928, 0x0928, 0x0929, 0x0929, 0x2969, 0x3149, 0x3149,
    0x418A, 0x2928, 0x0084, 0x00A5, 0x00A5, 0x08A5, 0x20E6, 0x3928, 0x4169, 0x3968, 0x2948, 0x10E7,
    0x08C6, 0x00E6, 0x0907, 0x0907, 0x0908, 0x1929, 0x216A, 0x29CC, 0x29ED, 0x31EE, 0x4A0F, 0x522E,
    0x29CE, 0x19AD, 0x11AD, 0x118D, 0x094A, 0x00A6, 0x08C6, 0x00E6, 0x08E7, 0x116A, 0x21CE, 0x21CE,
    0x29EE, 0x4A30, 0x3A0F, 0x320F, 0x4230, 0x4A30, 0x4A30, 0x4230, 0x3A2F, 0x2A0F, 0x21CD, 0x198B,
    0x00C7, 0x114A, 0x2A30, 0x2A30, 0x3230, 0x3A10, 0x4230, 0x4230, 0x220F, 0x220F, 0x222F, 0x2230,
    0x2A30, 0x3251, 0x4271, 0x4A71, 0x4A30, 0x4A50, 0x4A70, 0x3271, 0x2A51, 0x2A50, 0x2A50, 0x3251,
    0x3251, 0x3251, 0x3251, 0x2A51, 0x3292, 0x4B74, 0x53D5, 0x5C16, 0x53F5, 0x5BF5, 0x5C16, 0x5C16,
    0x5C16, 0x6C57, 0x4B54, 0x2A71, 0x3291, 0x3271, 0x2A71, 0x3292, 0x3292, 0x3292, 0x3291, 0x3291,
    0x3271, 0x3291, 0x3292, 0x42B2, 0x42B2, 0x3A91, 0x3291, 0x3A92, 0x5B55, 0x5314, 0x3AB2, 0x2A50,
    0x2A50, 0x2A50, 0x3A71, 0x3A91, 0x3A92, 0x4AD2, 0x5312, 0x424E, 0x524D, 0x9BB3, 0x93D3, 0x8BB3,
    0x524D, 0x5AAF, 0x7352, 0x9414, 0xA454, 0x9C14, 0xAC15, 0xB415, 0x9BB3, 0x9B93, 0x9B93, 0xA3D3,
    0xA3D3, 0xA3F3, 0xAC34, 0xBC74, 0xCC74, 0xD474, 0xDC74, 0xDC74, 0xD473, 0xDC73, 0xDC53, 0xDC53,
    0xDC54, 0xDC54, 0xDC54, 0xE474, 0xE474, 0xE473, 0xE474, 0xEC94, 0xED15, 0xED96, 0xEDF7, 0xED95,
    0xF555, 0xF5B7, 0xF5B7, 0xF5D7, 0xF5F6, 0xF5F5, 0xF616, 0xE617, 0xDE58, 0xF7FF, 0x7C10, 0x0862,
    0x3A29, 0x8CB2, 0xF7FF, 0xE7BD, 0xE7DD, 0xEFDD, 0xEFDD, 0xE77C, 0x94F4, 0xBE39, 0xEFDF, 0xADD6,
    0xA576, 0xD6BB, 0xD6BA, 0xD69A, 0x834E, 0x49E9, 0x20C4, 0x18A4, 0x20C4, 0x3947, 0x20A4, 0x0822,
    0x00C6, 0x00E8, 0x094B, 0x096B, 0x096A, 0x0108, 0x0929, 0x0908, 0x00A5, 0x00A5, 0x00A5, 0x00A6,
    0x00A6, 0x00A5, 0x00A4, 0x00A4, 0x00E6, 0x08E6, 0x00E6, 0x00E7, 0x00E7, 0x00E6, 0x00A5, 0x0084,
    0x00A4, 0x0084, 0x00A4, 0x00A5, 0x00A5, 0x00A5, 0x00A5, 0x00A5, 0x00E7, 0x0107, 0x00E8, 0x0108,
    0x00E7, 0x00A5, 0x0908, 0x096B, 0x096B, 0x096C, 0x096C, 0x094A, 0x0929, 0x0949, 0x00C6, 0x00A4,
    0x0083, 0x00A6, 0x0908, 0x0908, 0x00E7, 0x00A6, 0x00E6, 0x0928, 0x0949, 0x094A, 0x0949, 0x0108,
    0x08E7, 0x00A4, 0x0084, 0x00A4, 0x00A4, 0x00A4, 0x00A4, 0x0084, 0x0084, 0x0084, 0x0084, 0x0084,
    0x0084, 0x0084, 0x0084, 0x0084, 0x0084, 0x0084, 0x0084, 0x0084, 0x0084, 0x0084, 0x0084, 0x0084,
    0x0084, 0x0084, 0x0084, 0x0084, 0x0084, 0x0084, 0x0084, 0x0084, 0x0084, 0x0084, 0x0084, 0x0084,
    0x0084, 0x0084, 0x0084, 0x0084, 0x0084, 0x0084, 0x0084, 0x0084, 0x0084, 0x0084, 0x0084, 0x0084,
    0x00A4, 0x0084, 0x00C5, 0x00E6, 0x00A4, 0x0084, 0x00A4, 0x00A4, 0x00A4, 0x00A5, 0x00A4, 0x00A5,
    0x00A5, 0x00C6, 0x08E6, 0x00C6, 0x1108, 0x49AB, 0x6A0E, 0x7A8F, 0x8290, 0x620D, 0x2907, 0x08C5,
    0x00C5, 0x10C5, 0x3948, 0x69EC, 0x724D, 0x7A6D, 0x7A8E, 0x296B, 0x194B, 0x118B, 0x11AB, 0x19CC,
    0x19AC, 0x31ED, 0x41EF, 0x526F, 0x5A8F, 0x6A70, 0x624F, 0x5A4F, 0x21EE, 0x11CE, 0x19CE, 0x098C,
    0x0949, 0x00A6, 0x0908, 0x114A, 0x196B, 0x19CD, 0x2210, 0x2A30, 0x322F, 0x5230, 0x3A0F, 0x31EF,
    0x3A30, 0x3A30, 0x4A50, 0x320F, 0x2A0F, 0x3250, 0x218D, 0x0908, 0x08C5, 0x196A, 0x2A50, 0x2A2F,
    0x3230, 0x4210, 0x5231, 0x5251, 0x2A2F, 0x2230, 0x2A30, 0x2A50, 0x2A30, 0x2A30, 0x4271, 0x5271,
    0x31CE, 0x3A0F, 0x5271, 0x3251, 0x2A51, 0x2A50, 0x2A51, 0x3272, 0x2A30, 0x2A31, 0x3251, 0x2A51,
    0x3AD2, 0x6458, 0x7CF9, 0x8D5B, 0x855A, 0x857B, 0x8D9B, 0x8DBB, 0x8DBB, 0x95DC, 0x5C16, 0x2A50,
    0x3291, 0x2A71, 0x2A51, 0x3292, 0x3292, 0x3292, 0x3291, 0x3271, 0x3271, 0x3292, 0x3A92, 0x42B3,
    0x4AB2, 0x3270, 0x3291, 0x3AB2, 0x6395, 0x5314, 0x3250, 0x3271, 0x3271, 0x3A91, 0x3A91, 0x42B0,
    0x4AB2, 0x5AF3, 0x6B53, 0x3189, 0x3948, 0x93B4, 0x8372, 0x8371, 0x9C34, 0x9BF3, 0x9393, 0xAC13,
    0xB454, 0xBC76, 0xBC75, 0xBC75, 0xA3D4, 0xA3B4, 0xABB4, 0xA3D4, 0xA3D3, 0xA3F3, 0xB434, 0xCC54,
    0xDC54, 0xDC53, 0xDC73, 0xDC54, 0xDC54, 0xDC54, 0xDC53, 0xD433, 0xD454, 0xCC75, 0xCC75, 0xDC75,
    0xE474, 0xE493, 0xE4B4, 0xECD4, 0xF555, 0xF596, 0xEDB7, 0xF575, 0xED55, 0xED76, 0xED96, 0xF5D5,
    0xEE17, 0xEE16, 0xEE37, 0xBD55, 0xBDB6, 0xF7DE, 0xA535, 0x5AEC, 0xA535, 0xC679, 0xEFDE, 0xE7BD,
    0xE7DD, 0xEFDD, 0xF7FE, 0xDF3B, 0x0042, 0x634E, 0xCEBB, 0xEFBE, 0xEF9E, 0xAD96, 0x9CD4, 0x8432,
    0x3987, 0x20C4, 0x1883, 0x1084, 0x1083, 0x0863, 0x0883, 0x00A5, 0x096A, 0x098B, 0x016C, 0x016A,
    0x0128, 0x0108, 0x0107, 0x00C6, 0x00A5, 0x00A4, 0x0084, 0x0084, 0x0084, 0x00A4, 0x00A4, 0x00A4,
    0x08E7, 0x0929, 0x096A, 0x094A, 0x0929, 0x0928, 0x00C6, 0x00A4, 0x0084, 0x00A4, 0x00A4, 0x00A5,
    0x00A5, 0x00A5, 0x08C7, 0x0908, 0x096A, 0x096B, 0x096C, 0x098C, 0x094A, 0x00E7, 0x0929, 0x096B,
    0x096B, 0x096A, 0x094A, 0x0107, 0x00C6, 0x00C6, 0x00A5, 0x0084, 0x00A4, 0x00A5, 0x00C6, 0x00C5,
    0x00A4, 0x00A4, 0x0084, 0x00A5, 0x00C5, 0x00C6, 0x00C6, 0x00A5, 0x00A5, 0x0084, 0x0084, 0x00A4,
    0x00A4, 0x00A4, 0x00A4, 0x0084, 0x0084, 0x0084, 0x0084, 0x0084, 0x0084, 0x0084, 0x0084, 0x0084,
    0x0084, 0x0084, 0x0084, 0x0084, 0x0084, 0x0084, 0x0084, 0x0084, 0x0084, 0x0084, 0x0084, 0x0084,
    0x0084, 0x0084, 0x0084, 0x0084, 0x0084, 0x0084, 0x0084, 0x0084, 0x0084, 0x0084, 0x0084, 0x0084,
    0x0084, 0x0084, 0x0084, 0x0084, 0x0084, 0x0084, 0x0084, 0x0084, 0x0084, 0x0084, 0x0927, 0x1168,
    0x00A5, 0x0085, 0x00A4, 0x00A4, 0x00A4, 0x00A4, 0x00A4, 0x00A5, 0x08E6, 0x0948, 0x118A, 0x118B,
    0x118A, 0x2108, 0x314A, 0x416B, 0x30E9, 0x498B, 0x7AF0, 0x2128, 0x00A5, 0x08C5, 0x08A5, 0x08A5,
    0x0063, 0x3127, 0x6A6D, 0x29AC, 0x198D, 0x19CD, 0x19ED, 0x19EE, 0x29AD, 0x31AD, 0x398D, 0x49EE,
    0x5A2F, 0x6270, 0x41ED, 0x31AE, 0x2210, 0x21EF, 0x21EE, 0x094B, 0x0909, 0x00C8, 0x112A, 0x21AD,
    0x19CD, 0x220E, 0x322F, 0x4250, 0x4A70, 0x4A30, 0x3A0F, 0x29EF, 0x2A10, 0x3A30, 0x4230, 0x3210,
    0x3230, 0x3A71, 0x3250, 0x324F, 0x08C5, 0x1129, 0x2A51, 0x29EE, 0x320E, 0x5A71, 0x6271, 0x5A91,
    0x2A30, 0x2A30, 0x2A31, 0x2A30, 0x2A50, 0x2A30, 0x5291, 0x6AD2, 0x4A0F, 0x4A30, 0x5271, 0x3A70,
    0x3251, 0x3251, 0x3251, 0x3251, 0x21CF, 0x2A10, 0x2A51, 0x3251, 0x3271, 0x2A50, 0x2A50, 0x2A30,
    0x2A50, 0x2A50, 0x2A50, 0x2A70, 0x2A30, 0x11CE, 0x2230, 0x3291, 0x3271, 0x2A71, 0x2A51, 0x2A51,
    0x2A50, 0x3271, 0x2A71, 0x3271, 0x3292, 0x3292, 0x3A91, 0x3A92, 0x3A92, 0x3A92, 0x4292, 0x42B3,
    0x4AF3, 0x4AB3, 0x3A91, 0x3A71, 0x3A91, 0x42D2, 0x3A6F, 0x3A4E, 0x5AF2, 0x6B33, 0x83B4, 0x4A2C,
    0x51CB, 0xA3F5, 0x51EC, 0x3928, 0xA413, 0xAC34, 0xBC55, 0xBC14, 0xBC13, 0xBC15, 0xA3D3, 0x9373,
    0xABF5, 0xB415, 0xABF4, 0xABF4, 0xAC14, 0xB434, 0xCC54, 0xE453, 0xE453, 0xEC53, 0xEC73, 0xEC73,
    0xEC74, 0xEC53, 0xEC73, 0xE474, 0xEC94, 0xE4B5, 0xE4B5, 0xEC94, 0xECB3, 0xECD4, 0xF4B4, 0xF4D4,
    0xECF4, 0xED14, 0xED56, 0xF535, 0xED36, 0xD535, 0xED95, 0xF5D5, 0xCD75, 0xD5B6, 0xEE57, 0x6B2D,
    0x73B0, 0xF7BF, 0xD6DB, 0xBE19, 0x6B6E, 0x9D34, 0xF7FF, 0xE7BD, 0xEFDD, 0xEFDD, 0xF7FE, 0xDF3C,
    0x324A, 0x4AEC, 0x6BAE, 0xCE99, 0xB5D7, 0x0042, 0x0864, 0x0043, 0x0884, 0x0884, 0x0884, 0x0084,
    0x08A4, 0x00C5, 0x00A5, 0x00A5, 0x0929, 0x0949, 0x096A, 0x00E7, 0x00A6, 0x0908, 0x00C6, 0x00A5,
    0x00A5, 0x00A4, 0x00A4, 0x0084, 0x0084, 0x00A4, 0x00A4, 0x00A5, 0x08E7, 0x0908, 0x0908, 0x00C7,
    0x00C6, 0x00C5, 0x00A5, 0x00A4, 0x00A4, 0x00A4, 0x00A4, 0x00A5, 0x00C6, 0x00C6, 0x0929, 0x096B,
    0x096B, 0x096B, 0x094A, 0x094A, 0x094A, 0x094A, 0x094A, 0x014A, 0x094A, 0x0108, 0x00E6, 0x00C5,
    0x00A4, 0x00A4, 0x00A4, 0x00A4, 0x00A4, 0x00A4, 0x00A4, 0x00A4, 0x00A4, 0x00A4, 0x00A4, 0x00A4,
    0x00A4, 0x0084, 0x00A4, 0x00A4, 0x00A4, 0x00A4, 0x00A4, 0x00A4, 0x0084, 0x0084, 0x0084, 0x0084,
    0x0084, 0x0084, 0x0084, 0x0084, 0x0084, 0x0084, 0x0084, 0x0084, 0x0084, 0x0084, 0x0084, 0x0084,
    0x0084, 0x0084, 0x0084, 0x0084, 0x0084, 0x0084, 0x0084, 0x0084, 0x0084, 0x0084, 0x0084, 0x0084,
    0x0084, 0x0084, 0x0084, 0x0084, 0x0084, 0x0084, 0x0084, 0x0084, 0x0084, 0x0084, 0x0084, 0x0084,
    0x0084, 0x0084, 0x0084, 0x0084, 0x0084, 0x00A4, 0x00A5, 0x00A5, 0x00A4, 0x00A4, 0x00A4, 0x00A4,
    0x00A4, 0x00A4, 0x00A4, 0x00A5, 0x00E6, 0x0107, 0x0928, 0x0128, 0x00E7, 0x08A6, 0x08A5, 0x08C6,
    0x10A6, 0x08A6, 0x0885, 0x0885, 0x00A5, 0x00A5, 0x00A5, 0x08A5, 0x08A6, 0x10A5, 0x10A5, 0x08E9,
    0x090A, 0x092A, 0x116B, 0x196B, 0x298C, 0x298C, 0x298C, 0x29AD, 0x31AD, 0x31CE, 0x422F, 0x4250,
    0x4251, 0x4A91, 0x4AD2, 0x2A0F, 0x19AC, 0x08E8, 0x198C, 0x220F, 0x222F, 0x322F, 0x39EF, 0x4A10,
    0x4A10, 0x5251, 0x3230, 0x220F, 0x2230, 0x3230, 0x4250, 0x2A0F, 0x2A0F, 0x3270, 0x3250, 0x2A30,
    0x08C6, 0x1149, 0x2A51, 0x214B, 0x296B, 0x6291, 0x6AB1, 0x6AD2, 0x3A91, 0x3A91, 0x3A91, 0x2A0F,
    0x29EF, 0x3230, 0x5271, 0x6A91, 0x7AB2, 0x7AD3, 0x72D3, 0x5AD2, 0x4AD2, 0x4AB2, 0x4292, 0x4271,
    0x2A10, 0x3231, 0x3251, 0x3251, 0x3251, 0x2A51, 0x3251, 0x2A71, 0x2A92, 0x3292, 0x3271, 0x3291,
    0x2A50, 0x19CE, 0x2A30, 0x3271, 0x2A71, 0x2A50, 0x2A50, 0x2A50, 0x2A50, 0x2A71, 0x2A71, 0x3271,
    0x3292, 0x3292, 0x3271, 0x3A71, 0x3A92, 0x4AD3, 0x42B3, 0x42B3, 0x52F3, 0x4271, 0x198D, 0x3A70,
    0x42B1, 0x52F3, 0x31CD, 0x1909, 0x6311, 0x7B53, 0x8B93, 0x7B51, 0x8330, 0xABD5, 0x5A4D, 0x41CA,
    0xA434, 0xAC34, 0xAC14, 0xAC13, 0xA3F4, 0x8B73, 0x8B93, 0x9394, 0xA3F4, 0xABF4, 0xABF4, 0xB3F4,
    0xBBF4, 0xBC14, 0xD433, 0xEC53, 0xE452, 0xEC72, 0xEC72, 0xEC73, 0xEC53, 0xF453, 0xDC94, 0xD494,
    0xEC94, 0xECB4, 0xE4B4, 0xECB4, 0xECD4, 0xE4D4, 0xECB4, 0xF493, 0xF4F4, 0xF514, 0xF514, 0xED35,
    0xCCB4, 0x626A, 0xC4B2, 0xFE16, 0xCD76, 0xCDD7, 0xE679, 0x524B, 0x5ACD, 0xFFDF, 0x94D4, 0x426A,
    0xD6DB, 0xE77E, 0xE79D, 0xE7BD, 0xEFDD, 0xEFDD, 0xEFDD, 0xDF7C, 0xA5B8, 0x9556, 0x94D3, 0xADB6,
    0x8CB3, 0x0883, 0x10A4, 0x08A4, 0x0884, 0x00C6, 0x0928, 0x0949, 0x094B, 0x094A, 0x08E7, 0x00A4,
    0x00A5, 0x00A5, 0x00A5, 0x00A4, 0x00A4, 0x00A5, 0x00A4, 0x0084, 0x0084, 0x00A4, 0x00A4, 0x0084,
    0x0084, 0x00A4, 0x00A4, 0x0084, 0x00A5, 0x00A5, 0x00A5, 0x0085, 0x00A4, 0x00A4, 0x0084, 0x0084,
    0x00A4, 0x00A4, 0x00A4, 0x00A5, 0x08C7, 0x094A, 0x016B, 0x096B, 0x0949, 0x0108, 0x00C6, 0x00C6,
    0x00A6, 0x00A5, 0x00A5, 0x00C5, 0x0107, 0x00E7, 0x0928, 0x00C5, 0x00A4, 0x00A4, 0x00A4, 0x00A4,
    0x00A4, 0x00A4, 0x00A4, 0x00A4, 0x00A4, 0x00A4, 0x00A4, 0x00A4, 0x00A4, 0x00A4, 0x00A4, 0x00A4,
    0x00A4, 0x00A4, 0x00A4, 0x00A4, 0x0084, 0x0084, 0x0084, 0x0084, 0x0084, 0x0084, 0x0084, 0x0084,
    0x0084, 0x0084, 0x0084, 0x0084, 0x0084, 0x0084, 0x0084, 0x0084, 0x0084, 0x0084, 0x0084, 0x0084,
    0x0084, 0x0084, 0x0084, 0x0084, 0x0084, 0x0084, 0x0084, 0x0084, 0x0084, 0x0084, 0x0084, 0x0084,
    0x0084, 0x0084, 0x0084, 0x0084, 0x0084, 0x0084, 0x0084, 0x0084, 0x0084, 0x0084, 0x0084, 0x0084,
    0x00A4, 0x00A4, 0x0084, 0x0084, 0x00A4, 0x00A4, 0x00A4, 0x00A4, 0x00A4, 0x00A4, 0x00A4, 0x00A4,
    0x00A5, 0x00A5, 0x00C5, 0x00C5, 0x00A5, 0x00A5, 0x00A5, 0x0085, 0x00A6, 0x0085, 0x00A5, 0x00E7,
    0x0908, 0x0928, 0x0929, 0x0949, 0x0929, 0x0929, 0x0929, 0x0929, 0x0949, 0x0929, 0x00E7, 0x08E7,
    0x316A, 0x5A2E, 0x82D1, 0x41CE, 0x29AE, 0x29CF, 0x39EE, 0x3A0E, 0x5290, 0x52B1, 0x4AD2, 0x196B,
    0x0908, 0x08E7, 0x118C, 0x2230, 0x2230, 0x322F, 0x4230, 0x4A30, 0x4A30, 0x4251, 0x3230, 0x21EF,
    0x2230, 0x220F, 0x29EF, 0x2A0F, 0x21EE, 0x116C, 0x21EF, 0x2A51, 0x08E6, 0x194A, 0x2A51, 0x3A0E,
    0x41ED, 0x294B, 0x524F, 0x6B12, 0x42B1, 0x324F, 0x29EE, 0x3A50, 0x4272, 0x4272, 0x5292, 0x62B1,
    0x72B2, 0x6271, 0x49EE, 0x31EE, 0x29CF, 0x21AE, 0x21AE, 0x21AE, 0x3210, 0x3231, 0x3231, 0x3231,
    0x3231, 0x3251, 0x3271, 0x3271, 0x3291, 0x3291, 0x3271, 0x2A70, 0x2A50, 0x220E, 0x2A30, 0x3271,
    0x3271, 0x2A30, 0x21EE, 0x2A50, 0x2A51, 0x2A51, 0x2A71, 0x3271, 0x3292, 0x3292, 0x3A71, 0x42B2,
    0x42B3, 0x42B2, 0x4AD2, 0x4AD2, 0x3A2F, 0x3A6F, 0x42B1, 0x5B54, 0x6BB5, 0x73D5, 0x6B94, 0x6B53,
    0x62D0, 0x7351, 0x93F3, 0x9BD3, 0x9BF4, 0xB476, 0x522B, 0x2907, 0x8B71, 0x93B2, 0x9BF3, 0xB4D7,
    0xBD59, 0xBD9B, 0xC5BA, 0xC5BA, 0xDE1B, 0xCD38, 0xB3F4, 0xC414, 0xCC53, 0xDCD5, 0xE473, 0xE453,
    0xE452, 0xEC73, 0xEC93, 0xEC73, 0xEC73, 0xEC73, 0xBC33, 0x9BF2, 0xE4B4, 0xBB90, 0x5987, 0xD4B4,
    0xD473, 0x79E9, 0xC390, 0xF4F4, 0xF514, 0xF555, 0xF534, 0xEDB7, 0xC4F5, 0x2905, 0xA3EE, 0xE594,
    0xBD35, 0xBD55, 0xC5D7, 0x39CA, 0x4A4C, 0xEF5E, 0x73B0, 0x10E5, 0xD6DC, 0xEFDF, 0xF7FF, 0xEFDD,
    0xEFDD, 0xEFDD, 0xEFDD, 0xD71B, 0x2A09, 0x84B3, 0xEF9E, 0xD6FB, 0x9D34, 0x0883, 0x08A4, 0x0884,
    0x00A4, 0x00C6, 0x0108, 0x0107, 0x0107, 0x00E7, 0x00C5, 0x0085, 0x0907, 0x08C6, 0x0084, 0x00A4,
    0x00A4, 0x0084, 0x0084, 0x0084, 0x0084, 0x00A4, 0x00A4, 0x0084, 0x0084, 0x00A4, 0x00A4, 0x0084,
    0x0084, 0x00A4, 0x0084, 0x0084, 0x0084, 0x00A4, 0x0084, 0x0084, 0x00A4, 0x0084, 0x00A4, 0x0084,
    0x00A6, 0x0109, 0x014A, 0x0949, 0x0929, 0x0907, 0x0084, 0x00A4, 0x0084, 0x0084, 0x0084, 0x0085,
    0x1128, 0x096A, 0x096A, 0x00C6, 0x0084, 0x00A4, 0x00A4, 0x00A4, 0x00A4, 0x00A4, 0x00A4, 0x00A4,
    0x00A4, 0x00A4, 0x00A4, 0x00A4, 0x00A4, 0x00A4, 0x00A4, 0x00A4, 0x00A4, 0x00A4, 0x00A4, 0x00A4,
    0x0084, 0x0084, 0x0084, 0x0084, 0x0084, 0x0084, 0x0084, 0x0084, 0x0084, 0x0084, 0x0084, 0x0084,
    0x0084, 0x0084, 0x0084, 0x0084, 0x0084, 0x0084, 0x0084, 0x0084, 0x0084, 0x0084, 0x0084, 0x0084,
    0x0084, 0x0084, 0x0084, 0x0084, 0x0084, 0x0084, 0x0084, 0x0084, 0x0084, 0x0084, 0x0084, 0x0084,
    0x0084, 0x0084, 0x0084, 0x0084, 0x0084, 0x0084, 0x0084, 0x0084, 0x00A4, 0x00A4, 0x00A4, 0x00A4,
    0x00A4, 0x00A4, 0x00C4, 0x00A4, 0x00A4, 0x00A4, 0x00A4, 0x00A4, 0x00A4, 0x0085, 0x00A4, 0x00A4,
    0x00A4, 0x0085, 0x08E7, 0x0908, 0x0909, 0x0929, 0x0929, 0x094A, 0x094B, 0x096B, 0x096B, 0x096B,
    0x098B, 0x116C, 0x096B, 0x096B, 0x096A, 0x094A, 0x0108, 0x08C6, 0x10A6, 0x20E7, 0x3948, 0x39AB,
    0x39EE, 0x4A50, 0x5250, 0x5270, 0x3A2E, 0x3A4F, 0x3A90, 0x1108, 0x00A5, 0x00C6, 0x116A, 0x21EF,
    0x222F, 0x322F, 0x3A30, 0x322F, 0x3230, 0x3230, 0x2A2F, 0x2A2F, 0x2210, 0x220F, 0x21EF, 0x2A0F,
    0x21CE, 0x0909, 0x19CD, 0x3270, 0x1108, 0x198B, 0x3230, 0x4A71, 0x5290, 0x4A4F, 0x62F2, 0x6312,
    0x192A, 0x21CD, 0x3A70, 0x42B2, 0x3AB1, 0x3250, 0x4250, 0x4A71, 0x6A91, 0x6A71, 0x5A71, 0x5250,
    0x5231, 0x4A51, 0x4230, 0x3210, 0x3231, 0x3231, 0x3231, 0x3A52, 0x3A51, 0x3271, 0x3291, 0x3291,
    0x3AB2, 0x3A92, 0x2A71, 0x5BB5, 0x53B5, 0x2A2F, 0x2A71, 0x3291, 0x3AD2, 0x2A2F, 0x0929, 0x2A30,
    0x2A71, 0x2A51, 0x3271, 0x3291, 0x3AB2, 0x3A92, 0x3A71, 0x42B3, 0x42D3, 0x42D2, 0x29CD, 0x194A,
    0x4AB0, 0x4AD1, 0x42B2, 0x52F2, 0x5B12, 0x6354, 0x6353, 0x6353, 0x526E, 0x7350, 0xA495, 0x6AAE,
    0x5A4C, 0x7B50, 0x732F, 0x8350, 0xA413, 0xAC34, 0xAC54, 0xA455, 0xA476, 0xA4B8, 0xACD7, 0xB4F7,
    0xC517, 0xC4B6, 0xC414, 0xCC14, 0xCC33, 0xDC94, 0xE473, 0xEC52, 0xE432, 0xEC52, 0xEC92, 0xEC72,
    0xEC53, 0xF494, 0x7AAD, 0x41A8, 0xE4B4, 0xA34F, 0x1043, 0x8AED, 0xABD0, 0xBBD0, 0xDC72, 0xF4F4,
    0xFD14, 0xF555, 0xED76, 0xC4F5, 0x93F1, 0x1062, 0xA451, 0xEE78, 0x9C52, 0x9CB3, 0xA515, 0x39C9,
    0x4A2B, 0xC63A, 0x73F0, 0x3A29, 0xEFBF, 0xB639, 0x532C, 0xD71A, 0xEFFD, 0xEFFD, 0xD6FA, 0xA596,
    0x2167, 0x3A2A, 0x5B0C, 0xD699, 0xC638, 0x0062, 0x0907, 0x0949, 0x0929, 0x0949, 0x0949, 0x00C6,
    0x00A5, 0x00A5, 0x00E7, 0x0908, 0x0929, 0x08E7, 0x00A5, 0x00C5, 0x00C6, 0x0907, 0x00C6, 0x00A5,
    0x00A4, 0x0084, 0x0084, 0x00A4, 0x00A4, 0x00A4, 0x00A4, 0x0084, 0x0084, 0x0084, 0x0084, 0x0084,
    0x0084, 0x0084, 0x00A4, 0x00A4, 0x0084, 0x00C5, 0x08E6, 0x0907, 0x0928, 0x0949, 0x094A, 0x096A,
    0x0969, 0x0927, 0x00A5, 0x00A4, 0x00A4, 0x00A4, 0x00A4, 0x00A4, 0x08C6, 0x00E7, 0x00E6, 0x00A5,
    0x00A4, 0x0084, 0x0084, 0x0084, 0x0084, 0x0084, 0x0084, 0x0084, 0x0084, 0x0084, 0x0084, 0x0084,
    0x0084, 0x0084, 0x0084, 0x0084, 0x0084, 0x0084, 0x0084, 0x0084, 0x0084, 0x0084, 0x0084, 0x0084,
    0x0084, 0x0084, 0x0084, 0x0084, 0x0084, 0x0084, 0x0084, 0x0084, 0x0084, 0x0084, 0x0084, 0x0084,
    0x0084, 0x0084, 0x0084, 0x0084, 0x0084, 0x0084, 0x0084, 0x0084, 0x0084, 0x0084, 0x0084, 0x0084,
    0x0084, 0x0084, 0x0084, 0x0084, 0x0084, 0x0084, 0x0084, 0x0084, 0x0084, 0x0084, 0x0084, 0x0084,
    0x0084, 0x0084, 0x0084, 0x0084, 0x00A4, 0x00A4, 0x00A4, 0x00A4, 0x0064, 0x1988, 0x3B4E, 0x08E5,
    0x0083, 0x00A4, 0x00A4, 0x00A4, 0x0084, 0x0084, 0x00A5, 0x00A5, 0x00E6, 0x0108, 0x0929, 0x096A,
    0x096B, 0x096B, 0x096C, 0x098B, 0x096C, 0x096C, 0x096C, 0x096C, 0x012A, 0x0129, 0x0108, 0x0108,
    0x0107, 0x00E7, 0x0128, 0x0128, 0x00E7, 0x00E6, 0x00C5, 0x18E7, 0x296A, 0x5270, 0x5271, 0x4A91,
    0x3A4F, 0x324F, 0x322E, 0x08E6, 0x00A4, 0x00A5, 0x0929, 0x118C, 0x21EE, 0x2A2F, 0x3230, 0x2A30,
    0x2A0F, 0x21EE, 0x2A0F, 0x2A30, 0x2210, 0x220F, 0x29EE, 0x21ED, 0x19AC, 0x1109, 0x19CD, 0x2A50,
    0x1128, 0x198A, 0x320F, 0x5291, 0x5AD2, 0x7354, 0x6312, 0x52B0, 0x10E8, 0x196B, 0x29EF, 0x21CC,
    0x29ED, 0x3A91, 0x4A91, 0x52B1, 0x6AD1, 0x72B2, 0x6A91, 0x6A91, 0x6290, 0x5251, 0x4A71, 0x4251,
    0x3A32, 0x3A32, 0x3A51, 0x29EF, 0x21CE, 0x322F, 0x3271, 0x3291, 0x3A92, 0x3292, 0x2A51, 0x4B54,
    0x4B34, 0x2A50, 0x2A71, 0x3251, 0x32B1, 0x21ED, 0x1108, 0x2A2F, 0x2A51, 0x3271, 0x3291, 0x3292,
    0x3292, 0x3AB2, 0x3AB2, 0x4292, 0x42B2, 0x42D2, 0x320D, 0x29AB, 0x5B12, 0x52F3, 0x4271, 0x4A91,
    0x52B2, 0x6314, 0x6333, 0x6B53, 0x6B32, 0x62CF, 0x5A8D, 0x6ACE, 0x730F, 0x8B71, 0xAC34, 0xC496,
    0xBC55, 0xB454, 0xBC55, 0xABF4, 0x9BD4, 0x9BB5, 0xA3F4, 0xAC35, 0xBC14, 0xCC34, 0xD434, 0xDC33,
    0xDC53, 0xE433, 0xEC53, 0xEC53, 0xEC53, 0xEC73, 0xF4B3, 0xEC93, 0xEC73, 0xFC94, 0x59E9, 0x0863,
    0xAB90, 0x7AAC, 0x0063, 0x3947, 0x7AAD, 0xF536, 0xF4F4, 0xF4F3, 0xFD75, 0xBC31, 0x6AAC, 0x628C,
    0x5209, 0x1843, 0x9410, 0xD639, 0xBD76, 0x9473, 0x4A6B, 0x2987, 0x422A, 0x9CD4, 0x94D3, 0x9514,
    0x7C51, 0x7C32, 0x8472, 0xD71A, 0xE7BC, 0xE7BE, 0x8CB2, 0x424A, 0x3A4A, 0x2146, 0x0022, 0x634D,
    0x6B6E, 0x0063, 0x0949, 0x098C, 0x092A, 0x0928, 0x0907, 0x08E7, 0x0107, 0x00E7, 0x0908, 0x0907,
    0x00C6, 0x00C6, 0x00A6, 0x00A6, 0x00C6, 0x0907, 0x00E6, 0x00A5, 0x00A4, 0x0084, 0x0084, 0x00A4,
    0x00A4, 0x00A4, 0x00A4, 0x0084, 0x0084, 0x0084, 0x0084, 0x0084, 0x0084, 0x0084, 0x00A4, 0x00A4,
    0x00A4, 0x00C5, 0x00E6, 0x08E7, 0x08E7, 0x0907, 0x0907, 0x0907, 0x0908, 0x00E6, 0x00A5, 0x00A5,
    0x00A4, 0x00A4, 0x00A4, 0x00A4, 0x0084, 0x0084, 0x0084, 0x0084, 0x00A4, 0x0084, 0x0084, 0x0084,
    0x0084, 0x0084, 0x0084, 0x0084, 0x0084, 0x0084, 0x0084, 0x0084, 0x0084, 0x0084, 0x0084, 0x0084,
    0x0084, 0x0084, 0x0084, 0x0084, 0x0084, 0x0084, 0x0084, 0x0084, 0x0084, 0x0084, 0x0084, 0x0084,
    0x0084, 0x0084, 0x0084, 0x0084, 0x0084, 0x0084, 0x0084, 0x0084, 0x0084, 0x0084, 0x00A4, 0x00A4,
    0x0084, 0x0084, 0x0084, 0x0084, 0x0084, 0x0084, 0x0084, 0x0084, 0x0084, 0x0084, 0x0084, 0x0084,
    0x0084, 0x0084, 0x0084, 0x0084, 0x0084, 0x0084, 0x0084, 0x0084, 0x0084, 0x0084, 0x0084, 0x0084,
    0x0084, 0x0084, 0x0084, 0x00A4, 0x0043, 0x2A2A, 0x6CF5, 0x1147, 0x0063, 0x00A4, 0x0084, 0x0084,
    0x0084, 0x0084, 0x0084, 0x00C6, 0x08E8, 0x096A, 0x094A, 0x094A, 0x096B, 0x094B, 0x096B, 0x096B,
    0x096B, 0x096B, 0x096B, 0x094B, 0x00E8, 0x00C6, 0x0085, 0x0084, 0x00A4, 0x0084, 0x0107, 0x0949,
    0x096A, 0x1149, 0x1148, 0x0085, 0x08C7, 0x3250, 0x3251, 0x3271, 0x42D2, 0x324F, 0x29CC, 0x08E6,
    0x00A4, 0x00C4, 0x08E7, 0x114A, 0x19AC, 0x29EF, 0x3210, 0x2A0F, 0x29EF, 0x196C, 0x21EE, 0x2A2F,
    0x2210, 0x220F, 0x220E, 0x11AD, 0x198B, 0x1149, 0x21CD, 0x2A4F, 0x0908, 0x1149, 0x29EC, 0x424F,
    0x5290, 0x7354, 0x5AB0, 0x3A0D, 0x29AB, 0x196C, 0x112C, 0x08E7, 0x1929, 0x5AD3, 0x5AB1, 0x5AD1,
    0x7312, 0x6AD1, 0x5A4F, 0x6290, 0x5A70, 0x420F, 0x3A2F, 0x3A2F, 0x3A31, 0x3A52, 0x3A71, 0x196B,
    0x1129, 0x29ED, 0x2A50, 0x3291, 0x3250, 0x3250, 0x2A51, 0x2A10, 0x2211, 0x3270, 0x2A51, 0x2A31,
    0x2A2F, 0x21CC, 0x1949, 0x2A0F, 0x2A51, 0x3292, 0x3291, 0x3271, 0x3291, 0x3A92, 0x3AB2, 0x3A72,
    0x3A71, 0x4291, 0x4AD1, 0x52D1, 0x5AD2, 0x52D2, 0x4A92, 0x52D2, 0x5AF2, 0x6B54, 0x7374, 0x83B5,
    0x9417, 0x5A6E, 0x0843, 0x7B4F, 0xAC95, 0xBC55, 0xBC55, 0xB434, 0xB414, 0xB414, 0xBC14, 0xBBF4,
    0xBBF4, 0xABF4, 0xB434, 0xBC54, 0xCC35, 0xDC34, 0xE453, 0xEC73, 0xEC73, 0xEC52, 0xEC52, 0xF453,
    0xF473, 0xEC93, 0xE4B3, 0xEC93, 0xEC73, 0xFCB4, 0x61EA, 0x1063, 0x6A8C, 0x51C9, 0x0884, 0x1085,
    0x5A0B, 0xF4F5, 0xECD4, 0xF514, 0xFDB6, 0x932E, 0x0824, 0x28E5, 0x30E6, 0x2084, 0x730E, 0xA4F4,
    0xE6BB, 0x9CD4, 0x2106, 0x2126, 0x39E9, 0x7BF0, 0x9D55, 0xC69B, 0x08A4, 0x638F, 0xFFFF, 0xE79C,
    0xDF5B, 0xD73C, 0x530D, 0x0042, 0x428B, 0x21A7, 0x08A4, 0x08A4, 0x00A4, 0x0085, 0x0908, 0x0949,
    0x00E6, 0x00A5, 0x0085, 0x0928, 0x0149, 0x0949, 0x08E6, 0x0083, 0x00A4, 0x00A4, 0x00A5, 0x00A5,
    0x00A5, 0x00A5, 0x00A4, 0x0084, 0x0084, 0x0084, 0x0084, 0x0084, 0x0084, 0x0084, 0x0084, 0x0084,
    0x0084, 0x0084, 0x0084, 0x0084, 0x0084, 0x0084, 0x0084, 0x0084, 0x00A4, 0x0084, 0x00A4, 0x0084,
    0x0084, 0x0084, 0x0084, 0x0084, 0x0084, 0x0084, 0x0084, 0x0084, 0x0084, 0x0084, 0x0084, 0x00A4,
    0x0084, 0x0084, 0x0084, 0x00A4, 0x00A4, 0x00A4, 0x0084, 0x0084, 0x0084, 0x0084, 0x0084, 0x0084,
    0x0084, 0x0084, 0x0084, 0x0084, 0x0084, 0x0084, 0x0084, 0x0084, 0x0084, 0x0084, 0x0084, 0x0084,
    0x0084, 0x0084, 0x0084, 0x0084, 0x0084, 0x0084, 0x0084, 0x0084, 0x0084, 0x0084, 0x0084, 0x0084,
    0x0084, 0x0084, 0x0084, 0x0084, 0x0084, 0x0084, 0x00A4, 0x00A4, 0x0084, 0x0084, 0x0084, 0x0084,
    0x0084, 0x0084, 0x0084, 0x0084, 0x0084, 0x0084, 0x0084, 0x0084, 0x0084, 0x0084, 0x0084, 0x0084,
    0x0084, 0x0084, 0x0084, 0x0084, 0x0084, 0x0084, 0x0084, 0x0084, 0x0084, 0x0084, 0x0084, 0x0084,
    0x0084, 0x00A4, 0x08E5, 0x00A5, 0x0084, 0x0084, 0x0084, 0x0084, 0x0084, 0x00A4, 0x00A4, 0x00A4,
    0x00A5, 0x00E7, 0x00E8, 0x0129, 0x094A, 0x096B, 0x096B, 0x096B, 0x098B, 0x096B, 0x096B, 0x094B,
    0x094A, 0x0908, 0x00C7, 0x00A5, 0x00A5, 0x00A5, 0x00A5, 0x00A5, 0x00A5, 0x00A5, 0x00A5, 0x0085,
    0x08E7, 0x21CD, 0x2A10, 0x2A30, 0x3250, 0x21AC, 0x00A5, 0x08C5, 0x00C4, 0x00C5, 0x08C5, 0x08E7,
    0x1129, 0x21AD, 0x3251, 0x21AC, 0x114A, 0x00A7, 0x198C, 0x2A0F, 0x21F0, 0x220F, 0x220D, 0x19EE,
    0x19EE, 0x19EC, 0x2A0E, 0x2A2F, 0x08E7, 0x08C6, 0x08C6, 0x08C6, 0x1908, 0x62F2, 0x318A, 0x08A6,
    0x3A8F, 0x3A90, 0x4291, 0x1149, 0x1929, 0x52D1, 0x218B, 0x10C8, 0x62F1, 0x5AD0, 0x39CD, 0x6AB1,
    0x72D2, 0x6B13, 0x39EC, 0x10C8, 0x29AE, 0x3230, 0x42B2, 0x194A, 0x1107, 0x324E, 0x3270, 0x2A50,
    0x08E9, 0x116B, 0x2A71, 0x2A51, 0x2A51, 0x2A50, 0x2A51, 0x2A30, 0x116A, 0x1128, 0x1108, 0x29EE,
    0x2A30, 0x3271, 0x3271, 0x3271, 0x3291, 0x2A50, 0x29EF, 0x3231, 0x2A0F, 0x196B, 0x29AB, 0x29CB,
    0x52B1, 0x52D1, 0x5AD2, 0x6313, 0x7353, 0x8395, 0x83B5, 0x8394, 0x93F6, 0x5A4E, 0x1063, 0x18A4,
    0x3967, 0xAC54, 0xA413, 0xA3F3, 0xB434, 0xBC34, 0xC434, 0xC413, 0xC3F3, 0xCC34, 0xCC14, 0xCC14,
    0xCC53, 0xD453, 0xE474, 0xEC53, 0xE432, 0xE432, 0xE412, 0xE412, 0xECF5, 0xBBD1, 0x8A4B, 0xDC32,
    0xF4B4, 0xF4F5, 0x61EA, 0x0884, 0x20E5, 0x18C4, 0x10A4, 0x0885, 0x5A0B, 0xF515, 0xECF4, 0xF534,
    0xFD75, 0xC472, 0x7B4F, 0x5A4B, 0x3167, 0x1084, 0x18E5, 0x4209, 0xDEDA, 0xDEBA, 0xCE7A, 0x31EA,
    0x1106, 0x4A6A, 0x7410, 0xA597, 0x1105, 0x5B4E, 0xCF1B, 0xD73B, 0xC6DA, 0x9514, 0x3A4A, 0x0043,
    0x08C4, 0x00A4, 0x00A4, 0x08A4, 0x00A4, 0x00A4, 0x00A5, 0x00C5, 0x00A5, 0x08A4, 0x00A4, 0x00A5,
    0x00C5, 0x00C5, 0x00A5, 0x00A4, 0x0084, 0x0084, 0x0084, 0x0085, 0x0084, 0x0084, 0x0084, 0x0084,
    0x0084, 0x0084, 0x0084, 0x0084, 0x0084, 0x0084, 0x0084, 0x0084, 0x0084, 0x0084, 0x0084, 0x0084,
    0x0084, 0x0084, 0x0084, 0x0084, 0x00A4, 0x00A4, 0x00A4, 0x00A4, 0x00A4, 0x00A4, 0x0084, 0x0084,
    0x0084, 0x0084, 0x0084, 0x0084, 0x0084, 0x0084, 0x0084, 0x0084, 0x0084, 0x0084, 0x0084, 0x0084,
    0x0084, 0x0084, 0x0084, 0x0084, 0x0084, 0x0084, 0x0084, 0x0084, 0x0084, 0x0084, 0x0084, 0x0084,
    0x0084, 0x0084, 0x0084, 0x0084, 0x0084, 0x0084, 0x0084, 0x0084, 0x0084, 0x0084, 0x0084, 0x0084,
    0x0084, 0x0084, 0x0084, 0x0084, 0x0084, 0x0084, 0x0084, 0x0084, 0x0084, 0x0084, 0x0084, 0x0084,
    0x0084, 0x0084, 0x00A4, 0x00A4, 0x0084, 0x0084, 0x0084, 0x0084, 0x0084, 0x0084, 0x0084, 0x0084,
    0x0084, 0x0084, 0x0084, 0x0084, 0x0084, 0x0084, 0x0084, 0x0084, 0x0084, 0x0084, 0x0084, 0x0084,
    0x0084, 0x0084, 0x0084, 0x0084, 0x0084, 0x0084, 0x0084, 0x0084, 0x0084, 0x0084, 0x0083, 0x00A4,
    0x0084, 0x0084, 0x0084, 0x0084, 0x0084, 0x00A4, 0x00A4, 0x00A4, 0x00A5, 0x0908, 0x0909, 0x0929,
    0x0929, 0x0109, 0x0108, 0x0108, 0x0108, 0x0108, 0x0129, 0x0949, 0x00E8, 0x00C6, 0x00A5, 0x00A5,
    0x00A5, 0x00A5, 0x00A4, 0x0084, 0x00A4, 0x0084, 0x00A5, 0x00A4, 0x0085, 0x08C6, 0x0907, 0x0908,
    0x194A, 0x1128, 0x00A4, 0x00C4, 0x00C4, 0x00A4, 0x00A4, 0x00C5, 0x0907, 0x218B, 0x3A50, 0x114A,
    0x08E6, 0x00A4, 0x198C, 0x2A10, 0x19CD, 0x118B, 0x0908, 0x19CD, 0x1A0E, 0x222F, 0x21CC, 0x196A,
    0x00C7, 0x08A5, 0x08A5, 0x0084, 0x10E7, 0x6B74, 0x296B, 0x0045, 0x3A6F, 0x3A4F, 0x320E, 0x29CD,
    0x218B, 0x1128, 0x426E, 0x6311, 0x2149, 0x39CC, 0x62F1, 0x72D2, 0x5A70, 0x294A, 0x4A2D, 0x52B0,
    0x4231, 0x3A51, 0x4271, 0x322E, 0x320D, 0x322F, 0x3A70, 0x3270, 0x114A, 0x19AC, 0x2A72, 0x222F,
    0x21CC, 0x08E7, 0x0907, 0x0907, 0x08A6, 0x08C7, 0x10E7, 0x29ED, 0x2A10, 0x3251, 0x3271, 0x3271,
    0x3271, 0x2A10, 0x21CE, 0x3230, 0x29EE, 0x08E6, 0x08E6, 0x10E7, 0x5291, 0x52D2, 0x52B1, 0x6B32,
    0x7353, 0x8394, 0x7B53, 0x7332, 0x93F5, 0x7311, 0x520B, 0x732F, 0x8BD2, 0x9BF3, 0x9BF3, 0xA3D3,
    0xB476, 0xBC34, 0xC413, 0xCC13, 0xD3F3, 0xD433, 0xD434, 0xD434, 0xECF5, 0xA36F, 0x4107, 0xCBF2,
    0xE473, 0xE453, 0xF474, 0xDC74, 0x7209, 0xA36F, 0xE4F5, 0xECD5, 0xDC72, 0x92AC, 0x4148, 0x1084,
    0x10C4, 0x08A4, 0x10A4, 0x0864, 0x5A0B, 0xF536, 0xECF5, 0xF535, 0xFD75, 0xD514, 0xB4D5, 0x41E9,
    0x0884, 0x10A5, 0x2106, 0x31A8, 0x5AEB, 0x6B4D, 0x8C51, 0x1968, 0x00C5, 0x2987, 0x2167, 0x21A8,
    0x0905, 0x536E, 0xBE7A, 0x534E, 0x4B2D, 0x9D56, 0x426B, 0x0023, 0x00A4, 0x00A5, 0x00A5, 0x0928,
    0x0969, 0x0949, 0x0109, 0x0908, 0x00A4, 0x00A4, 0x00A4, 0x00A4, 0x00A4, 0x00A4, 0x0084, 0x00A4,
    0x00A4, 0x0084, 0x0084, 0x0084, 0x00A4, 0x00A4, 0x00A4, 0x0084, 0x0084, 0x0084, 0x0084, 0x0084,
    0x0084, 0x0084, 0x0084, 0x0084, 0x0084, 0x0084, 0x0084, 0x0084, 0x0084, 0x0084, 0x0084, 0x0084,
    0x00A4, 0x00A4, 0x00A4, 0x00A4, 0x00A4, 0x00A4, 0x0084, 0x0084, 0x0084, 0x0084, 0x0084, 0x0084,
    0x0084, 0x0084, 0x0084, 0x0084, 0x0084, 0x0084, 0x0084, 0x0084, 0x0084, 0x0084, 0x0084, 0x0084,
    0x0084, 0x0084, 0x0084, 0x0084, 0x0084, 0x0084, 0x0084, 0x0084, 0x0084, 0x0084, 0x0084, 0x0084,
    0x0084, 0x0084, 0x0084, 0x0084, 0x0084, 0x0084, 0x0084, 0x0084, 0x0084, 0x0084, 0x0084, 0x0084,
    0x0084, 0x0084, 0x0084, 0x0084, 0x0084, 0x0084, 0x0084, 0x0084, 0x0084, 0x0084, 0x0084, 0x0084,
    0x0084, 0x0084, 0x0084, 0x0084, 0x0084, 0x0084, 0x0084, 0x0084, 0x0084, 0x0084, 0x0084, 0x0084,
    0x0084, 0x0084, 0x0084, 0x0084, 0x0084, 0x0084, 0x0084, 0x0084, 0x0084, 0x0084, 0x0084, 0x0084,
    0x0084, 0x0084, 0x0084, 0x0084, 0x0084, 0x00A4, 0x00A4, 0x00A4, 0x0084, 0x0084, 0x0084, 0x0084,
    0x0084, 0x00A4, 0x00A4, 0x0084, 0x00A5, 0x00C6, 0x00C6, 0x00C5, 0x00C6, 0x00C5, 0x00A5, 0x00A5,
    0x00A5, 0x00A5, 0x00C5, 0x00C5, 0x00A5, 0x00A4, 0x00A4, 0x00A4, 0x00A5, 0x00A5, 0x00A5, 0x00A5,
    0x00A5, 0x00A5, 0x00A5, 0x00A4, 0x00A4, 0x00A4, 0x00A4, 0x00A4, 0x08C5, 0x08C5, 0x00A4, 0x00A4,
    0x00A4, 0x00C5, 0x00C4, 0x00C4, 0x00C5, 0x194A, 0x3A2F, 0x1128, 0x00A4, 0x00A3, 0x198B, 0x220E,
    0x0907, 0x08E6, 0x00A5, 0x21CC, 0x222F, 0x21ED, 0x1969, 0x08E6, 0x08C5, 0x00A5, 0x08A5, 0x0084,
    0x08C6, 0x39EC, 0x420E, 0x420E, 0x218A, 0x1948, 0x1107, 0x1949, 0x1949, 0x0085, 0x2149, 0x31AB,
    0x00A5, 0x2949, 0x6AD1, 0x6AF2, 0x526F, 0x0084, 0x420D, 0x7354, 0x5272, 0x4251, 0x3A4F, 0x3A71,
    0x3230, 0x196B, 0x218B, 0x21AB, 0x21CC, 0x21EE, 0x3230, 0x1128, 0x08C6, 0x08A5, 0x08A5, 0x08C5,
    0x21CC, 0x198B, 0x1107, 0x21CD, 0x29EF, 0x3251, 0x3AB2, 0x42D3, 0x3291, 0x2A2F, 0x21CD, 0x3230,
    0x29ED, 0x00A5, 0x1969, 0x29AC, 0x52F2, 0x52D1, 0x420E, 0x6311, 0x6B52, 0x7BD4, 0x422D, 0x20E7,
    0x3989, 0x62AE, 0x9BD3, 0x5A4D, 0x41AA, 0x3968, 0x8B51, 0xB455, 0x72CE, 0x9330, 0xCC13, 0xD412,
    0xDBF3, 0xDC33, 0xDC33, 0xCC13, 0x7A2B, 0x82AC, 0xA36F, 0xD412, 0xE453, 0xECB5, 0x9A8D, 0x5147,
    0x30E5, 0x9B0D, 0xFD78, 0x9B0D, 0x61E8, 0x3906, 0x18C5, 0x1084, 0x08A4, 0x08A4, 0x0884, 0x0044,
    0x51EA, 0xDD16, 0xE4F4, 0xF534, 0xFD55, 0xD4F4, 0xB4D4, 0x39C9, 0x0063, 0x08C5, 0x18C5, 0x2947,
    0x8411, 0x630D, 0x1906, 0x08C5, 0x00A5, 0x08C4, 0x0083, 0x00A4, 0x9535, 0x7452, 0x324B, 0x1127,
    0x0905, 0x31E9, 0x1126, 0x0084, 0x00A4, 0x00C6, 0x0108, 0x0128, 0x0129, 0x0108, 0x0149, 0x094A,
    0x0928, 0x0928, 0x0908, 0x0908, 0x0907, 0x0907, 0x08E7, 0x08E6, 0x00A4, 0x00A4, 0x0084, 0x0084,
    0x0084, 0x0084, 0x0084, 0x0084, 0x0084, 0x0084, 0x0084, 0x0084, 0x0084, 0x0084, 0x0084, 0x0084,
    0x0084, 0x0084, 0x0084, 0x0084, 0x0084, 0x0084, 0x0084, 0x0084, 0x0084, 0x0084, 0x0084, 0x0084,
    0x0084, 0x0084, 0x0084, 0x0084, 0x0084, 0x0084, 0x0084, 0x0084, 0x0084, 0x0084, 0x0084, 0x0084,
    0x0084, 0x0084, 0x0084, 0x0084, 0x0084, 0x0084, 0x0084, 0x0084, 0x0084, 0x0084, 0x0084, 0x0084,
    0x0084, 0x0084, 0x0084, 0x0084, 0x0084, 0x0084, 0x0084, 0x0084, 0x0084, 0x0084, 0x0084, 0x0084,
    0x0084, 0x0084, 0x0084, 0x0084, 0x0084, 0x0084, 0x0084, 0x0084, 0x0084, 0x0084, 0x0084, 0x0084,
    0x0084, 0x0084, 0x0084, 0x0084, 0x0084, 0x0084, 0x0084, 0x0084, 0x0084, 0x0084, 0x0084, 0x0084,
    0x0084, 0x0084, 0x0084, 0x0084, 0x0084, 0x0084, 0x0084, 0x0084, 0x0084, 0x0084, 0x0084, 0x0084,
    0x0084, 0x0084, 0x0084, 0x0084, 0x0084, 0x0084, 0x0084, 0x0084, 0x0084, 0x0084, 0x0084, 0x0084,
    0x0084, 0x0084, 0x0084, 0x0084, 0x0084, 0x0084, 0x0084, 0x0084, 0x0084, 0x00A4, 0x00A4, 0x0084,
    0x0084, 0x0084, 0x0084, 0x0084, 0x0084, 0x0084, 0x00A4, 0x00A4, 0x00A4, 0x00A4, 0x0084, 0x0084,
    0x00A5, 0x00A5, 0x00A5, 0x00A5, 0x00A5, 0x00A5, 0x0084, 0x00A5, 0x00A5, 0x0084, 0x0084, 0x00A4,
    0x00A4, 0x00A4, 0x08C5, 0x00C6, 0x00C5, 0x00C5, 0x00A4, 0x00A5, 0x00A5, 0x00A5, 0x00C4, 0x00C4,
    0x00A4, 0x08E7, 0x194A, 0x08C6, 0x00A4, 0x00A4, 0x0908, 0x1149, 0x00A4, 0x00A4, 0x00A5, 0x1129,
    0x116A, 0x1128, 0x08E6, 0x00A4, 0x00A5, 0x00A5, 0x00A5, 0x00A4, 0x08A5, 0x08A5, 0x4A4E, 0x6B53,
    0x10E7, 0x08C5, 0x00A3, 0x08C5, 0x08E6, 0x1948, 0x00A5, 0x0085, 0x08E6, 0x31CB, 0x6B12, 0x41EC,
    0x31AA, 0x218A, 0x5290, 0x7354, 0x5AB3, 0x3A30, 0x218B, 0x3A30, 0x3230, 0x1109, 0x08C7, 0x08E6,
    0x21CC, 0x21AC, 0x1948, 0x21AB, 0x196A, 0x08C5, 0x10E6, 0x1109, 0x3A91, 0x3270, 0x2A0D, 0x21CD,
    0x21EE, 0x3272, 0x324F, 0x320E, 0x19AD, 0x21CE, 0x29EE, 0x218C, 0x194A, 0x00A5, 0x320C, 0x4AD1,
    0x426F, 0x4A90, 0x5AB0, 0x39CB, 0x420C, 0x5AEF, 0x526D, 0x49EC, 0x0863, 0x520B, 0xAC56, 0x3168,
    0x0043, 0x0884, 0x41CA, 0x628D, 0x20E6, 0x520A, 0xBBF2, 0xCC12, 0xDC53, 0xE494, 0xDC73, 0xCC33,
    0x2085, 0x724B, 0xFD56, 0xE473, 0xE453, 0xEC95, 0xA34F, 0x726B, 0x8B2F, 0x82AD, 0x826C, 0x3926,
    0x1884, 0x1863, 0x1084, 0x0884, 0x0884, 0x0084, 0x0084, 0x0064, 0x3989, 0xA413, 0xD4B3, 0xFD95,
    0xFDB7, 0xD4F5, 0xA453, 0x39A8, 0x0063, 0x08C4, 0x0884, 0x1926, 0x9CB4, 0x630D, 0x0023, 0x00A4,
    0x00A4, 0x0063, 0x0083, 0x08C5, 0x6BB0, 0x428C, 0x00A5, 0x00A5, 0x0084, 0x0042, 0x0083, 0x00A4,
    0x0084, 0x00C7, 0x0108, 0x0107, 0x00E7, 0x00A5, 0x08E7, 0x0907, 0x0107, 0x0907, 0x08E8, 0x0907,
    0x08E7, 0x08E6, 0x08E6, 0x00C5, 0x00A4, 0x0084, 0x0084, 0x0084, 0x0084, 0x0084, 0x0084, 0x0084,
    0x0084, 0x0084, 0x0084, 0x0084, 0x0084, 0x0084, 0x0084, 0x0084, 0x0084, 0x0084, 0x0084, 0x0084,
    0x0084, 0x0084, 0x0084, 0x0084, 0x0084, 0x0084, 0x0084, 0x0084, 0x0084, 0x0084, 0x0084, 0x0084,
    0x0084, 0x0084, 0x0084, 0x0084, 0x0084, 0x0084, 0x0084, 0x0084, 0x0084, 0x0084, 0x0084, 0x0084,
    0x0084, 0x0084, 0x0084, 0x0084, 0x0084, 0x0084, 0x0084, 0x0084, 0x0084, 0x0084, 0x0084, 0x0084,
    0x0084, 0x0084, 0x0084, 0x0084, 0x0084, 0x0084, 0x0084, 0x0084, 0x0084, 0x0084, 0x0084, 0x0084,
    0x0084, 0x0084, 0x0084, 0x0084, 0x0084, 0x0084, 0x0084, 0x0084, 0x0084, 0x0084, 0x0084, 0x0084,
    0x0084, 0x0084, 0x0084, 0x0084, 0x0084, 0x0084, 0x0084, 0x0084, 0x0084, 0x0084, 0x0084, 0x0084,
    0x0084, 0x0084, 0x0084, 0x0084, 0x0084, 0x0084, 0x0084, 0x0084, 0x0084, 0x0084, 0x0084, 0x0084,
    0x0084, 0x0084, 0x0084, 0x0084, 0x0084, 0x0084, 0x0084, 0x0084, 0x0084, 0x0084, 0x0084, 0x0084,
    0x0084, 0x0084, 0x0084, 0x0084, 0x0084, 0x00A4, 0x00A4, 0x0084, 0x0084, 0x0084, 0x0084, 0x0084,
    0x0084, 0x00A4, 0x00A5, 0x00A5, 0x00A5, 0x00A4, 0x00A4, 0x00A4, 0x0084, 0x0084, 0x0084, 0x0084,
    0x0084, 0x00A5, 0x0084, 0x00A4, 0x00A5, 0x00C5, 0x00C6, 0x00A6, 0x00C6, 0x00E7, 0x0108, 0x0129,
    0x0109, 0x0108, 0x0108, 0x00E7, 0x00E6, 0x00E7, 0x00E6, 0x08C6, 0x00C5, 0x00A4, 0x0084, 0x00A4,
    0x00A4, 0x00A4, 0x0084, 0x0084, 0x00A4, 0x00A4, 0x00A4, 0x00A4, 0x00A5, 0x00A5, 0x00A4, 0x00A4,
    0x00A5, 0x00A5, 0x00A5, 0x00A4, 0x00A4, 0x0064, 0x3A0C, 0x5AD1, 0x08C6, 0x00A4, 0x00A4, 0x00A4,
    0x00C5, 0x1968, 0x08E6, 0x00A4, 0x0906, 0x31CC, 0x6B52, 0x10E6, 0x1908, 0x5AD1, 0x526E, 0x4A4C,
    0x5A93, 0x31EE, 0x08E7, 0x320F, 0x3A30, 0x1929, 0x10C6, 0x08A5, 0x1949, 0x1107, 0x0083, 0x29CC,
    0x29CC, 0x00A4, 0x1949, 0x29CD, 0x324F, 0x3AB1, 0x4AF2, 0x21CD, 0x19CC, 0x3AB3, 0x21AC, 0x1108,
    0x21AE, 0x21AC, 0x218A, 0x1129, 0x08E8, 0x00A5, 0x3A2E, 0x52F3, 0x2149, 0x420D, 0x7B95, 0x18C7,
    0x10A5, 0x2127, 0x72F0, 0xAC36, 0x18A4, 0x4169, 0x8310, 0x3968, 0x18C5, 0x18C5, 0x08A4, 0x0884,
    0x0864, 0x2927, 0x6A4C, 0x7ACE, 0x8B0E, 0x8AEE, 0xABD1, 0xBC94, 0x18A5, 0x4189, 0xA34F, 0xDC32,
    0xE493, 0xE473, 0xF4D5, 0xECF6, 0xABF2, 0x51EA, 0x0001, 0x10A4, 0x10A5, 0x1064, 0x0884, 0x0884,
    0x0084, 0x0083, 0x0084, 0x0083, 0x1906, 0x520B, 0x7AED, 0xA3B0, 0x9BD0, 0x7B4F, 0x62CC, 0x2126,
    0x0083, 0x00A4, 0x00A3, 0x08E5, 0x4A8B, 0x31E9, 0x0084, 0x00A4, 0x0084, 0x00A4, 0x00A4, 0x0084,
    0x0002, 0x0064, 0x1127, 0x00A5, 0x00A4, 0x00A4, 0x00A4, 0x00A4, 0x00A5, 0x08C6, 0x00E7, 0x00E7,
    0x00C6, 0x00A5, 0x00A4, 0x00A4, 0x00A4, 0x00A4, 0x00A5, 0x0084, 0x0083, 0x0083, 0x0083, 0x0084,
    0x0084, 0x0084, 0x0084, 0x0084, 0x0084, 0x0084, 0x0084, 0x0084, 0x0084, 0x0084, 0x0084, 0x0084,
    0x0084, 0x0084, 0x0084, 0x0084, 0x0084, 0x0084, 0x0084, 0x0084, 0x0084, 0x0084, 0x0084, 0x0084,
    0x0084, 0x0084, 0x0084, 0x0084, 0x0084, 0x0084, 0x0084, 0x0084, 0x0084, 0x0084, 0x0084, 0x0084,
    0x0084, 0x0084, 0x0084, 0x0084, 0x0084, 0x0084, 0x0084, 0x0084, 0x0084, 0x0084, 0x0084, 0x0084,
    0x0084, 0x0084, 0x0084, 0x0084, 0x0084, 0x0084, 0x0084, 0x0084, 0x0084, 0x0084, 0x0084, 0x0084,
    0x0084, 0x0084, 0x0084, 0x0084, 0x0084, 0x0084, 0x0084, 0x0084, 0x0084, 0x0084, 0x0084, 0x0084,
    0x0084, 0x0084, 0x0084, 0x0084, 0x0084, 0x0084, 0x0084, 0x0084, 0x0084, 0x0084, 0x0084, 0x0084,
    0x0084, 0x0084, 0x0084, 0x0084, 0x0084, 0x0084, 0x0084, 0x0084, 0x0084, 0x0084, 0x0084, 0x0084,
    0x0084, 0x0084, 0x0084, 0x0084, 0x0084, 0x0084, 0x0084, 0x0084, 0x0084, 0x0084, 0x0084, 0x0084,
    0x0084, 0x0084, 0x0084, 0x0084, 0x0084, 0x0084, 0x0084, 0x0084, 0x0084, 0x0084, 0x0084, 0x0084,
    0x0084, 0x0084, 0x0084, 0x0084, 0x0084, 0x0084, 0x0084, 0x0084, 0x0084, 0x00A4, 0x00A5, 0x00A5,
    0x00A5, 0x00A4, 0x00A4, 0x00A5, 0x00C6, 0x00C7, 0x00C6, 0x00C6, 0x00A5, 0x00A4, 0x00A5, 0x00A5,
    0x00C6, 0x0129, 0x094A, 0x0129, 0x0128, 0x096A, 0x094A, 0x094A, 0x0129, 0x092A, 0x014A, 0x096A,
    0x096B, 0x096B, 0x0929, 0x0908, 0x00A5, 0x00A5, 0x00A5, 0x00A4, 0x00A5, 0x00A4, 0x00A4, 0x00A4,
    0x00A4, 0x00A4, 0x00A4, 0x00A5, 0x00A4, 0x00A5, 0x00A4, 0x00A4, 0x00A4, 0x00A4, 0x00A4, 0x00A4,
    0x00A4, 0x00A4, 0x2169, 0x31EB, 0x08A5, 0x00A5, 0x00A5, 0x00A4, 0x00A4, 0x0084, 0x00A4, 0x00A4,
    0x0064, 0x1908, 0x4A6E, 0x10E7, 0x1907, 0x4A4D, 0x3189, 0x1907, 0x4A72, 0x31ED, 0x08E6, 0x31EE,
    0x320F, 0x10C7, 0x08A5, 0x08A4, 0x10C6, 0x08C6, 0x08C5, 0x0885, 0x08A6, 0x08E6, 0x218A, 0x3A4E,
    0x29CB, 0x320E, 0x4290, 0x196B, 0x196B, 0x3A91, 0x198A, 0x08E6, 0x4290, 0x21AA, 0x0084, 0x1928,
    0x1948, 0x0085, 0x29CC, 0x426F, 0x08A5, 0x318A, 0x7B75, 0x2108, 0x1084, 0x0022, 0x5A2C, 0x9B94,
    0x20A6, 0x28E7, 0x416A, 0x2908, 0x18C6, 0x0884, 0x10A5, 0x08C6, 0x10E6, 0x10E6, 0x08A6, 0x08A5,
    0x0884, 0x0022, 0x39C9, 0x7370, 0x10A5, 0x20E6, 0x51A8, 0xCC12, 0xECB4, 0xDC53, 0xDC13, 0xB3B1,
    0x3905, 0x20A4, 0x10A4, 0x08A4, 0x0884, 0x0884, 0x08A4, 0x0884, 0x0084, 0x0084, 0x0084, 0x0084,
    0x0084, 0x0084, 0x0063, 0x0043, 0x0063, 0x0063, 0x0063, 0x0083, 0x00A4, 0x0084, 0x0084, 0x0084,
    0x00A4, 0x0084, 0x0084, 0x00A4, 0x0084, 0x0084, 0x00A4, 0x00A4, 0x08A5, 0x00A4, 0x0084, 0x0084,
    0x0084, 0x00A4, 0x00A4, 0x00A4, 0x08E7, 0x00E7, 0x0907, 0x00A5, 0x00A4, 0x00C5, 0x00C6, 0x00E6,
    0x00C6, 0x00A5, 0x00A5, 0x0084, 0x0084, 0x00A4, 0x0084, 0x0084, 0x0084, 0x0084, 0x0084, 0x0084,
    0x0084, 0x0084, 0x0084, 0x0084, 0x0084, 0x0084, 0x0084, 0x0084, 0x0084, 0x0084, 0x0084, 0x0084,
    0x0084, 0x0084, 0x0084, 0x0084, 0x0084, 0x0084, 0x0084, 0x0084, 0x0084, 0x0084, 0x0084, 0x0084,
    0x0084, 0x0084, 0x0084, 0x0084, 0x0084, 0x0084, 0x0084, 0x0084, 0x0084, 0x0084, 0x0084, 0x0084,
    0x0084, 0x0084, 0x0084, 0x0084, 0x0084, 0x0084, 0x0084, 0x0084, 0x0084, 0x0084, 0x0084, 0x0084,
    0x0084, 0x0084, 0x0084, 0x0084, 0x0084, 0x0084, 0x0084, 0x0084, 0x0084, 0x0084, 0x0084, 0x0084,
    0x0084, 0x0084, 0x0084, 0x0084, 0x0084, 0x0084, 0x0084, 0x0084, 0x0084, 0x0084, 0x0084, 0x0084,
    0x0084, 0x0084, 0x0084, 0x0084, 0x0084, 0x0084, 0x0084, 0x0084, 0x0084, 0x0084, 0x0084, 0x0084,
    0x0084, 0x0084, 0x0084, 0x0084, 0x0084, 0x0084, 0x0084, 0x0084, 0x0084, 0x0084, 0x0084, 0x0084,
    0x0084, 0x0084, 0x0084, 0x0084, 0x0084, 0x0084, 0x0084, 0x0084, 0x0084, 0x0084, 0x0084, 0x0084,
    0x0084, 0x0084, 0x0084, 0x0084, 0x0084, 0x0084, 0x0084, 0x0084, 0x0084, 0x0084, 0x0084, 0x0084,
    0x0084, 0x0084, 0x0084, 0x0084, 0x0084, 0x00A4, 0x00A5, 0x00A5, 0x00A5, 0x00A4, 0x00A4, 0x00A5,
    0x0949, 0x096B, 0x096B, 0x096B, 0x0929, 0x0085, 0x00A5, 0x00C6, 0x0928, 0x094A, 0x094B, 0x094B,
    0x094A, 0x0129, 0x00E8, 0x00C7, 0x00A7, 0x00C7, 0x0108, 0x094A, 0x096B, 0x096B, 0x094A, 0x0929,
    0x00C5, 0x00A5, 0x00A5, 0x00A4, 0x00A5, 0x00A5, 0x00A4, 0x00A4, 0x00A4, 0x00A4, 0x00A5, 0x00A5,
    0x00A4, 0x00A4, 0x00A4, 0x00A4, 0x00A4, 0x00A4, 0x00A4, 0x00A4, 0x00A4, 0x00A4, 0x00A5, 0x00A5,
    0x00A5, 0x00A5, 0x00A5, 0x00A4, 0x00A4, 0x00A4, 0x00A4, 0x00A4, 0x0085, 0x0886, 0x10C7, 0x08A6,
    0x08A6, 0x0845, 0x31CC, 0x5AF3, 0x5294, 0x29CD, 0x00C5, 0x29AC, 0x29CC, 0x08A5, 0x08A5, 0x08A4,
    0x0884, 0x08C5, 0x1127, 0x1127, 0x1928, 0x1129, 0x1128, 0x1127, 0x1127, 0x1107, 0x10E7, 0x1106,
    0x1107, 0x0907, 0x08E6, 0x08C5, 0x08A5, 0x08A5, 0x08C5, 0x0885, 0x0085, 0x00A5, 0x08E6, 0x10E7,
    0x0884, 0x31AA, 0x7374, 0x20E7, 0x1063, 0x0843, 0x41A9, 0x62AF, 0x2907, 0x2107, 0x3128, 0x10A5,
    0x0084, 0x08A4, 0x08C5, 0x08E7, 0x1107, 0x1106, 0x0906, 0x10E7, 0x10C7, 0x10C6, 0x0885, 0x0865,
    0x0043, 0x626C, 0xED98, 0xE4B4, 0xE453, 0xBBF1, 0x934F, 0x628C, 0x1883, 0x1083, 0x08A4, 0x0884,
    0x0884, 0x08A4, 0x08A4, 0x0884, 0x0084, 0x0084, 0x0084, 0x0084, 0x0084, 0x08A4, 0x0884, 0x08A5,
    0x08A5, 0x08A4, 0x0084, 0x00A4, 0x0084, 0x0084, 0x0084, 0x0084, 0x0083, 0x0084, 0x0084, 0x0084,
    0x0084, 0x0084, 0x00A4, 0x00A4, 0x00A4, 0x00A4, 0x00A4, 0x0084, 0x0084, 0x00A4, 0x00A4, 0x00C5,
    0x0928, 0x00E7, 0x00C6, 0x00A5, 0x00C6, 0x094A, 0x094A, 0x094B, 0x0949, 0x0907, 0x0085, 0x00A4,
    0x00A4, 0x00A4, 0x0084, 0x0084, 0x0084, 0x0084, 0x0084, 0x0084, 0x0084, 0x0084, 0x0084, 0x0084,
    0x0084, 0x0084, 0x0084, 0x0084, 0x0084, 0x0084, 0x0084, 0x0084, 0x0084, 0x0084, 0x0084, 0x0084,
    0x0084, 0x0084, 0x0084, 0x0084, 0x0084, 0x0084, 0x0084, 0x0084, 0x0084, 0x0084, 0x0084, 0x0084,
    0x0084, 0x0084, 0x0084, 0x0084, 0x0084, 0x0084, 0x0084, 0x0084, 0x0084, 0x0084, 0x0084, 0x0084,
    0x0084, 0x0084, 0x0084, 0x0084, 0x0084, 0x0084, 0x0084, 0x0084, 0x0084, 0x0084, 0x0084, 0x0084,
    0x0084, 0x0084, 0x0084, 0x0084, 0x0084, 0x0084, 0x0084, 0x0084, 0x0084, 0x0084, 0x0084, 0x0084,
    0x0084, 0x0084, 0x0084, 0x0084, 0x0084, 0x0084, 0x0084, 0x0084, 0x0084, 0x0084, 0x0084, 0x0084,
};

#endif
